Sample_ID,Sample_name,Locus,Set,Index,PrimerF,PrimerR,file1,file2
NOTHING,junk,Ac16S,A,34,CCTTTTGCATCATGATTTAGC,CAGGTGGCTGCTTTTAGGC,NOTHING_R1_001.fastq,NOTHING_R2_001.fastq
NGN0479,Ac16S.PadUp11.4.0321,Ac16S,A,35,CCTTTTGCATCATGATTTAGC,CAGGTGGCTGCTTTTAGGC,NGN0479_R1_001.fastq,NGN0479_R2_001.fastq
NGN0480,Ac16S.PadUp11.5.0321,Ac16S,A,36,CCTTTTGCATCATGATTTAGC,CAGGTGGCTGCTTTTAGGC,NGN0480_R1_001.fastq,NGN0480_R2_001.fastq
NGN0481,Ac16S.PadUp11.6.0321,Ac16S,A,37,CCTTTTGCATCATGATTTAGC,CAGGTGGCTGCTTTTAGGC,NGN0481_R1_001.fastq,NGN0481_R2_001.fastq
NGN0482,Ac16S.PadUp5.4.0321,Ac16S,A,38,CCTTTTGCATCATGATTTAGC,CAGGTGGCTGCTTTTAGGC,NGN0482_R1_001.fastq,NGN0482_R2_001.fastq
NGN0483,Ac16S.PadUp5.5.0321,Ac16S,A,39,CCTTTTGCATCATGATTTAGC,CAGGTGGCTGCTTTTAGGC,NGN0483_R1_001.fastq,NGN0483_R2_001.fastq
NGN0484,Ac16S.PadUp5.6.0321,Ac16S,A,40,CCTTTTGCATCATGATTTAGC,CAGGTGGCTGCTTTTAGGC,NGN0484_R1_001.fastq,NGN0484_R2_001.fastq
NGN0485,Ac16S.PadUp11.1.0421,Ac16S,A,41,CCTTTTGCATCATGATTTAGC,CAGGTGGCTGCTTTTAGGC,NGN0485_R1_001.fastq,NGN0485_R2_001.fastq
NGN0486,Ac16S.PadUp11.2.0421,Ac16S,A,42,CCTTTTGCATCATGATTTAGC,CAGGTGGCTGCTTTTAGGC,NGN0486_R1_001.fastq,NGN0486_R2_001.fastq
NGN0487,Ac16S.PadUp11.3.0421,Ac16S,A,43,CCTTTTGCATCATGATTTAGC,CAGGTGGCTGCTTTTAGGC,NGN0487_R1_001.fastq,NGN0487_R2_001.fastq
NGN0488,Ac16S.PadUp5.1.0421,Ac16S,A,44,CCTTTTGCATCATGATTTAGC,CAGGTGGCTGCTTTTAGGC,NGN0488_R1_001.fastq,NGN0488_R2_001.fastq
NGN0489,Ac16S.PadUp5.2.0421,Ac16S,A,45,CCTTTTGCATCATGATTTAGC,CAGGTGGCTGCTTTTAGGC,NGN0489_R1_001.fastq,NGN0489_R2_001.fastq
NGN0490,Ac16S.PadUp5.3.0421,Ac16S,A,46,CCTTTTGCATCATGATTTAGC,CAGGTGGCTGCTTTTAGGC,NGN0490_R1_001.fastq,NGN0490_R2_001.fastq
NGN0491,Ac16S.ChkDn.1.0321,Ac16S,A,47,CCTTTTGCATCATGATTTAGC,CAGGTGGCTGCTTTTAGGC,NGN0491_R1_001.fastq,NGN0491_R2_001.fastq
NGN0492,Ac16S.ChkDn.2.0321,Ac16S,A,48,CCTTTTGCATCATGATTTAGC,CAGGTGGCTGCTTTTAGGC,NGN0492_R1_001.fastq,NGN0492_R2_001.fastq
NGN0493,Ac16S.ChkDn.3.0321,Ac16S,A,49,CCTTTTGCATCATGATTTAGC,CAGGTGGCTGCTTTTAGGC,NGN0493_R1_001.fastq,NGN0493_R2_001.fastq
NGN0494,Ac16S.ChkUp.1.0321,Ac16S,A,50,CCTTTTGCATCATGATTTAGC,CAGGTGGCTGCTTTTAGGC,NGN0494_R1_001.fastq,NGN0494_R2_001.fastq
NGN0495,Ac16S.ChkUp.2.0321,Ac16S,A,51,CCTTTTGCATCATGATTTAGC,CAGGTGGCTGCTTTTAGGC,NGN0495_R1_001.fastq,NGN0495_R2_001.fastq
NGN0478,Ac16S.ChkUp.3.0321,Ac16S,A,none - undetermined,CCTTTTGCATCATGATTTAGC,CAGGTGGCTGCTTTTAGGC,NGN0478_R1_001.fastq,NGN0478_R2_001.fastq
,,,,,,,,
,,,,,,,,
,,,,,,,,
,,,,,,,,
,,,,,,,,
,,,,,,,,
,,,,,,,,
,,,,,,,,
,,,,,,,,
,,,,,,,,
,,,,,,,,
,,,,,,,,
,,,,,,,,
,,,,,,,,
,,,,,,,,
,,,,,,,,
,,,,,,,,
,,,,,,,,
,,,,,,,,