Sample_ID,Sample_name,Locus,Set,Index,PrimerF,PrimerR,file1,file2
34_S34_L001,Ac16S.PadUp11.4.0321,Ac16S,A,34,CCTTTTGCATCATGATTTAGC,CAGGTGGCTGCTTTTAGGC,34_S34_L001_R1_001.fastq,34_S34_L001_R2_001.fastq
35_S35_L001,Ac16S.PadUp11.5.0321,Ac16S,A,35,CCTTTTGCATCATGATTTAGC,CAGGTGGCTGCTTTTAGGC,35_S35_L001_R1_001.fastq,35_S35_L001_R2_001.fastq
36_S36_L001,Ac16S.PadUp11.6.0321,Ac16S,A,36,CCTTTTGCATCATGATTTAGC,CAGGTGGCTGCTTTTAGGC,36_S36_L001_R1_001.fastq,36_S36_L001_R2_001.fastq
37_S37_L001,Ac16S.PadUp5.4.0321,Ac16S,A,37,CCTTTTGCATCATGATTTAGC,CAGGTGGCTGCTTTTAGGC,37_S37_L001_R1_001.fastq,37_S37_L001_R2_001.fastq
38_S38_L001,Ac16S.PadUp5.5.0321,Ac16S,A,38,CCTTTTGCATCATGATTTAGC,CAGGTGGCTGCTTTTAGGC,38_S38_L001_R1_001.fastq,38_S38_L001_R2_001.fastq
39_S39_L001,Ac16S.PadUp5.6.0321,Ac16S,A,39,CCTTTTGCATCATGATTTAGC,CAGGTGGCTGCTTTTAGGC,39_S39_L001_R1_001.fastq,39_S39_L001_R2_001.fastq
40_S40_L001,Ac16S.PadUp11.1.0421,Ac16S,A,40,CCTTTTGCATCATGATTTAGC,CAGGTGGCTGCTTTTAGGC,40_S40_L001_R1_001.fastq,40_S40_L001_R2_001.fastq
41_S41_L001,Ac16S.PadUp11.2.0421,Ac16S,A,41,CCTTTTGCATCATGATTTAGC,CAGGTGGCTGCTTTTAGGC,41_S41_L001_R1_001.fastq,41_S41_L001_R2_001.fastq
42_S42_L001,Ac16S.PadUp11.3.0421,Ac16S,A,42,CCTTTTGCATCATGATTTAGC,CAGGTGGCTGCTTTTAGGC,42_S42_L001_R1_001.fastq,42_S42_L001_R2_001.fastq
43_S43_L001,Ac16S.PadUp5.1.0421,Ac16S,A,43,CCTTTTGCATCATGATTTAGC,CAGGTGGCTGCTTTTAGGC,43_S43_L001_R1_001.fastq,43_S43_L001_R2_001.fastq
44_S44_L001,Ac16S.PadUp5.2.0421,Ac16S,A,44,CCTTTTGCATCATGATTTAGC,CAGGTGGCTGCTTTTAGGC,44_S44_L001_R1_001.fastq,44_S44_L001_R2_001.fastq
45_S45_L001,Ac16S.PadUp5.3.0421,Ac16S,A,45,CCTTTTGCATCATGATTTAGC,CAGGTGGCTGCTTTTAGGC,45_S45_L001_R1_001.fastq,45_S45_L001_R2_001.fastq
46_S46_L001,Ac16S.ChkDn.1.0321,Ac16S,A,46,CCTTTTGCATCATGATTTAGC,CAGGTGGCTGCTTTTAGGC,46_S46_L001_R1_001.fastq,46_S46_L001_R2_001.fastq
47_S47_L001,Ac16S.ChkDn.2.0321,Ac16S,A,47,CCTTTTGCATCATGATTTAGC,CAGGTGGCTGCTTTTAGGC,47_S47_L001_R1_001.fastq,47_S47_L001_R2_001.fastq
48_S48_L001,Ac16S.ChkDn.3.0321,Ac16S,A,48,CCTTTTGCATCATGATTTAGC,CAGGTGGCTGCTTTTAGGC,48_S48_L001_R1_001.fastq,48_S48_L001_R2_001.fastq
49_S49_L001,Ac16S.ChkUp.1.0321,Ac16S,A,49,CCTTTTGCATCATGATTTAGC,CAGGTGGCTGCTTTTAGGC,49_S49_L001_R1_001.fastq,49_S49_L001_R2_001.fastq
50_S50_L001,Ac16S.ChkUp.2.0321,Ac16S,A,50,CCTTTTGCATCATGATTTAGC,CAGGTGGCTGCTTTTAGGC,50_S50_L001_R1_001.fastq,50_S50_L001_R2_001.fastq
51_S51_L001,Ac16S.ChkUp.3.0321,Ac16S,A,51,CCTTTTGCATCATGATTTAGC,CAGGTGGCTGCTTTTAGGC,51_S51_L001_R1_001.fastq,51_S51_L001_R2_001.fastq
,,,,,,,,
,,,,,,,,
,,,,,,,,
,,,,,,,,
,,,,,,,,
,,,,,,,,
,,,,,,,,
,,,,,,,,
,,,,,,,,
,,,,,,,,
,,,,,,,,
,,,,,,,,
,,,,,,,,
,,,,,,,,
,,,,,,,,
,,,,,,,,
,,,,,,,,
,,,,,,,,
,,,,,,,,