[Header],,,,,,,,,,,,
IEMFileVersion,5,,,,,,,,,,,
Investigator Name,Zack Gold,,,,,,,,,,,
Experiment Name,NGN7,,,,,,,,,,,
Date,3/11/22,,,,,,,,,,,
Workflow,GenerateFASTQ,,,,,,,,,,,
Application,FASTQ Only,,,,,,,,,,,
Assay,UDI,,,,,,,,,,,
Index Adapters,UDI 386 Samples,,,,,,,,,,,
Description,MS3178855-600V3,,,,,,,,,,,
Chemistry,Amplicon,,,,,,,,,,,
,,,,,,,,,,,,
[Reads],,,,,,,,,,,,
301,,,,,,,,,,,,
301,,,,,,,,,,,,
,,,,,,,,,,,,
[Settings],,,,,,,,,,,,
Adapter,CTGTCTCTTATACACATCT,,,,,,,,,,,
,,,,,,,,,,,,
[Data],,,,,,,,,,,,
Lane,Sample_ID,Sample_Name,Index_Plate,Index_Plate_Well,I7_Index_ID,index,I5_Index_ID,index2,Sample_Project,Locus,PrimerF,PrimerR
1,NGN0618,MiMammal.0621.1Prt.Dn.1,B,97,UDP0097,TGCCGGTCAG,UDP0097,CCTGATACAA,NGN_7,MiMammal,GGGTTGGTAAATTTCGTGCCAGC,CATAGTGGGGTATCTAATCCCAGTTTG
1,NGN0619,MiMammal.0621.1Prt.Dn.2,B,98,UDP0098,CACTCAATTC,UDP0098,TTAAGTTGTG,NGN_7,MiMammal,GGGTTGGTAAATTTCGTGCCAGC,CATAGTGGGGTATCTAATCCCAGTTTG
1,NGN0620,MiMammal.0621.1Prt.Up.2,B,99,UDP0099,TCTCACACGC,UDP0099,CGGACAGTGA,NGN_7,MiMammal,GGGTTGGTAAATTTCGTGCCAGC,CATAGTGGGGTATCTAATCCCAGTTTG
1,NGN0621,MiMammal.0621.2Brn.Dn.1,B,100,UDP0100,TCAATGGAGA,UDP0100,GCACTACAAC,NGN_7,MiMammal,GGGTTGGTAAATTTCGTGCCAGC,CATAGTGGGGTATCTAATCCCAGTTTG
1,NGN0622,MiMammal.0621.2Brn.Dn.2,B,101,UDP0101,ATATGCATGT,UDP0101,TGGTGCCTGG,NGN_7,MiMammal,GGGTTGGTAAATTTCGTGCCAGC,CATAGTGGGGTATCTAATCCCAGTTTG
1,NGN0623,MiMammal.0621.3Chk.Dn.3,B,102,UDP0102,ATGGCGCCTG,UDP0102,TCCACGGCCT,NGN_7,MiMammal,GGGTTGGTAAATTTCGTGCCAGC,CATAGTGGGGTATCTAATCCCAGTTTG
1,NGN0624,MiMammal.0621.3Chk.Up.1,B,103,UDP0103,TCCGTTATGT,UDP0103,TTGTAGTGTA,NGN_7,MiMammal,GGGTTGGTAAATTTCGTGCCAGC,CATAGTGGGGTATCTAATCCCAGTTTG
1,NGN0625,MiMammal.0621.4Pad.Dn.2,B,104,UDP0104,GGTCTATTAA,UDP0104,CCACGACACG,NGN_7,MiMammal,GGGTTGGTAAATTTCGTGCCAGC,CATAGTGGGGTATCTAATCCCAGTTTG
1,NGN0626,MiMammal.0621.4Pad.Up5.1,B,105,UDP0105,CAGCAATCGT,UDP0105,TGTGATGTAT,NGN_7,MiMammal,GGGTTGGTAAATTTCGTGCCAGC,CATAGTGGGGTATCTAATCCCAGTTTG
1,NGN0627,MiMammal.0621.5Sqm.Up.2,B,106,UDP0106,TTCTGTAGAA,UDP0106,GAGCGCAATA,NGN_7,MiMammal,GGGTTGGTAAATTTCGTGCCAGC,CATAGTGGGGTATCTAATCCCAGTTTG
1,NGN0628,MiMammal.0721.1Prt.Dn.1,B,107,UDP0107,GAACGCAATA,UDP0107,ATCTTACTGT,NGN_7,MiMammal,GGGTTGGTAAATTTCGTGCCAGC,CATAGTGGGGTATCTAATCCCAGTTTG
1,NGN0629,MiMammal.0721.1Prt.Up.1,B,108,UDP0108,AGTACTCATG,UDP0108,ATGTCGTGGT,NGN_7,MiMammal,GGGTTGGTAAATTTCGTGCCAGC,CATAGTGGGGTATCTAATCCCAGTTTG
1,NGN0630,MiMammal.0721.2Brn.Dn.1,B,109,UDP0109,GGTAGAATTA,UDP0109,GTAGCCATCA,NGN_7,MiMammal,GGGTTGGTAAATTTCGTGCCAGC,CATAGTGGGGTATCTAATCCCAGTTTG
1,NGN0631,MiMammal.0721.2Brn.Up.2,B,110,UDP0110,TAATTAGCGT,UDP0110,TGGTTAAGAA,NGN_7,MiMammal,GGGTTGGTAAATTTCGTGCCAGC,CATAGTGGGGTATCTAATCCCAGTTTG
1,NGN0632,MiMammal.0721.3Chk.Dn.1,B,111,UDP0111,ATTAACAAGG,UDP0111,TGTTGTTCGT,NGN_7,MiMammal,GGGTTGGTAAATTTCGTGCCAGC,CATAGTGGGGTATCTAATCCCAGTTTG
1,NGN0633,MiMammal.0721.4Pad.Dn.2,B,112,UDP0112,TGATGGCTAC,UDP0112,CCAACAACAT,NGN_7,MiMammal,GGGTTGGTAAATTTCGTGCCAGC,CATAGTGGGGTATCTAATCCCAGTTTG
1,NGN0634,MiMammal.0721.4Pad.Up5.1,B,113,UDP0113,GAATTACAAG,UDP0113,ACCGGCTCAG,NGN_7,MiMammal,GGGTTGGTAAATTTCGTGCCAGC,CATAGTGGGGTATCTAATCCCAGTTTG
1,NGN0635,MiMammal.0721.4Pad.Up5.3,B,114,UDP0114,TAGAATTGGA,UDP0114,GTTAATCTGA,NGN_7,MiMammal,GGGTTGGTAAATTTCGTGCCAGC,CATAGTGGGGTATCTAATCCCAGTTTG
1,NGN0636,MiMammal.0721.5Sqm.Dn.1,B,115,UDP0115,AGGCAGCTCT,UDP0115,CGGCTAACGT,NGN_7,MiMammal,GGGTTGGTAAATTTCGTGCCAGC,CATAGTGGGGTATCTAATCCCAGTTTG
1,NGN0637,MiMammal.0521.1Prt.Dn.2,B,116,UDP0116,ATCGGCGAAG,UDP0116,TCCAAGAATT,NGN_7,MiMammal,GGGTTGGTAAATTTCGTGCCAGC,CATAGTGGGGTATCTAATCCCAGTTTG
1,NGN0638,MiMammal.0521.1Prt.Dn.3,B,117,UDP0117,CCGTGACCGA,UDP0117,CCGAACGTTG,NGN_7,MiMammal,GGGTTGGTAAATTTCGTGCCAGC,CATAGTGGGGTATCTAATCCCAGTTTG
1,NGN0639,MiMammal.0521.1Prt.Up.2,B,118,UDP0118,ATACTTGTTC,UDP0118,TAACCGCCGA,NGN_7,MiMammal,GGGTTGGTAAATTTCGTGCCAGC,CATAGTGGGGTATCTAATCCCAGTTTG
1,NGN0640,MiMammal.0521.2Brn.Dn.1,B,119,UDP0119,TCCGCCAATT,UDP0119,CTCCGTGCTG,NGN_7,MiMammal,GGGTTGGTAAATTTCGTGCCAGC,CATAGTGGGGTATCTAATCCCAGTTTG
1,NGN0641,MiMammal.0521.2Brn.Up.1,B,120,UDP0120,AGGACAGGCC,UDP0120,CATTCCAGCT,NGN_7,MiMammal,GGGTTGGTAAATTTCGTGCCAGC,CATAGTGGGGTATCTAATCCCAGTTTG
1,NGN0642,MiMammal.0521.3Chk.Dn.2,B,121,UDP0121,AGAGAACCTA,UDP0121,GGTTATGCTA,NGN_7,MiMammal,GGGTTGGTAAATTTCGTGCCAGC,CATAGTGGGGTATCTAATCCCAGTTTG
1,NGN0643,MiMammal.0521.3Chk.Dn.3,B,122,UDP0122,GATATTGTGT,UDP0122,ACCACACGGT,NGN_7,MiMammal,GGGTTGGTAAATTTCGTGCCAGC,CATAGTGGGGTATCTAATCCCAGTTTG
1,NGN0644,MiMammal.0521.4Pad.Dn.1,B,123,UDP0123,CGTACAGGAA,UDP0123,TAGGTTCTCT,NGN_7,MiMammal,GGGTTGGTAAATTTCGTGCCAGC,CATAGTGGGGTATCTAATCCCAGTTTG
1,NGN0645,MiMammal.0521.4Pad.Dn.2,B,124,UDP0124,CTGCGTTACC,UDP0124,TATGGCTCGA,NGN_7,MiMammal,GGGTTGGTAAATTTCGTGCCAGC,CATAGTGGGGTATCTAATCCCAGTTTG
1,NGN0646,MiMammal.0521.4Pad.Up11.1,B,125,UDP0125,AGGCCGTGGA,UDP0125,CTCGTGCGTT,NGN_7,MiMammal,GGGTTGGTAAATTTCGTGCCAGC,CATAGTGGGGTATCTAATCCCAGTTTG
1,NGN0647,MiMammal.0521.4Pad.Up5.1,B,126,UDP0126,AGGAGGTATC,UDP0126,CCAGTTGGCA,NGN_7,MiMammal,GGGTTGGTAAATTTCGTGCCAGC,CATAGTGGGGTATCTAATCCCAGTTTG
1,NGN0648,MiMammal.0521.4Pad.Up5.3,B,127,UDP0127,GCTGACGTTG,UDP0127,TGTTCGCATT,NGN_7,MiMammal,GGGTTGGTAAATTTCGTGCCAGC,CATAGTGGGGTATCTAATCCCAGTTTG
1,NGN0649,MiMammal.0521.5Sqm.Dn.3,B,128,UDP0128,CTAATAACCG,UDP0128,AACCGCATCG,NGN_7,MiMammal,GGGTTGGTAAATTTCGTGCCAGC,CATAGTGGGGTATCTAATCCCAGTTTG
1,NGN0650,MiMammal.0521.5Sqm.Up.1,B,129,UDP0129,TCTAGGCGCG,UDP0129,CGAAGGTTAA,NGN_7,MiMammal,GGGTTGGTAAATTTCGTGCCAGC,CATAGTGGGGTATCTAATCCCAGTTTG
1,NGN0651,MiMammal.0521.4Pad.Dn.2.TR2,B,130,UDP0130,ATAGCCAAGA,UDP0130,AGTGCCACTG,NGN_7,MiMammal,GGGTTGGTAAATTTCGTGCCAGC,CATAGTGGGGTATCTAATCCCAGTTTG
1,NGN0652,MiMammal.0521.4Pad.Dn.2.TR3,B,131,UDP0131,TTCGGTGTGA,UDP0131,GAACAAGTAT,NGN_7,MiMammal,GGGTTGGTAAATTTCGTGCCAGC,CATAGTGGGGTATCTAATCCCAGTTTG
1,NGN0653,MiMammal.Kangaroo.Run.7,B,132,UDP0132,ATGTAACGTT,UDP0132,ACGATTGCTG,NGN_7,MiMammal,GGGTTGGTAAATTTCGTGCCAGC,CATAGTGGGGTATCTAATCCCAGTTTG
1,NGN0654,MiFish.0621.1Prt.Dn.3,B,133,UDP0133,AACGAGGCCG,UDP0133,ATACCTGGAT,NGN_7,MiFish,GCCGGTAAAACTCGTGCCAGC,CATAGTGGGGTATCTAATCCCAGTTTG
1,NGN0655,MiFish.0621.1Prt.Up.1,B,134,UDP0134,TGGTGTTATG,UDP0134,TCCAATTCTA,NGN_7,MiFish,GCCGGTAAAACTCGTGCCAGC,CATAGTGGGGTATCTAATCCCAGTTTG
1,NGN0656,MiFish.0621.1Prt.Up.3,B,135,UDP0135,TGGCCTCTGT,UDP0135,TGAGACAGCG,NGN_7,MiFish,GCCGGTAAAACTCGTGCCAGC,CATAGTGGGGTATCTAATCCCAGTTTG
1,NGN0657,MiFish.0621.2Brn.Dn.3,B,136,UDP0136,CCAGGCACCA,UDP0136,ACGCTAATTA,NGN_7,MiFish,GCCGGTAAAACTCGTGCCAGC,CATAGTGGGGTATCTAATCCCAGTTTG
1,NGN0658,MiFish.0621.2Brn.Up.2,B,137,UDP0137,CCGGTTCCTA,UDP0137,TATATTCGAG,NGN_7,MiFish,GCCGGTAAAACTCGTGCCAGC,CATAGTGGGGTATCTAATCCCAGTTTG
1,NGN0659,MiFish.0621.3Chk.Up.1,B,138,UDP0138,GGCCAATATT,UDP0138,CGGTCCGATA,NGN_7,MiFish,GCCGGTAAAACTCGTGCCAGC,CATAGTGGGGTATCTAATCCCAGTTTG
1,NGN0660,MiFish.0621.3Chk.Up.2,B,139,UDP0139,GAATACCTAT,UDP0139,ACAATAGAGT,NGN_7,MiFish,GCCGGTAAAACTCGTGCCAGC,CATAGTGGGGTATCTAATCCCAGTTTG
1,NGN0661,MiFish.0621.4Pad.Up11.1,B,140,UDP0140,TACGTGAAGG,UDP0140,CGGTTATTAG,NGN_7,MiFish,GCCGGTAAAACTCGTGCCAGC,CATAGTGGGGTATCTAATCCCAGTTTG
1,NGN0662,MiFish.0621.5Sqm.Dn.3,B,141,UDP0141,CTTATTGGCC,UDP0141,GATAACAAGT,NGN_7,MiFish,GCCGGTAAAACTCGTGCCAGC,CATAGTGGGGTATCTAATCCCAGTTTG
1,NGN0663,MiFish.0621.5Sqm.Up.3,B,142,UDP0142,ACAACTACTG,UDP0142,AGTTATCACA,NGN_7,MiFish,GCCGGTAAAACTCGTGCCAGC,CATAGTGGGGTATCTAATCCCAGTTTG
1,NGN0664,MiFish.0621.5Sqm.Up.3.TR2,B,143,UDP0143,GTTGGATGAA,UDP0143,TTCCAGGTAA,NGN_7,MiFish,GCCGGTAAAACTCGTGCCAGC,CATAGTGGGGTATCTAATCCCAGTTTG
1,NGN0665,MiFish.0621.5Sqm.Up.3.TR3,B,144,UDP0144,AATCCAATTG,UDP0144,CATGTAGAGG,NGN_7,MiFish,GCCGGTAAAACTCGTGCCAGC,CATAGTGGGGTATCTAATCCCAGTTTG
1,NGN0666,MiFish.0721.1Prt.Dn.2,B,145,UDP0145,TATGATGGCC,UDP0145,GATTGTCATA,NGN_7,MiFish,GCCGGTAAAACTCGTGCCAGC,CATAGTGGGGTATCTAATCCCAGTTTG
1,NGN0667,MiFish.0721.1Prt.Dn.3,B,146,UDP0146,CGCAGCAATT,UDP0146,ATTCCGCTAT,NGN_7,MiFish,GCCGGTAAAACTCGTGCCAGC,CATAGTGGGGTATCTAATCCCAGTTTG
1,NGN0668,MiFish.0721.1Prt.Up.1,B,147,UDP0147,ACGTTCCTTA,UDP0147,GACCGCTGTG,NGN_7,MiFish,GCCGGTAAAACTCGTGCCAGC,CATAGTGGGGTATCTAATCCCAGTTTG
1,NGN0669,MiFish.0721.2Brn.Dn.3,B,148,UDP0148,CCGCGTATAG,UDP0148,TAGGAACCGG,NGN_7,MiFish,GCCGGTAAAACTCGTGCCAGC,CATAGTGGGGTATCTAATCCCAGTTTG
1,NGN0670,MiFish.0721.2Brn.Up.1,B,149,UDP0149,GATTCTGAAT,UDP0149,AGCGGTGGAC,NGN_7,MiFish,GCCGGTAAAACTCGTGCCAGC,CATAGTGGGGTATCTAATCCCAGTTTG
1,NGN0671,MiFish.0721.2Brn.Up.2,B,150,UDP0150,TAGAGAATAC,UDP0150,TATAGATTCG,NGN_7,MiFish,GCCGGTAAAACTCGTGCCAGC,CATAGTGGGGTATCTAATCCCAGTTTG
1,NGN0672,MiFish.0721.4Pad.Dn.2,B,151,UDP0151,TTGTATCAGG,UDP0151,ACAGAGGCCA,NGN_7,MiFish,GCCGGTAAAACTCGTGCCAGC,CATAGTGGGGTATCTAATCCCAGTTTG
1,NGN0673,MiFish.0721.4Pad.Dn.3,B,152,UDP0152,CACAGCGGTC,UDP0152,ATTCCTATTG,NGN_7,MiFish,GCCGGTAAAACTCGTGCCAGC,CATAGTGGGGTATCTAATCCCAGTTTG
1,NGN0674,MiFish.0721.5Sqm.Dn.2,B,153,UDP0153,CCACGCTGAA,UDP0153,TATTCCTCAG,NGN_7,MiFish,GCCGGTAAAACTCGTGCCAGC,CATAGTGGGGTATCTAATCCCAGTTTG
1,NGN0675,MiFish.0521.1Prt.Up.2,B,154,UDP0154,GTTCGGAGTT,UDP0154,CGCCTTCTGA,NGN_7,MiFish,GCCGGTAAAACTCGTGCCAGC,CATAGTGGGGTATCTAATCCCAGTTTG
1,NGN0676,MiFish.0521.2Brn.Dn.1,B,155,UDP0155,ATAGCGGAAT,UDP0155,GCGCAGAGTA,NGN_7,MiFish,GCCGGTAAAACTCGTGCCAGC,CATAGTGGGGTATCTAATCCCAGTTTG
1,NGN0677,MiFish.0521.2Brn.Up.1,B,156,UDP0156,GCAATATTCA,UDP0156,GGCGCCAATT,NGN_7,MiFish,GCCGGTAAAACTCGTGCCAGC,CATAGTGGGGTATCTAATCCCAGTTTG
1,NGN0678,MiFish.0521.2Brn.Up.2,B,157,UDP0157,CTAGATTGCG,UDP0157,AGATATGGCG,NGN_7,MiFish,GCCGGTAAAACTCGTGCCAGC,CATAGTGGGGTATCTAATCCCAGTTTG
1,NGN0679,MiFish.0521.2Brn.Up.3,B,158,UDP0158,CGATGCGGTT,UDP0158,CCTGCTTGGT,NGN_7,MiFish,GCCGGTAAAACTCGTGCCAGC,CATAGTGGGGTATCTAATCCCAGTTTG
1,NGN0680,MiFish.0521.3Chk.Dn.2,B,159,UDP0159,TCCGGACTAG,UDP0159,GACGAACAAT,NGN_7,MiFish,GCCGGTAAAACTCGTGCCAGC,CATAGTGGGGTATCTAATCCCAGTTTG
1,NGN0681,MiFish.0521.3Chk.Dn.3,B,160,UDP0160,GTGACGGAGC,UDP0160,TGGCGGTCCA,NGN_7,MiFish,GCCGGTAAAACTCGTGCCAGC,CATAGTGGGGTATCTAATCCCAGTTTG
1,NGN0682,MiFish.0521.3Chk.Up.1,B,161,UDP0161,AATTCCATCT,UDP0161,CTTCAGTTAC,NGN_7,MiFish,GCCGGTAAAACTCGTGCCAGC,CATAGTGGGGTATCTAATCCCAGTTTG
1,NGN0683,MiFish.0521.4Pad.Dn.2,B,162,UDP0162,TTAACGGTGT,UDP0162,TCCTGACCGT,NGN_7,MiFish,GCCGGTAAAACTCGTGCCAGC,CATAGTGGGGTATCTAATCCCAGTTTG
1,NGN0684,MiFish.0521.4Pad.Dn.3,B,163,UDP0163,ACTTGTTATC,UDP0163,CGCGCCTAGA,NGN_7,MiFish,GCCGGTAAAACTCGTGCCAGC,CATAGTGGGGTATCTAATCCCAGTTTG
1,NGN0685,MiFish.0521.4Pad.Up11.2,B,164,UDP0164,CGTGTACCAG,UDP0164,AGGATAAGTT,NGN_7,MiFish,GCCGGTAAAACTCGTGCCAGC,CATAGTGGGGTATCTAATCCCAGTTTG
1,NGN0686,MiFish.0521.4Pad.Up5.2,B,165,UDP0165,TTAACCTTCG,UDP0165,AGGCCAGACA,NGN_7,MiFish,GCCGGTAAAACTCGTGCCAGC,CATAGTGGGGTATCTAATCCCAGTTTG
1,NGN0687,MiFish.0521.4Pad.Up5.3,B,166,UDP0166,CATATGCGAT,UDP0166,CCTTGAACGG,NGN_7,MiFish,GCCGGTAAAACTCGTGCCAGC,CATAGTGGGGTATCTAATCCCAGTTTG
1,NGN0688,MiFish.0521.5Sqm.Up.1,B,167,UDP0167,AGCCTATGAT,UDP0167,CACCACCTAC,NGN_7,MiFish,GCCGGTAAAACTCGTGCCAGC,CATAGTGGGGTATCTAATCCCAGTTTG
1,NGN0689,MiFish.0521.2Brn.Dn.1.TR2,B,168,UDP0168,TATGACAATC,UDP0168,TTGCTTGTAT,NGN_7,MiFish,GCCGGTAAAACTCGTGCCAGC,CATAGTGGGGTATCTAATCCCAGTTTG
1,NGN0690,MiFish.0521.2Brn.Dn.1.TR3,B,169,UDP0169,ATGTTGTTGG,UDP0169,CAATCTATGA,NGN_7,MiFish,GCCGGTAAAACTCGTGCCAGC,CATAGTGGGGTATCTAATCCCAGTTTG
1,NGN0691,MiFish.Kangaroo.Run.7,B,170,UDP0170,GCACCACCAA,UDP0170,TGGTACTGAT,NGN_7,MiFish,GCCGGTAAAACTCGTGCCAGC,CATAGTGGGGTATCTAATCCCAGTTTG
1,NGN0692,COI.0621.1Prt.Dn.1,B,171,UDP0171,AGGCGTTCGC,UDP0171,TTCATCCAAC,NGN_7,COI,GGWACWRGWTGRACWITITAYCCYCC,TAIACYTCIGGRTGICCRAARAAYCA
1,NGN0693,COI.0621.1Prt.Up.3,B,172,UDP0172,CCTCCGGTTG,UDP0172,CATAACACCA,NGN_7,COI,GGWACWRGWTGRACWITITAYCCYCC,TAIACYTCIGGRTGICCRAARAAYCA
1,NGN0694,COI.0621.2Brn.Dn.2,B,173,UDP0173,GTCCACCGCT,UDP0173,TCCTATTAGC,NGN_7,COI,GGWACWRGWTGRACWITITAYCCYCC,TAIACYTCIGGRTGICCRAARAAYCA
1,NGN0695,COI.0621.2Brn.Up.2,B,174,UDP0174,ATTGTTCGTC,UDP0174,TCTCTAGATT,NGN_7,COI,GGWACWRGWTGRACWITITAYCCYCC,TAIACYTCIGGRTGICCRAARAAYCA
1,NGN0696,COI.0621.2Brn.Up.3,B,175,UDP0175,GGACCAGTGG,UDP0175,CGCGAGCCTA,NGN_7,COI,GGWACWRGWTGRACWITITAYCCYCC,TAIACYTCIGGRTGICCRAARAAYCA
1,NGN0697,COI.0621.3Chk.Dn.1,B,176,UDP0176,CCTTCTAACA,UDP0176,GATAAGCTCT,NGN_7,COI,GGWACWRGWTGRACWITITAYCCYCC,TAIACYTCIGGRTGICCRAARAAYCA
1,NGN0698,COI.0621.4Pad.Dn.3,B,177,UDP0177,CTCGAATATA,UDP0177,GAGATGTCGA,NGN_7,COI,GGWACWRGWTGRACWITITAYCCYCC,TAIACYTCIGGRTGICCRAARAAYCA
1,NGN0699,COI.0621.5Sqm.Dn.2,B,178,UDP0178,GATCGTCGCG,UDP0178,CTGGATATGT,NGN_7,COI,GGWACWRGWTGRACWITITAYCCYCC,TAIACYTCIGGRTGICCRAARAAYCA
1,NGN0700,COI.0621.5Sqm.Up.2,B,179,UDP0179,TATCCGAGGC,UDP0179,GGCCAATAAG,NGN_7,COI,GGWACWRGWTGRACWITITAYCCYCC,TAIACYTCIGGRTGICCRAARAAYCA
1,NGN0701,COI.0721.1Prt.Dn.3,B,180,UDP0180,CGCTGTCTCA,UDP0180,ATTACTCACC,NGN_7,COI,GGWACWRGWTGRACWITITAYCCYCC,TAIACYTCIGGRTGICCRAARAAYCA
1,NGN0702,COI.0721.2Brn.Dn.1,B,181,UDP0181,AATGCGAACA,UDP0181,AATTGGCGGA,NGN_7,COI,GGWACWRGWTGRACWITITAYCCYCC,TAIACYTCIGGRTGICCRAARAAYCA
1,NGN0703,COI.0721.2Brn.Up.2,B,182,UDP0182,AATTCTTGGA,UDP0182,TTGTCAACTT,NGN_7,COI,GGWACWRGWTGRACWITITAYCCYCC,TAIACYTCIGGRTGICCRAARAAYCA
1,NGN0704,COI.0721.3Chk.Dn.1,B,183,UDP0183,TTCCTACAGC,UDP0183,GGCGAATTCT,NGN_7,COI,GGWACWRGWTGRACWITITAYCCYCC,TAIACYTCIGGRTGICCRAARAAYCA
1,NGN0705,COI.0721.4Pad.Up11.2,B,184,UDP0184,ATCCAGGTAT,UDP0184,CAACGTCAGC,NGN_7,COI,GGWACWRGWTGRACWITITAYCCYCC,TAIACYTCIGGRTGICCRAARAAYCA
1,NGN0706,COI.0721.4Pad.Up5.2,B,185,UDP0185,ACGGTCCAAC,UDP0185,TCTTACATCA,NGN_7,COI,GGWACWRGWTGRACWITITAYCCYCC,TAIACYTCIGGRTGICCRAARAAYCA
1,NGN0707,COI.0721.5Sqm.Dn.2,B,186,UDP0186,GTAACTTGGT,UDP0186,CGCCATACCT,NGN_7,COI,GGWACWRGWTGRACWITITAYCCYCC,TAIACYTCIGGRTGICCRAARAAYCA
1,NGN0708,COI.0721.5Sqm.Dn.3,B,187,UDP0187,AGCGCCACAC,UDP0187,CTAATGTCTT,NGN_7,COI,GGWACWRGWTGRACWITITAYCCYCC,TAIACYTCIGGRTGICCRAARAAYCA
1,NGN0709,COI.0721.5Sqm.Up.1,B,188,UDP0188,TGCTACTGCC,UDP0188,CAACCGGAGG,NGN_7,COI,GGWACWRGWTGRACWITITAYCCYCC,TAIACYTCIGGRTGICCRAARAAYCA
,NGN0710,COI.0521.1Prt.Dn.2,B,189,UDP0189,CAACACCGCA,UDP0189,GGCAGTAGCA,NGN_7,COI,GGWACWRGWTGRACWITITAYCCYCC,TAIACYTCIGGRTGICCRAARAAYCA
,NGN0711,COI.0521.1Prt.Dn.3,B,190,UDP0190,CACCTTAATC,UDP0190,TTAGGATAGA,NGN_7,COI,GGWACWRGWTGRACWITITAYCCYCC,TAIACYTCIGGRTGICCRAARAAYCA
,NGN0712,COI.0521.1Prt.Up.2,B,191,UDP0191,TTGAATGTTG,UDP0191,CGCAATCTAG,NGN_7,COI,GGWACWRGWTGRACWITITAYCCYCC,TAIACYTCIGGRTGICCRAARAAYCA
,NGN0713,COI.0521.2Brn.Dn.2,B,192,UDP0192,CCGGTAACAC,UDP0192,GAGTTGTACT,NGN_7,COI,GGWACWRGWTGRACWITITAYCCYCC,TAIACYTCIGGRTGICCRAARAAYCA
,NGN0714,COI.0521.2Brn.Up.2,A,1,UDP0001,GAACTGAGCG,UDP0001,TCGTGGAGCG,NGN_7,COI,GGWACWRGWTGRACWITITAYCCYCC,TAIACYTCIGGRTGICCRAARAAYCA
,NGN0715,COI.0521.3Chk.Dn.1,A,2,UDP0002,AGGTCAGATA,UDP0002,CTACAAGATA,NGN_7,COI,GGWACWRGWTGRACWITITAYCCYCC,TAIACYTCIGGRTGICCRAARAAYCA
,NGN0716,COI.0521.3Chk.Dn.2,A,3,UDP0003,CGTCTCATAT,UDP0003,TATAGTAGCT,NGN_7,COI,GGWACWRGWTGRACWITITAYCCYCC,TAIACYTCIGGRTGICCRAARAAYCA
,NGN0717,COI.0521.3Chk.Dn.3,A,4,UDP0004,ATTCCATAAG,UDP0004,TGCCTGGTGG,NGN_7,COI,GGWACWRGWTGRACWITITAYCCYCC,TAIACYTCIGGRTGICCRAARAAYCA
,NGN0718,COI.0521.4Pad.Dn.1,A,5,UDP0005,GACGAGATTA,UDP0005,ACATTATCCT,NGN_7,COI,GGWACWRGWTGRACWITITAYCCYCC,TAIACYTCIGGRTGICCRAARAAYCA
,NGN0719,COI.0521.4Pad.Dn.3,A,6,UDP0006,AACATCGCGC,UDP0006,GTCCACTTGT,NGN_7,COI,GGWACWRGWTGRACWITITAYCCYCC,TAIACYTCIGGRTGICCRAARAAYCA
,NGN0720,COI.0521.4Pad.Up11.3,A,7,UDP0007,CTAGTGCTCT,UDP0007,TGGAACAGTA,NGN_7,COI,GGWACWRGWTGRACWITITAYCCYCC,TAIACYTCIGGRTGICCRAARAAYCA
,NGN0721,COI.0521.4Pad.Up5.1,A,8,UDP0008,GATCAAGGCA,UDP0008,CCTTGTTAAT,NGN_7,COI,GGWACWRGWTGRACWITITAYCCYCC,TAIACYTCIGGRTGICCRAARAAYCA
,NGN0722,COI.0521.4Pad.Up5.2,A,9,UDP0009,GACTGAGTAG,UDP0009,GTTGATAGTG,NGN_7,COI,GGWACWRGWTGRACWITITAYCCYCC,TAIACYTCIGGRTGICCRAARAAYCA
,NGN0723,COI.0521.5Sqm.Up.2,A,10,UDP0010,AGTCAGACGA,UDP0010,ACCAGCGACA,NGN_7,COI,GGWACWRGWTGRACWITITAYCCYCC,TAIACYTCIGGRTGICCRAARAAYCA
,NGN0724,COI.0521.5Sqm.Up.3,A,11,UDP0011,CCGTATGTTC,UDP0011,CATACACTGT,NGN_7,COI,GGWACWRGWTGRACWITITAYCCYCC,TAIACYTCIGGRTGICCRAARAAYCA
,NGN0725,COI.Kangaroo.Run.7,A,14,UDP0014,GAAGCGGCAC,UDP0014,CGGCTCTACT,NGN_7,COI,GGWACWRGWTGRACWITITAYCCYCC,TAIACYTCIGGRTGICCRAARAAYCA
,NGN0726,Ac16S.PadUp11.4.0321,A,34,UDP0034,CAGCCGCGTA,UDP0034,ACTAGCCGTG,NGN_7,Ac16S,CCTTTTGCATCATGATTTAGC,CAGGTGGCTGCTTTTAGGC
,NGN0727,Ac16S.PadUp11.5.0321,A,35,UDP0035,GGTAACTCGC,UDP0035,AAGTTGGTGA,NGN_7,Ac16S,CCTTTTGCATCATGATTTAGC,CAGGTGGCTGCTTTTAGGC
,NGN0728,Ac16S.PadUp11.6.0321,A,36,UDP0036,ACCGGCCGTA,UDP0036,TGGCAATATT,NGN_7,Ac16S,CCTTTTGCATCATGATTTAGC,CAGGTGGCTGCTTTTAGGC
,NGN0729,Ac16S.PadUp5.4.0321,A,37,UDP0037,TGTAATCGAC,UDP0037,GATCACCGCG,NGN_7,Ac16S,CCTTTTGCATCATGATTTAGC,CAGGTGGCTGCTTTTAGGC
,NGN0730,Ac16S.PadUp5.5.0321,A,38,UDP0038,GTGCAGACAG,UDP0038,TACCATCCGT,NGN_7,Ac16S,CCTTTTGCATCATGATTTAGC,CAGGTGGCTGCTTTTAGGC
,NGN0731,Ac16S.PadUp5.6.0321,A,39,UDP0039,CAATCGGCTG,UDP0039,GCTGTAGGAA,NGN_7,Ac16S,CCTTTTGCATCATGATTTAGC,CAGGTGGCTGCTTTTAGGC
,NGN0732,Ac16S.PadUp11.1.0421,A,40,UDP0040,TATGTAGTCA,UDP0040,CGCACTAATG,NGN_7,Ac16S,CCTTTTGCATCATGATTTAGC,CAGGTGGCTGCTTTTAGGC
,NGN0733,Ac16S.PadUp11.2.0421,A,41,UDP0041,ACTCGGCAAT,UDP0041,GACAACTGAA,NGN_7,Ac16S,CCTTTTGCATCATGATTTAGC,CAGGTGGCTGCTTTTAGGC
,NGN0734,Ac16S.PadUp11.3.0421,A,42,UDP0042,GTCTAATGGC,UDP0042,AGTGGTCAGG,NGN_7,Ac16S,CCTTTTGCATCATGATTTAGC,CAGGTGGCTGCTTTTAGGC
,NGN0735,Ac16S.PadUp5.1.0421,A,43,UDP0043,CCATCTCGCC,UDP0043,TTCTATGGTT,NGN_7,Ac16S,CCTTTTGCATCATGATTTAGC,CAGGTGGCTGCTTTTAGGC
,NGN0736,Ac16S.PadUp5.2.0421,A,44,UDP0044,CTGCGAGCCA,UDP0044,AATCCGGCCA,NGN_7,Ac16S,CCTTTTGCATCATGATTTAGC,CAGGTGGCTGCTTTTAGGC
,NGN0737,Ac16S.PadUp5.3.0421,A,45,UDP0045,CGTTATTCTA,UDP0045,CCATAAGGTT,NGN_7,Ac16S,CCTTTTGCATCATGATTTAGC,CAGGTGGCTGCTTTTAGGC
,NGN0738,Ac16S.ChkDn1.0321,A,46,UDP0046,AGATCCATTA,UDP0046,ATCTCTACCA,NGN_7,Ac16S,CCTTTTGCATCATGATTTAGC,CAGGTGGCTGCTTTTAGGC
,NGN0739,Ac16S.ChkDn2.0321,A,47,UDP0047,GTCCTGGATA,UDP0047,CGGTGGCGAA,NGN_7,Ac16S,CCTTTTGCATCATGATTTAGC,CAGGTGGCTGCTTTTAGGC
,NGN0740,Ac16S.ChkDn3.0321,A,48,UDP0048,CAGTGGCACT,UDP0048,TAACAATAGG,NGN_7,Ac16S,CCTTTTGCATCATGATTTAGC,CAGGTGGCTGCTTTTAGGC
,NGN0741,Ac16S.ChkUp1.0321,A,49,UDP0049,AGTGTTGCAC,UDP0049,CTGGTACACG,NGN_7,Ac16S,CCTTTTGCATCATGATTTAGC,CAGGTGGCTGCTTTTAGGC
,NGN0742,Ac16S.ChkUp2.0321,A,50,UDP0050,GACACCATGT,UDP0050,TCAACGTGTA,NGN_7,Ac16S,CCTTTTGCATCATGATTTAGC,CAGGTGGCTGCTTTTAGGC
,NGN0743,Ac16S.ChkUp3.0321,A,51,UDP0051,CCTGTCTGTC,UDP0051,ACTGTTGTGA,NGN_7,Ac16S,CCTTTTGCATCATGATTTAGC,CAGGTGGCTGCTTTTAGGC