"","representative","rank","kingdom","phylum","class","order","family","genus","species","taxon","taxID","score"
"1","11c3f4bcb9b4d7691a3e0bc2b049d997df820fe2","genus",NA,"Bacteroidetes","Flavobacteriia","Flavobacteriales","Flavobacteriaceae","Flavobacterium",NA,"Flavobacterium","consensus","consensus"
"2","65589f39e49e2e129961410a29cda53698e16727","genus",NA,"Bacteroidetes","Flavobacteriia","Flavobacteriales","Flavobacteriaceae","Flavobacterium",NA,"Flavobacterium","consensus","consensus"
"3","9f57ddce2c21d5f403819bc153dfc06a73494619","species",NA,"Bacteroidetes","Flavobacteriia","Flavobacteriales","Flavobacteriaceae","Flavobacterium","Flavobacterium johnsoniae","Flavobacterium johnsoniae","consensus","consensus"
"4","c5a27dd14c978fce98b87905c1317619b1fb236a","family","Metazoa","Arthropoda","Arachnida","Trombidiformes","Eupodidae",NA,NA,"Eupodidae","consensus","consensus"
"5","f7b69b3f08f6a5df5924c14f33c531aa65180e3d","genus",NA,"Bacteroidetes","Flavobacteriia","Flavobacteriales","Flavobacteriaceae","Flavobacterium",NA,"Flavobacterium","consensus","consensus"
"6","b2c891f5cd5242a3b16fb8f594d70f985315e2bd","species",NA,"Bacteroidetes","Flavobacteriia","Flavobacteriales","Flavobacteriaceae","Flavobacterium","Flavobacterium psychrophilum","Flavobacterium psychrophilum","consensus","consensus"
"7","26db48d5084cf8b63c8e70fc0509543c94139897","class","Metazoa","Rotifera","Eurotatoria",NA,NA,NA,NA,"Eurotatoria","consensus","consensus"
"8","7152a98193afd5fc54c3999c0c7ee0a93b4aa52f","family",NA,"Bacteroidetes","Flavobacteriia","Flavobacteriales","Flavobacteriaceae",NA,NA,"Flavobacteriaceae","consensus","consensus"
"9","f1781a62c770905e2eddcafd8c5769e8139802e5","genus",NA,"Bacteroidetes","Flavobacteriia","Flavobacteriales","Flavobacteriaceae","Flavobacterium",NA,"Flavobacterium","consensus","consensus"
"10","10298f5ad8f4f4815c5f9d7f127d17bb53718b7d","genus",NA,"Bacteroidetes","Flavobacteriia","Flavobacteriales","Flavobacteriaceae","Flavobacterium",NA,"Flavobacterium","consensus","consensus"
"11","a1f4bf82e3f3f3b5fbc268a7c7a8b43fe8d67387","family",NA,"Bacteroidetes","Flavobacteriia","Flavobacteriales","Flavobacteriaceae",NA,NA,"Flavobacteriaceae","consensus","consensus"
"12","733cba50f4622d58706c00974b7927e4e6fb8a85","genus",NA,"Bacteroidetes","Flavobacteriia","Flavobacteriales","Flavobacteriaceae","Flavobacterium",NA,"Flavobacterium","consensus","consensus"
"13","df8248b5ae7cff7855b801ebb12f0ebcf4efa707","genus",NA,"Bacteroidetes","Flavobacteriia","Flavobacteriales","Flavobacteriaceae","Flavobacterium",NA,"Flavobacterium","consensus","consensus"
"14","0f36cc3745174725b84ed93e985a15fdec852841","genus",NA,"Bacteroidetes","Flavobacteriia","Flavobacteriales","Flavobacteriaceae","Flavobacterium",NA,"Flavobacterium","consensus","consensus"
"15","cebc3b8f7cfde6b3c68b54629d41bed9a26007ad","genus",NA,"Bacteroidetes","Flavobacteriia","Flavobacteriales","Flavobacteriaceae","Flavobacterium",NA,"Flavobacterium","consensus","consensus"
"16","74bf92731e7bda007a355faf452521185491f791","family",NA,"Bacteroidetes","Flavobacteriia","Flavobacteriales","Flavobacteriaceae",NA,NA,"Flavobacteriaceae","consensus","consensus"
"17","0b112595baff65320633f43cba115fd61c9d8d26","genus",NA,"Bacteroidetes","Flavobacteriia","Flavobacteriales","Flavobacteriaceae","Flavobacterium",NA,"Flavobacterium","consensus","consensus"
"18","d10f6679e1a0debfac4574ab85268c762ff651e3","genus",NA,"Bacteroidetes","Flavobacteriia","Flavobacteriales","Flavobacteriaceae","Flavobacterium",NA,"Flavobacterium","consensus","consensus"
"19","1786ddbc45d8dec9d47f77fe3251e3eeea9b3fa6","genus",NA,"Bacteroidetes","Flavobacteriia","Flavobacteriales","Flavobacteriaceae","Flavobacterium",NA,"Flavobacterium","consensus","consensus"
"20","17646f8aa939820c67e7eed2fa21e76fbc957731","genus",NA,"Bacteroidetes","Flavobacteriia","Flavobacteriales","Flavobacteriaceae","Flavobacterium",NA,"Flavobacterium","consensus","consensus"
"21","fe70470df1a6a8241a7f93cc0b2b40da5f8c475c","species",NA,"Bacteroidetes","Flavobacteriia","Flavobacteriales","Flavobacteriaceae","Flavobacterium","Flavobacterium psychrophilum","Flavobacterium psychrophilum","consensus","consensus"
"22","83dcaed5e7e4dd16bb73caf68a7c7e436769c40b","genus",NA,"Bacteroidetes","Flavobacteriia","Flavobacteriales","Flavobacteriaceae","Flavobacterium",NA,"Flavobacterium","consensus","consensus"
"23","8d99b6fdd471a132cd7c919749d467b1fdf03256","species",NA,"Discosea","Flabellinia",NA,"Vannellidae","Vannella","Vannella sp.","Vannella sp.","consensus","consensus"
"24","f5d46d92a3bb139f872bbcf8891c85cc12e948e3","genus",NA,"Bacteroidetes","Flavobacteriia","Flavobacteriales","Flavobacteriaceae","Flavobacterium",NA,"Flavobacterium","consensus","consensus"
"25","ab276e69e42b8e9899b7492b6726336c4a5f01ea","genus",NA,"Bacteroidetes","Flavobacteriia","Flavobacteriales","Flavobacteriaceae","Flavobacterium",NA,"Flavobacterium","consensus","consensus"
"26","4217ca9ea3087ca3f9a9f06ba5ad3b521829e821","genus",NA,"Bacteroidetes","Flavobacteriia","Flavobacteriales","Flavobacteriaceae","Flavobacterium",NA,"Flavobacterium","consensus","consensus"
"27","9e79039abfd6dedb49a11fed1647fa7693a90206","genus",NA,"Bacteroidetes","Flavobacteriia","Flavobacteriales","Flavobacteriaceae","Flavobacterium",NA,"Flavobacterium","consensus","consensus"
"28","5a8d55eed094ef3193d5d66bff6c279d1a1aa974","family",NA,"Bacteroidetes","Flavobacteriia","Flavobacteriales","Flavobacteriaceae",NA,NA,"Flavobacteriaceae","consensus","consensus"
"29","d3368930ad7d79a02fccf3e890a7fe236c873e3b","genus",NA,"Bacteroidetes","Flavobacteriia","Flavobacteriales","Flavobacteriaceae","Flavobacterium",NA,"Flavobacterium","consensus","consensus"
"30","66e6cee3c3438d6cf7b4cb47e7be92b3b9e57c79","genus",NA,"Bacteroidetes","Flavobacteriia","Flavobacteriales","Flavobacteriaceae","Flavobacterium",NA,"Flavobacterium","consensus","consensus"
"31","803d21f972c7f5320c78b6db35007af2143c353f","genus","Metazoa","Gastrotricha",NA,"Chaetonotida","Chaetonotidae","Chaetonotus",NA,"Chaetonotus","consensus","consensus"
"32","ab194600f384f62c90da5eebfc63cc8397c088a5","genus",NA,"Bacteroidetes","Flavobacteriia","Flavobacteriales","Flavobacteriaceae","Flavobacterium",NA,"Flavobacterium","consensus","consensus"
"33","43be328d1aab9c9af986c2f37fc6aa0bf17a9962","genus",NA,"Bacteroidetes","Flavobacteriia","Flavobacteriales","Flavobacteriaceae","Flavobacterium",NA,"Flavobacterium","consensus","consensus"
"34","b6f3e5e39975acb9c8e800dd72707911536b71f7","genus",NA,"Bacteroidetes","Flavobacteriia","Flavobacteriales","Flavobacteriaceae","Flavobacterium",NA,"Flavobacterium","consensus","consensus"
"35","a5ee41dc1208fced66f3cb851507238e34422452","genus",NA,"Bacteroidetes","Flavobacteriia","Flavobacteriales","Flavobacteriaceae","Flavobacterium",NA,"Flavobacterium","consensus","consensus"
"36","029e7f2a4f4cd4c3d1b788fa21c64ef9dbf3cead","genus",NA,"Bacteroidetes","Flavobacteriia","Flavobacteriales","Flavobacteriaceae","Flavobacterium",NA,"Flavobacterium","consensus","consensus"
"37","2d0b17849f4f72bf8a30592de185e87565ffa677","genus",NA,"Bacteroidetes","Flavobacteriia","Flavobacteriales","Flavobacteriaceae","Flavobacterium",NA,"Flavobacterium","consensus","consensus"
"38","4b8e4647b77d669beecdac1b51ae161e680bb7e3","genus",NA,"Bacteroidetes","Flavobacteriia","Flavobacteriales","Flavobacteriaceae","Flavobacterium",NA,"Flavobacterium","consensus","consensus"
"39","4db36c0f8b9b65a5497b2936509bc3d050816e85","genus",NA,"Bacteroidetes","Flavobacteriia","Flavobacteriales","Flavobacteriaceae","Flavobacterium",NA,"Flavobacterium","consensus","consensus"
"40","590187187e128f9f254f42c00725d69ba9977b40","family","Metazoa","Arthropoda","Insecta","Diptera","Chironomidae",NA,NA,"Chironomidae","consensus","consensus"
"41","eeeb4007c52ad2280ff73af3b382c069ed35cf35","genus",NA,"Bacteroidetes","Flavobacteriia","Flavobacteriales","Flavobacteriaceae","Flavobacterium",NA,"Flavobacterium","consensus","consensus"
"42","e4ecd5a0ccb5a51f04044ed8912fb076965166ac","species",NA,"Bacteroidetes","Flavobacteriia","Flavobacteriales","Flavobacteriaceae","Flavobacterium","Flavobacterium psychrophilum","Flavobacterium psychrophilum","consensus","consensus"
"43","7e60f82df88ec3ba625f41b4aeea50b66367f552","order",NA,"Tubulinea","Elardia","Arcellinida",NA,NA,NA,"Arcellinida","consensus","consensus"
"44","bd9be70d41db7dcd3ecc6e50d5cfaa5feda54d8a","class",NA,NA,"Dinophyceae",NA,NA,NA,NA,"Dinophyceae","consensus","consensus"
"45","a737b9eb145d16f4bfc82d06199810bea8b4eef3","genus",NA,"Bacteroidetes","Flavobacteriia","Flavobacteriales","Flavobacteriaceae","Flavobacterium",NA,"Flavobacterium","consensus","consensus"
"46","11aeccc5157b15d4084501fa551676ba664a61ee","genus",NA,"Bacteroidetes","Flavobacteriia","Flavobacteriales","Flavobacteriaceae","Flavobacterium",NA,"Flavobacterium","consensus","consensus"
"47","bfa2e5d74cfa2ba2f3387ebb27b15ad2b589d2e7","genus",NA,"Bacteroidetes","Flavobacteriia","Flavobacteriales","Flavobacteriaceae","Flavobacterium",NA,"Flavobacterium","consensus","consensus"
"48","340f35c6835dc0189528ebe382d35a6ac295b85f","genus",NA,"Bacteroidetes","Flavobacteriia","Flavobacteriales","Flavobacteriaceae","Flavobacterium",NA,"Flavobacterium","consensus","consensus"
"49","60375a1aabf11d2ca5bc0af6345d3283c08f7f78","species","Metazoa","Arthropoda","Insecta","Plecoptera","Nemouridae","Zapada","Zapada cinctipes","Zapada cinctipes","consensus","consensus"
"50","89443d7cd8026b2cb042891e80645551dd62b427","genus",NA,"Bacteroidetes","Flavobacteriia","Flavobacteriales","Flavobacteriaceae","Flavobacterium",NA,"Flavobacterium","consensus","consensus"
"51","1baebf8af08cc0d16e56691c8e5a44850a07511a","genus",NA,"Bacteroidetes","Flavobacteriia","Flavobacteriales","Flavobacteriaceae","Flavobacterium",NA,"Flavobacterium","consensus","consensus"
"52","23344166183c056ad2cbe8f7fc5cd004e66d031c","family","Metazoa","Arthropoda","Insecta","Diptera","Chironomidae",NA,NA,"Chironomidae","consensus","consensus"
"53","295b7c6aedb760939e35e9faf85ab3131d229c5a","family",NA,"Bacteroidetes","Flavobacteriia","Flavobacteriales","Flavobacteriaceae",NA,NA,"Flavobacteriaceae","consensus","consensus"
"54","f6a00daea482a8cd502ec523af160cc24aac914e","genus",NA,"Bacteroidetes","Flavobacteriia","Flavobacteriales","Flavobacteriaceae","Flavobacterium",NA,"Flavobacterium","consensus","consensus"
"55","77333aa57b3c5e9bfb5532e70ce816987e9bc826","species",NA,"Bacteroidetes","Flavobacteriia","Flavobacteriales","Flavobacteriaceae","Flavobacterium","Flavobacterium psychrophilum","Flavobacterium psychrophilum","consensus","consensus"
"56","4b00691887cae981e19ca1d50915fd3a2afa2b69","genus",NA,"Bacteroidetes","Flavobacteriia","Flavobacteriales","Flavobacteriaceae","Flavobacterium",NA,"Flavobacterium","consensus","consensus"
"57","5f116229c4b965b41332c11ac43c6b6e9633522f","genus",NA,"Bacteroidetes","Flavobacteriia","Flavobacteriales","Flavobacteriaceae","Flavobacterium",NA,"Flavobacterium","consensus","consensus"
"58","6ecf268abd378d2a096e9be8a5ff98b8828d8b21","genus",NA,"Bacteroidetes","Flavobacteriia","Flavobacteriales","Flavobacteriaceae","Flavobacterium",NA,"Flavobacterium","consensus","consensus"
"59","35e7e13de35398c46c65d49002b5e65f466d5740","class",NA,NA,"Dinophyceae",NA,NA,NA,NA,"Dinophyceae","consensus","consensus"
"60","553415745cad87fd0ced141bf9e062808335e830","genus",NA,"Bacteroidetes","Flavobacteriia","Flavobacteriales","Flavobacteriaceae","Flavobacterium",NA,"Flavobacterium","consensus","consensus"
"61","9bc36eff3bca13cae4aa231f9be2c9ec3524646b","species",NA,"Bacteroidetes","Flavobacteriia","Flavobacteriales","Flavobacteriaceae","Flavobacterium","Flavobacterium psychrophilum","Flavobacterium psychrophilum","consensus","consensus"
"62","a77668f15ba5d7de6082291b6c95b7506b8b928a","genus",NA,"Bacteroidetes","Flavobacteriia","Flavobacteriales","Flavobacteriaceae","Flavobacterium",NA,"Flavobacterium","consensus","consensus"
"63","21a8ec88181412742f9cdfa3184189c2fdf16c36","genus",NA,"Bacteroidetes","Flavobacteriia","Flavobacteriales","Flavobacteriaceae","Flavobacterium",NA,"Flavobacterium","consensus","consensus"
"64","447b077aef99f4d240c55450c2689054ff519f5b","genus",NA,"Bacteroidetes","Flavobacteriia","Flavobacteriales","Flavobacteriaceae","Flavobacterium",NA,"Flavobacterium","consensus","consensus"
"65","19be2808f39c068bc7dd9de1301753ab81bbb631","family",NA,"Bacteroidetes","Sphingobacteriia","Sphingobacteriales","Sphingobacteriaceae",NA,NA,"Sphingobacteriaceae","consensus","consensus"
"66","e13a0a585f8db6be797a832c3baa8a7cc417fdee","genus",NA,"Bacteroidetes","Flavobacteriia","Flavobacteriales","Flavobacteriaceae","Flavobacterium",NA,"Flavobacterium","consensus","consensus"
"67","d6da5cbda10e0698eb7d602b8ab33816b41a0c8d","genus",NA,"Bacteroidetes","Flavobacteriia","Flavobacteriales","Flavobacteriaceae","Flavobacterium",NA,"Flavobacterium","consensus","consensus"
"68","a996815822aaf1628ae351c83af97bc65c0a6bb3","class",NA,"Evosea","Eumycetozoa",NA,NA,NA,NA,"Eumycetozoa","consensus","consensus"
"69","5652da6492c2189d7ee986a0f8b0ce80bbc9993d","genus",NA,"Bacteroidetes","Flavobacteriia","Flavobacteriales","Flavobacteriaceae","Flavobacterium",NA,"Flavobacterium","consensus","consensus"
"70","cf834bb800cd020085c6fa4f0bdf5c8887577b29","genus",NA,"Bacteroidetes","Flavobacteriia","Flavobacteriales","Flavobacteriaceae","Flavobacterium",NA,"Flavobacterium","consensus","consensus"
"71","ea2c143cff2ea69ddc79e213a4a92dd5ee072091","genus",NA,"Bacteroidetes","Flavobacteriia","Flavobacteriales","Flavobacteriaceae","Flavobacterium",NA,"Flavobacterium","consensus","consensus"
"72","ba889a42cad63841c230abe21908bb810a27563d","genus",NA,"Bacteroidetes","Flavobacteriia","Flavobacteriales","Flavobacteriaceae","Flavobacterium",NA,"Flavobacterium","consensus","consensus"
"73","012985a3b748ed7cba1dc9a70efa108358e12f79","genus",NA,"Bacteroidetes","Flavobacteriia","Flavobacteriales","Flavobacteriaceae","Flavobacterium",NA,"Flavobacterium","consensus","consensus"
"74","ab702e53691c049087cab1a866c067d173e914cb","genus",NA,"Bacteroidetes","Flavobacteriia","Flavobacteriales","Flavobacteriaceae","Flavobacterium",NA,"Flavobacterium","consensus","consensus"
"75","0d36e40b5e84a48bb8510087e5c6aa9f04b6f295","species",NA,"Discosea","Flabellinia",NA,"Vannellidae","Vannella","Vannella sp.","Vannella sp.","consensus","consensus"
"76","660c591845645999facbeb29abc83bee854d6a82","genus",NA,"Bacteroidetes","Flavobacteriia","Flavobacteriales","Flavobacteriaceae","Flavobacterium",NA,"Flavobacterium","consensus","consensus"
"77","04cf1711be3151ef6b7b947862616da5a3d8638c","genus",NA,"Bacteroidetes","Flavobacteriia","Flavobacteriales","Flavobacteriaceae","Flavobacterium",NA,"Flavobacterium","consensus","consensus"
"78","e9428559981123c7d28170be6fc822e18c814fc0","genus",NA,"Bacteroidetes","Flavobacteriia","Flavobacteriales","Flavobacteriaceae","Flavobacterium",NA,"Flavobacterium","consensus","consensus"
"79","c44619a98eb8e11f89e67e980274b5d0219745fd","genus",NA,"Bacillariophyta","Bacillariophyceae","Naviculales","Pinnulariaceae","Pinnularia",NA,"Pinnularia","consensus","consensus"
"80","024d8db3ffdfc785354126e6465bff0b7e3285d2","class",NA,"Evosea","Eumycetozoa",NA,NA,NA,NA,"Eumycetozoa","consensus","consensus"
"81","16c6f6b034ae0224180d89a313364c831f58a454","genus",NA,"Bacteroidetes","Flavobacteriia","Flavobacteriales","Flavobacteriaceae","Flavobacterium",NA,"Flavobacterium","consensus","consensus"
"82","c5673491369e16293ddb86860078b5eb77358907","genus",NA,"Bacteroidetes","Sphingobacteriia","Sphingobacteriales","Sphingobacteriaceae","Pedobacter",NA,"Pedobacter","consensus","consensus"
"83","750acf3261192152a8c0f4145f5776a55861c8fe","species","Fungi",NA,NA,NA,NA,NA,"uncultured fungus","uncultured fungus","consensus","consensus"
"84","47b8b7a65b316733b34171e60d8758aa88a2d34e","genus",NA,"Bacteroidetes","Flavobacteriia","Flavobacteriales","Flavobacteriaceae","Flavobacterium",NA,"Flavobacterium","consensus","consensus"
"85","78a762298d75c76d2278739c2aae58da40f03d36","genus",NA,"Bacteroidetes","Flavobacteriia","Flavobacteriales","Flavobacteriaceae","Flavobacterium",NA,"Flavobacterium","consensus","consensus"
"86","64f1aece39f91a10722f9a870e13c89b431ff3b3","genus",NA,"Bacteroidetes","Flavobacteriia","Flavobacteriales","Flavobacteriaceae","Flavobacterium",NA,"Flavobacterium","consensus","consensus"
"87","b99a99f6a7a33e07157efe1b51902fdfe9fc33fb","genus",NA,"Bacteroidetes","Flavobacteriia","Flavobacteriales","Flavobacteriaceae","Flavobacterium",NA,"Flavobacterium","consensus","consensus"
"88","5e6296ce91f38a521f48e6698574ca756b09d1a1","genus",NA,"Bacteroidetes","Flavobacteriia","Flavobacteriales","Flavobacteriaceae","Flavobacterium",NA,"Flavobacterium","consensus","consensus"
"89","1be234185a77ea091c4f89cb2be2739cdd7f920f","genus",NA,"Bacteroidetes","Flavobacteriia","Flavobacteriales","Flavobacteriaceae","Flavobacterium",NA,"Flavobacterium","consensus","consensus"
"90","f25a1cbc5a8773345977f6930c7bd5c3e1707640","genus",NA,"Bacteroidetes","Flavobacteriia","Flavobacteriales","Flavobacteriaceae","Flavobacterium",NA,"Flavobacterium","consensus","consensus"
"91","94449388ac56087c9373a8c568f8c4623f559c22","genus",NA,"Bacteroidetes","Flavobacteriia","Flavobacteriales","Flavobacteriaceae","Flavobacterium",NA,"Flavobacterium","consensus","consensus"
"92","85855de6aad1137dd643dc42ac9156525ab5d92c","genus",NA,"Bacteroidetes","Flavobacteriia","Flavobacteriales","Flavobacteriaceae","Flavobacterium",NA,"Flavobacterium","consensus","consensus"
"93","594f17d30507981571528589f3d86199d3ffa056","genus",NA,"Bacteroidetes","Flavobacteriia","Flavobacteriales","Flavobacteriaceae","Flavobacterium",NA,"Flavobacterium","consensus","consensus"
"94","964f494841ecabdb35123461726b0ad92bf050e9","genus",NA,"Bacteroidetes","Flavobacteriia","Flavobacteriales","Flavobacteriaceae","Flavobacterium",NA,"Flavobacterium","consensus","consensus"
"95","220480ce5b7c0f78fc9901aa290add35b39543ae","genus",NA,"Bacteroidetes","Flavobacteriia","Flavobacteriales","Flavobacteriaceae","Flavobacterium",NA,"Flavobacterium","consensus","consensus"
"96","d3783e4382df2b587e06ba1b934d8d8bc94c14b7","genus",NA,"Bacteroidetes","Flavobacteriia","Flavobacteriales","Flavobacteriaceae","Flavobacterium",NA,"Flavobacterium","consensus","consensus"
"97","dc307da5dfa8c718d8d18ea992cce4cbb5bf162a","family",NA,"Proteobacteria","Alphaproteobacteria","Hyphomicrobiales","Bradyrhizobiaceae",NA,NA,"Bradyrhizobiaceae","consensus","consensus"
"98","bac882cf3f8851211b53a87d78df4d8e7110fcdd","genus",NA,"Bacteroidetes","Flavobacteriia","Flavobacteriales","Flavobacteriaceae","Flavobacterium",NA,"Flavobacterium","consensus","consensus"
"99","cbebb2a92338a94230b4d4985b680c57b8b8bae4","genus","Metazoa","Gastrotricha",NA,"Chaetonotida","Chaetonotidae","Chaetonotus",NA,"Chaetonotus","consensus","consensus"
"100","affac3fd300a96400fda15d464ecbb20dc8e558d","family",NA,"Bacteroidetes","Flavobacteriia","Flavobacteriales","Flavobacteriaceae",NA,NA,"Flavobacteriaceae","consensus","consensus"
"101","6bde8f5380b776731221301b849ed526290db1ba","genus",NA,"Bacteroidetes","Flavobacteriia","Flavobacteriales","Flavobacteriaceae","Flavobacterium",NA,"Flavobacterium","consensus","consensus"
"102","257d0d479e644f1c86e02c07987bb3ebd0a13347","genus",NA,"Bacteroidetes","Flavobacteriia","Flavobacteriales","Flavobacteriaceae","Flavobacterium",NA,"Flavobacterium","consensus","consensus"
"103","eea5c32946b7949d1c3ccd8f386206d23e060bc6","genus",NA,"Bacteroidetes","Flavobacteriia","Flavobacteriales","Flavobacteriaceae","Flavobacterium",NA,"Flavobacterium","consensus","consensus"
"104","dc0a465ab80e279217650a7090e9598222ed7c02","genus",NA,"Bacteroidetes","Flavobacteriia","Flavobacteriales","Flavobacteriaceae","Flavobacterium",NA,"Flavobacterium","consensus","consensus"
"105","3d93c8f157892dfb793db3af98383f28dbd6e679","genus",NA,"Bacteroidetes","Flavobacteriia","Flavobacteriales","Flavobacteriaceae","Flavobacterium",NA,"Flavobacterium","consensus","consensus"
"106","2d222dfb7b95435b062bb580baefe9f055735c07","order","Metazoa","Arthropoda","Insecta","Diptera",NA,NA,NA,"Diptera","consensus","consensus"
"107","0b295296dda4fff7b9e723cabd486bc951782eb8","genus",NA,"Bacteroidetes","Flavobacteriia","Flavobacteriales","Flavobacteriaceae","Flavobacterium",NA,"Flavobacterium","consensus","consensus"
"108","bce4e6db03e02f39e69fd98756da7d15206b5c9c","phylum","Fungi","Ascomycota",NA,NA,NA,NA,NA,"Ascomycota","consensus","consensus"
"109","a3e1b5ee908c6a38ea2bac8d479069c5e7def152","genus",NA,"Bacteroidetes","Flavobacteriia","Flavobacteriales","Flavobacteriaceae","Flavobacterium",NA,"Flavobacterium","consensus","consensus"
"110","7311e2829c11f356ab26b657d548833b000c1f07","genus",NA,"Bacteroidetes","Flavobacteriia","Flavobacteriales","Flavobacteriaceae","Flavobacterium",NA,"Flavobacterium","consensus","consensus"
"111","764ab69084be7f58ab6ea650c0fb3fe37f3d115b","family",NA,"Bacteroidetes","Sphingobacteriia","Sphingobacteriales","Sphingobacteriaceae",NA,NA,"Sphingobacteriaceae","consensus","consensus"
"112","23404cbdd1f8f9dcd26d8cd1f9768653f2c2024b","species","Metazoa","Mollusca","Gastropoda","Architaenioglossa","Ampullariidae","Pila","Pila virescens","Pila virescens","consensus","consensus"
"113","673145497ba185c54e7b7ff01debf09d52e9f6c1","family",NA,"Bacteroidetes","Flavobacteriia","Flavobacteriales","Flavobacteriaceae",NA,NA,"Flavobacteriaceae","consensus","consensus"
"114","767424fccf1dd60d79936a6db8e8ca70830b9d4f","genus",NA,"Bacteroidetes","Flavobacteriia","Flavobacteriales","Flavobacteriaceae","Flavobacterium",NA,"Flavobacterium","consensus","consensus"
"115","213612c7a214a4511e7d03edf1f03d1e2dbe4167","species","Metazoa","Annelida","Clitellata","Crassiclitellata","Lumbricidae","Bimastos","Bimastos rubidus","Bimastos rubidus","consensus","consensus"
"116","af33f3af487409df609ab15385c1fd00766924a6","family",NA,"Bacteroidetes","Flavobacteriia","Flavobacteriales","Flavobacteriaceae",NA,NA,"Flavobacteriaceae","consensus","consensus"
"117","af9a4abfc693579ee31f23d4fc8ad15fedb91036","species","Metazoa","Chordata","Aves","Struthioniformes","Struthionidae","Struthio","Struthio camelus","Struthio camelus","consensus","consensus"
"118","42334c7841b4f0ff18b44939d1920d2a2e58e135","genus",NA,"Bacteroidetes","Flavobacteriia","Flavobacteriales","Flavobacteriaceae","Flavobacterium",NA,"Flavobacterium","consensus","consensus"
"119","25841daba0d20529e5737352939406d7b050edab","genus",NA,"Bacteroidetes","Flavobacteriia","Flavobacteriales","Flavobacteriaceae","Flavobacterium",NA,"Flavobacterium","consensus","consensus"
"120","95f8b6b0ecfd1f821d03541300c8f685de97534e","species",NA,"Bacteroidetes","Flavobacteriia","Flavobacteriales","Flavobacteriaceae","Flavobacterium","Flavobacterium psychrophilum","Flavobacterium psychrophilum","consensus","consensus"
"121","70e7299a2b1da61d6d49b67f6fa0bb6f441f978a","genus",NA,"Bacteroidetes","Flavobacteriia","Flavobacteriales","Flavobacteriaceae","Flavobacterium",NA,"Flavobacterium","consensus","consensus"
"122","14bdcab2ccabc52239e7012412828f43a7eeff25","genus",NA,"Bacteroidetes","Flavobacteriia","Flavobacteriales","Flavobacteriaceae","Flavobacterium",NA,"Flavobacterium","consensus","consensus"
"123","e3437d471426a51bafa8a017d714847054d7740e","family",NA,"Bacteroidetes","Flavobacteriia","Flavobacteriales","Flavobacteriaceae",NA,NA,"Flavobacteriaceae","consensus","consensus"
"124","44ff72aea140a2c13fef04ca437868d19399f664","genus",NA,"Bacteroidetes","Flavobacteriia","Flavobacteriales","Flavobacteriaceae","Flavobacterium",NA,"Flavobacterium","consensus","consensus"
"125","1619d8e1ff17c6b9a0a53550750eb094a743a626","family","Metazoa","Arthropoda","Insecta","Diptera","Chironomidae",NA,NA,"Chironomidae","consensus","consensus"
"126","f876319fc62c9e507db7e9faec59cc9c13e286e6","family",NA,"Bacteroidetes","Flavobacteriia","Flavobacteriales","Flavobacteriaceae",NA,NA,"Flavobacteriaceae","consensus","consensus"
"127","f47ba50844e483f575103571e49f15910b691257","order",NA,"Proteobacteria","Alphaproteobacteria","Rhodospirillales",NA,NA,NA,"Rhodospirillales","consensus","consensus"
"128","79d11a1e91715618fe34a2346c6683af9ef7f9d1","family",NA,"Bacteroidetes","Flavobacteriia","Flavobacteriales","Flavobacteriaceae",NA,NA,"Flavobacteriaceae","consensus","consensus"
"129","e70034f0cc21f8187511dee2750135db97a19060","species",NA,"Bacteroidetes","Flavobacteriia","Flavobacteriales","Flavobacteriaceae","Flavobacterium","Flavobacterium psychrophilum","Flavobacterium psychrophilum","consensus","consensus"
"130","d26387ecd9a036a9d01e3e871e654921484fa58e","species",NA,"Bacteroidetes","Flavobacteriia","Flavobacteriales","Flavobacteriaceae","Flavobacterium","Flavobacterium psychrophilum","Flavobacterium psychrophilum","consensus","consensus"
"131","1c22f04ddb5ba424510e1423a63b84f3389df72d","class",NA,NA,"Dinophyceae",NA,NA,NA,NA,"Dinophyceae","consensus","consensus"
"132","fc907c28ddfc285b1f10a223504217e441e1ed6e","genus",NA,"Bacteroidetes","Flavobacteriia","Flavobacteriales","Flavobacteriaceae","Flavobacterium",NA,"Flavobacterium","consensus","consensus"
"133","a40122d6ba486b7845eb6849846a85d09e07f4f9","genus",NA,"Bacteroidetes","Flavobacteriia","Flavobacteriales","Crocinitomicaceae","Fluviicola",NA,"Fluviicola","consensus","consensus"
"134","577bcf021d7327c307a765313c099a8c1257982b","family",NA,"Bacteroidetes","Flavobacteriia","Flavobacteriales","Flavobacteriaceae",NA,NA,"Flavobacteriaceae","consensus","consensus"
"135","98215b09058975291816d67df67a883dd4d45184","genus",NA,"Bacteroidetes","Flavobacteriia","Flavobacteriales","Flavobacteriaceae","Flavobacterium",NA,"Flavobacterium","consensus","consensus"
"136","6e28f1d0eadd520167c4948d2f848520ff2635b2","genus","Metazoa","Gastrotricha",NA,"Chaetonotida","Chaetonotidae","Chaetonotus",NA,"Chaetonotus","consensus","consensus"
"137","a2ce4b9f43e953a2f5266891684ec9c6376a09da","species",NA,NA,"Cryptophyceae","Cryptomonadales","Cryptomonadaceae","Cryptomonas","Cryptomonas curvata","Cryptomonas curvata","consensus","consensus"
"138","a83f6614ec45a20a21c9c4014c91edf6c2827391","genus","Metazoa","Gastrotricha",NA,"Chaetonotida","Chaetonotidae","Chaetonotus",NA,"Chaetonotus","consensus","consensus"
"139","549803c80fa09dd1f750e025a5e4b236f0884c17","phylum","Fungi","Ascomycota",NA,NA,NA,NA,NA,"Ascomycota","consensus","consensus"
"140","0c1843ace7882e9ad78cb5218e9e8715678e2c21","genus",NA,"Bacteroidetes","Flavobacteriia","Flavobacteriales","Flavobacteriaceae","Flavobacterium",NA,"Flavobacterium","consensus","consensus"
"141","6b51cd0698f00bd7d70c11ec6c397fa860fd3a63","family",NA,"Bacteroidetes","Flavobacteriia","Flavobacteriales","Flavobacteriaceae",NA,NA,"Flavobacteriaceae","consensus","consensus"
"142","38bbbb223db1119752c90fa1a118b6f0d455eef4","family",NA,"Bacteroidetes","Flavobacteriia","Flavobacteriales","Flavobacteriaceae",NA,NA,"Flavobacteriaceae","consensus","consensus"
"143","bccc7b5a2fa6d1de358e46e963542f9590701e3b","genus",NA,"Bacteroidetes","Flavobacteriia","Flavobacteriales","Flavobacteriaceae","Flavobacterium",NA,"Flavobacterium","consensus","consensus"
"144","b454bad67f23bff39eaf5be4ab447aa5de73daed","order",NA,"Evosea","Eumycetozoa","Physariida",NA,NA,NA,"Physariida","consensus","consensus"
"145","8ea3c5aac1a4072d6ab3cfd0b3f5549f5d007d8b","genus",NA,"Bacteroidetes","Flavobacteriia","Flavobacteriales","Flavobacteriaceae","Flavobacterium",NA,"Flavobacterium","consensus","consensus"
"146","77869f965bcdda06f30b2880c1e4ab4e5a3f9000","genus",NA,NA,"Cryptophyceae","Cryptomonadales","Cryptomonadaceae","Cryptomonas",NA,"Cryptomonas","consensus","consensus"
"147","a570a3c8361ff45ecab0babf6df8cefd3dca6d08","genus",NA,"Bacteroidetes","Flavobacteriia","Flavobacteriales","Flavobacteriaceae","Flavobacterium",NA,"Flavobacterium","consensus","consensus"
"148","43dbc14f4a8cc1a3ed229f232286f1c9346a6bc7","genus",NA,"Bacteroidetes","Flavobacteriia","Flavobacteriales","Flavobacteriaceae","Flavobacterium",NA,"Flavobacterium","consensus","consensus"
"149","f1e70710b38393100c3b6252a7c4d2857691a079","genus",NA,"Bacteroidetes","Flavobacteriia","Flavobacteriales","Flavobacteriaceae","Flavobacterium",NA,"Flavobacterium","consensus","consensus"
"150","ba21ee45e50583c9c2d54cc665b00dd7608b8f59","genus",NA,"Bacteroidetes","Flavobacteriia","Flavobacteriales","Flavobacteriaceae","Flavobacterium",NA,"Flavobacterium","consensus","consensus"
"151","ea0eaa9ef3f59c2c7d76383b0f45cf243f2616cc","genus",NA,"Bacteroidetes","Flavobacteriia","Flavobacteriales","Flavobacteriaceae","Flavobacterium",NA,"Flavobacterium","consensus","consensus"
"152","e7f7d1d57cdef646d03b0f1ee8edcbf479276eeb","genus",NA,"Bacteroidetes","Flavobacteriia","Flavobacteriales","Flavobacteriaceae","Flavobacterium",NA,"Flavobacterium","consensus","consensus"
"153","cabf87b78f0cf27aa461d06fabe702e965af5aed","genus",NA,"Bacteroidetes","Flavobacteriia","Flavobacteriales","Flavobacteriaceae","Flavobacterium",NA,"Flavobacterium","consensus","consensus"
"154","2de4d03a17b039d78aaa4dce604d1980f7447ee4","genus","Metazoa","Gastrotricha",NA,"Chaetonotida","Chaetonotidae","Lepidodermella",NA,"Lepidodermella","consensus","consensus"
"155","d4cde8b2d9efe2779837bdb91c72134965883faa","genus",NA,"Bacteroidetes","Flavobacteriia","Flavobacteriales","Flavobacteriaceae","Flavobacterium",NA,"Flavobacterium","consensus","consensus"
"156","64c215a38564da7fde2741179ff9fe35a01a5846","species","Metazoa","Chordata","Mammalia","Carnivora","Felidae","Lynx","Lynx rufus","Lynx rufus","consensus","consensus"
"157","8b6b10e2d18126b1f1c28cf7ab2d23cdb3232398","genus",NA,"Bacteroidetes","Flavobacteriia","Flavobacteriales","Crocinitomicaceae","Fluviicola",NA,"Fluviicola","consensus","consensus"
"158","cfd51e6696063bfe6a9c45f95b75fd1207ba09bf","genus",NA,"Bacteroidetes","Flavobacteriia","Flavobacteriales","Flavobacteriaceae","Flavobacterium",NA,"Flavobacterium","consensus","consensus"
"159","c080d41dcbaa5bc9a45eb5df547d5cbe2283cc5a","phylum","Fungi","Ascomycota",NA,NA,NA,NA,NA,"Ascomycota","consensus","consensus"
"160","169b96fcbf1b9353604336ae785c2c79e355bba4","genus",NA,"Bacteroidetes","Flavobacteriia","Flavobacteriales","Flavobacteriaceae","Flavobacterium",NA,"Flavobacterium","consensus","consensus"
"161","7edff48088dd11d181a7692078f16ddd01847dfd","species",NA,NA,NA,NA,NA,NA,"uncultured bacterium","uncultured bacterium","consensus","consensus"
"162","c5a70e818a1339d631407408654668ffa0205580","species",NA,"Bacteroidetes","Flavobacteriia","Flavobacteriales","Flavobacteriaceae","Flavobacterium","Flavobacterium psychrophilum","Flavobacterium psychrophilum","consensus","consensus"
"163","1e9bcfe9b1db20c17cb37105cfe3d0a12298b039","species",NA,NA,NA,NA,NA,NA,"uncultured bacterium","uncultured bacterium","consensus","consensus"
"164","08acd3187c2f0b93bdf9bab3ce703a501bd41c26","genus",NA,"Bacteroidetes","Flavobacteriia","Flavobacteriales","Flavobacteriaceae","Flavobacterium",NA,"Flavobacterium","consensus","consensus"
"165","672bb23db723e7b03f188752b6809b0bce484904","family",NA,"Bacteroidetes","Flavobacteriia","Flavobacteriales","Flavobacteriaceae",NA,NA,"Flavobacteriaceae","consensus","consensus"
"166","44709306fc53555787508a1415ef09b8d4b3ec29","family",NA,"Bacteroidetes","Flavobacteriia","Flavobacteriales","Flavobacteriaceae",NA,NA,"Flavobacteriaceae","consensus","consensus"
"167","99bc3a4e934facc29caa3122af611f591e6cbaa6","genus",NA,"Bacteroidetes","Flavobacteriia","Flavobacteriales","Flavobacteriaceae","Flavobacterium",NA,"Flavobacterium","consensus","consensus"
"168","4d28ff3b0e64757487055f6cd1278d310ae6ef86","genus",NA,"Bacteroidetes","Flavobacteriia","Flavobacteriales","Flavobacteriaceae","Flavobacterium",NA,"Flavobacterium","consensus","consensus"
"169","f47dfe43c3d822f6f3f5d4e6f3fe70e06fb7168d","genus",NA,"Bacteroidetes","Flavobacteriia","Flavobacteriales","Flavobacteriaceae","Flavobacterium",NA,"Flavobacterium","consensus","consensus"
"170","65b4562ddcd5e34c5d5d18cd6688ab544ba7bc6a","genus",NA,"Bacteroidetes","Sphingobacteriia","Sphingobacteriales","Sphingobacteriaceae","Pedobacter",NA,"Pedobacter","consensus","consensus"
"171","3b6dd90d5dc19484244b77d87c09b2ce561bd16b","genus",NA,"Bacteroidetes","Flavobacteriia","Flavobacteriales","Flavobacteriaceae","Flavobacterium",NA,"Flavobacterium","consensus","consensus"
"172","5f949a9a248f01ce91cf324f650510864e343a2a","genus",NA,"Bacteroidetes","Flavobacteriia","Flavobacteriales","Flavobacteriaceae","Flavobacterium",NA,"Flavobacterium","consensus","consensus"
"173","994c9ec4c62b3eb01a3c78fec3f6564b4df7a4a8","genus",NA,"Bacteroidetes","Flavobacteriia","Flavobacteriales","Flavobacteriaceae","Flavobacterium",NA,"Flavobacterium","consensus","consensus"
"174","6c1b3a0e2bbb49eaff89bf6c9f1cd099200337cd","genus",NA,"Bacteroidetes","Flavobacteriia","Flavobacteriales","Flavobacteriaceae","Flavobacterium",NA,"Flavobacterium","consensus","consensus"
"175","dad1fb365f9ccf47ce4580bc61ddecffd5d1b5a2","genus","Metazoa","Arthropoda","Insecta","Trichoptera","Rhyacophilidae","Rhyacophila",NA,"Rhyacophila","consensus","consensus"
"176","28de25810d9709901170428e64a6f5db8bb95b8b","species",NA,"Bacteroidetes","Flavobacteriia","Flavobacteriales","Flavobacteriaceae","Flavobacterium","Flavobacterium psychrophilum","Flavobacterium psychrophilum","consensus","consensus"
"177","72cebc9b3866a4ffe8975760921c265894290426","genus",NA,"Oomycota",NA,"Peronosporales","Peronosporaceae","Phytophthora",NA,"Phytophthora","consensus","consensus"
"178","7e846ac7c71ebda242efef654774266f0e1dbb12","genus",NA,"Bacteroidetes","Flavobacteriia","Flavobacteriales","Flavobacteriaceae","Flavobacterium",NA,"Flavobacterium","consensus","consensus"
"179","183d1a0ee62d4504c41139e78414ef160382aeb4","family",NA,"Bacteroidetes","Flavobacteriia","Flavobacteriales","Flavobacteriaceae",NA,NA,"Flavobacteriaceae","consensus","consensus"
"180","b48f3c2562505278c05c234422f8d44b8ad67f53","genus",NA,"Bacteroidetes","Flavobacteriia","Flavobacteriales","Flavobacteriaceae","Flavobacterium",NA,"Flavobacterium","consensus","consensus"
"181","58fc5f3d824618632098618609e5830b1890a943","genus",NA,"Bacteroidetes","Flavobacteriia","Flavobacteriales","Flavobacteriaceae","Flavobacterium",NA,"Flavobacterium","consensus","consensus"
"182","2a1057ff612e17e27bd88701e6e753c32c387a35","order","Metazoa","Arthropoda","Insecta","Trichoptera",NA,NA,NA,"Trichoptera","consensus","consensus"
"183","fcb07482b18db3bc725023e6ec9a85f1bcb0611a","genus",NA,"Bacteroidetes","Flavobacteriia","Flavobacteriales","Flavobacteriaceae","Flavobacterium",NA,"Flavobacterium","consensus","consensus"
"184","175dc78487c8679b4eb414a389b4721cd8ab7f30","genus",NA,"Bacteroidetes","Flavobacteriia","Flavobacteriales","Flavobacteriaceae","Flavobacterium",NA,"Flavobacterium","consensus","consensus"
"185","474b243bb641a8be937a8ec1d2f8d0dc315e8cac","genus","Metazoa","Chordata","Amphibia","Caudata","Dicamptodontidae","Dicamptodon",NA,"Dicamptodon","consensus","consensus"
"186","3df858fe7391b38bba48a14238ea821a27aa7f2a","genus",NA,"Bacteroidetes","Flavobacteriia","Flavobacteriales","Flavobacteriaceae","Flavobacterium",NA,"Flavobacterium","consensus","consensus"
"187","cda87b0576917a830b71e5d6452c5db5c782a9be","species",NA,"Bacteroidetes","Flavobacteriia","Flavobacteriales","Flavobacteriaceae","Flavobacterium","Flavobacterium psychrophilum","Flavobacterium psychrophilum","consensus","consensus"
"188","2852df7511389a8bd75de6c3ab9c463e733887b9","genus",NA,"Bacteroidetes","Flavobacteriia","Flavobacteriales","Flavobacteriaceae","Flavobacterium",NA,"Flavobacterium","consensus","consensus"
"189","32f4bdc9baa38e1dab7192f27d617e04dc2dea91","genus",NA,"Bacteroidetes","Flavobacteriia","Flavobacteriales","Flavobacteriaceae","Flavobacterium",NA,"Flavobacterium","consensus","consensus"
"190","283d855c66abd756e5ce9784914961d8608c99c7","genus",NA,"Bacteroidetes","Flavobacteriia","Flavobacteriales","Flavobacteriaceae","Flavobacterium",NA,"Flavobacterium","consensus","consensus"
"191","0d8370b7aa37810b75e312c5f42b93a5c31914ab","phylum","Fungi","Ascomycota",NA,NA,NA,NA,NA,"Ascomycota","consensus","consensus"
"192","5305940ce0c0ae802ccb7406cc74577d35a4326a","genus",NA,"Bacteroidetes","Flavobacteriia","Flavobacteriales","Flavobacteriaceae","Flavobacterium",NA,"Flavobacterium","consensus","consensus"
"193","6d01d9f64b83d03ea76e95ce3e26f306d0d63c6c","species",NA,NA,"Synurophyceae","Synurales","Mallomonadaceae","Synura","Synura sp.","Synura sp.","consensus","consensus"
"194","480b5337b44fd6b060cab961a261e7a3115f90e5","species",NA,"Discosea","Flabellinia",NA,"Vannellidae","Vannella","Vannella sp.","Vannella sp.","consensus","consensus"
"195","bce07acd2b5a4c371f41423fb6e5d36316362c7a","species","Fungi","Ascomycota","Lecanoromycetes","Pertusariales","Pertusariaceae","Pertusaria","Pertusaria propinqua","Pertusaria propinqua","consensus","consensus"
"196","6af35735c0e03e10db994a241062ef4e73cc055c","family",NA,"Bacteroidetes","Flavobacteriia","Flavobacteriales","Flavobacteriaceae",NA,NA,"Flavobacteriaceae","consensus","consensus"
"197","12bc09a9db1ea8efc6deca3e7d5db3aff64f4afe","genus",NA,"Bacteroidetes","Flavobacteriia","Flavobacteriales","Flavobacteriaceae","Flavobacterium",NA,"Flavobacterium","consensus","consensus"
"198","f65bef59196ba36ab1094562143ab8ba2a7f4cc4","order","Metazoa","Arthropoda","Arachnida","Araneae",NA,NA,NA,"Araneae","consensus","consensus"
"199","cc9b46d20f8711790512080a142f3a31a862a772","genus",NA,"Bacteroidetes","Sphingobacteriia","Sphingobacteriales","Sphingobacteriaceae","Pedobacter",NA,"Pedobacter","consensus","consensus"
"200","9ad91868c0dad7077dcf776d902b2f173b78c600","species","Metazoa","Arthropoda","Arachnida","Trombidiformes","Pionidae","Piona","Piona sp. BOLD:ADI4824","Piona sp. BOLD:ADI4824","consensus","consensus"
"201","c7b5f40cba0df4247b1c756d5ec5e92e19b43e77","genus",NA,"Bacteroidetes","Flavobacteriia","Flavobacteriales","Flavobacteriaceae","Flavobacterium",NA,"Flavobacterium","consensus","consensus"
"202","555d158d0f17938190b45e516a6712f2595091b0","order","Metazoa","Arthropoda","Insecta","Diptera",NA,NA,NA,"Diptera","consensus","consensus"
"203","c6b1cae349e87c0fa017c7871aa7a0a29b20349d","genus",NA,"Bacteroidetes","Flavobacteriia","Flavobacteriales","Flavobacteriaceae","Flavobacterium",NA,"Flavobacterium","consensus","consensus"
"204","199bf245b909dd3424ce90cf938f5ae2b5a998a1","genus",NA,"Bacteroidetes","Flavobacteriia","Flavobacteriales","Flavobacteriaceae","Flavobacterium",NA,"Flavobacterium","consensus","consensus"
"205","35d3d473bf5034e3cc4deec93e94f748570dc7f5","genus",NA,"Bacteroidetes","Flavobacteriia","Flavobacteriales","Flavobacteriaceae","Flavobacterium",NA,"Flavobacterium","consensus","consensus"
"206","c6f77ca33d49f259f2184e1f76ace06ce5eec6b9","species","Metazoa","Arthropoda","Hexanauplia","Harpacticoida","Canthocamptidae","Moraria","Moraria brevipes","Moraria brevipes","consensus","consensus"
"207","e550da0026f98c29f8d904277c04797e3dfac7fd","genus",NA,"Bacteroidetes","Flavobacteriia","Flavobacteriales","Flavobacteriaceae","Flavobacterium",NA,"Flavobacterium","consensus","consensus"
"208","3f19928af1554e17d5eb0d31d7fd778fba1dcaf7","species",NA,"Bacteroidetes","Flavobacteriia","Flavobacteriales","Flavobacteriaceae","Flavobacterium","Flavobacterium psychrophilum","Flavobacterium psychrophilum","consensus","consensus"
"209","979a229940c0d175c791fbef51f46ed00c4497bb","genus",NA,"Bacteroidetes","Flavobacteriia","Flavobacteriales","Flavobacteriaceae","Flavobacterium",NA,"Flavobacterium","consensus","consensus"
"210","f66e20636ffbc7f880e316484df6b766246514be","order",NA,"Evosea","Eumycetozoa","Physariida",NA,NA,NA,"Physariida","consensus","consensus"
"211","710844e80321ee04dd2316cd4d5af9968aa35841","class",NA,"Proteobacteria","Betaproteobacteria",NA,NA,NA,NA,"Betaproteobacteria","consensus","consensus"
"212","55fd3b92a775439de70cb3004d4b242210602c39","genus",NA,"Bacteroidetes","Flavobacteriia","Flavobacteriales","Flavobacteriaceae","Flavobacterium",NA,"Flavobacterium","consensus","consensus"
"213","61250298434ea7ff32bdc89e6de5edfa2e835195","species","Metazoa","Chordata","Mammalia","Primates","Hominidae","Homo","Homo sapiens","Homo sapiens","consensus","consensus"
"214","a77daeacce7674a7ad6a9be6331a9a34989b5c20","genus",NA,"Bacteroidetes","Flavobacteriia","Flavobacteriales","Flavobacteriaceae","Flavobacterium",NA,"Flavobacterium","consensus","consensus"
"215","29423249d12ea80586f769b96bac9aa34ea02f9c","class",NA,"Evosea","Eumycetozoa",NA,NA,NA,NA,"Eumycetozoa","consensus","consensus"
"216","d4bb634c6e10d22139900f0d9762572d2692bfc2","genus",NA,"Bacteroidetes","Sphingobacteriia","Sphingobacteriales","Sphingobacteriaceae","Mucilaginibacter",NA,"Mucilaginibacter","consensus","consensus"
"217","7fc2de9e1056bf48b85e25e3784b2357b99ad601","family",NA,"Bacteroidetes","Flavobacteriia","Flavobacteriales","Flavobacteriaceae",NA,NA,"Flavobacteriaceae","consensus","consensus"
"218","2cc0590f1e9d47891242dd7b8143293e8d92b46a","genus",NA,"Bacteroidetes","Flavobacteriia","Flavobacteriales","Flavobacteriaceae","Flavobacterium",NA,"Flavobacterium","consensus","consensus"
"219","56321704e544db67f5f1e6f40b3c8ee7dcc60b0e","class","Fungi","Ascomycota","Sordariomycetes",NA,NA,NA,NA,"Sordariomycetes","consensus","consensus"
"220","449860fdbd2b082f428882a9befe2766d1590704","family",NA,"Evosea","Eumycetozoa","Physariida","Didymiaceae",NA,NA,"Didymiaceae","consensus","consensus"
"221","aa67f862b0e58c9c69bb0e078d9181e728375eb8","genus",NA,"Bacteroidetes","Flavobacteriia","Flavobacteriales","Flavobacteriaceae","Flavobacterium",NA,"Flavobacterium","consensus","consensus"
"222","355e2ae572476aa6cc1333049e6237246ec36983","genus",NA,"Bacteroidetes","Flavobacteriia","Flavobacteriales","Flavobacteriaceae","Flavobacterium",NA,"Flavobacterium","consensus","consensus"
"223","7e6e00c0b2efb79382202e0f1f355bad153f8203","genus",NA,"Bacteroidetes","Sphingobacteriia","Sphingobacteriales","Sphingobacteriaceae","Pedobacter",NA,"Pedobacter","consensus","consensus"
"224","2e4b2828b725aa5b45da873cb75f5ee9b4076918","genus",NA,"Bacteroidetes","Flavobacteriia","Flavobacteriales","Flavobacteriaceae","Flavobacterium",NA,"Flavobacterium","consensus","consensus"
"225","a42c26ca827f678871b555816fe45ae721b79926","genus","Metazoa","Arthropoda","Insecta","Hymenoptera","Formicidae","Formica",NA,"Formica","consensus","consensus"
"226","c5ef6d5a9b44b6612a2d020d501796ccec467b30","family","Fungi","Ascomycota","Lecanoromycetes","Lecanorales","Parmeliaceae",NA,NA,"Parmeliaceae","consensus","consensus"
"227","59cd1980214b307624e312e845a3cd4e38c1bcb6","order","Metazoa","Arthropoda","Insecta","Diptera",NA,NA,NA,"Diptera","consensus","consensus"
"228","63382e3a462742f93747aacfe163a7b3d4b407bb","family",NA,"Bacteroidetes","Flavobacteriia","Flavobacteriales","Flavobacteriaceae",NA,NA,"Flavobacteriaceae","consensus","consensus"
"229","677599aff4703e6e9ec0f966926e636136f8c2ac","genus",NA,"Bacteroidetes","Flavobacteriia","Flavobacteriales","Flavobacteriaceae","Flavobacterium",NA,"Flavobacterium","consensus","consensus"
"230","a9db02339a83ee17da8b1855fbf01420b397ff16","genus",NA,"Bacteroidetes","Flavobacteriia","Flavobacteriales","Flavobacteriaceae","Flavobacterium",NA,"Flavobacterium","consensus","consensus"
"231","425180b3092143e3ad6e3badb4601129772e4257","species","Metazoa","Porifera","Demospongiae","Bubarida","Dictyonellidae","Liosina","Liosina blastifera","Liosina blastifera","consensus","consensus"
"232","bcc326596fb4395309b24d50503557d9107b554d","genus",NA,"Bacteroidetes","Flavobacteriia","Flavobacteriales","Flavobacteriaceae","Flavobacterium",NA,"Flavobacterium","consensus","consensus"
"233","296b90a0f508617e97a7df8ab4ccea2143a11ff4","species",NA,"Bacteroidetes","Flavobacteriia","Flavobacteriales","Flavobacteriaceae","Flavobacterium","Flavobacterium psychrophilum","Flavobacterium psychrophilum","consensus","consensus"
"234","530c229fa24d5b56c0a807416253847db77b8a57","phylum","Fungi","Ascomycota",NA,NA,NA,NA,NA,"Ascomycota","consensus","consensus"
"235","685ce4c021cd7c9d6f17520ce57c1d85f3bba863","species","Metazoa",NA,NA,NA,NA,NA,"invertebrate environmental sample","invertebrate environmental sample","consensus","consensus"
"236","b14054c8d9e10b3a1a76718a70d3964a9968be9e","species",NA,"Bacteroidetes","Flavobacteriia","Flavobacteriales","Flavobacteriaceae","Flavobacterium","Flavobacterium psychrophilum","Flavobacterium psychrophilum","consensus","consensus"
"237","791cadf2273028bb66343b421c840d08e8c44095","genus",NA,"Bacteroidetes","Flavobacteriia","Flavobacteriales","Flavobacteriaceae","Flavobacterium",NA,"Flavobacterium","consensus","consensus"
"238","1e5cc53d00b7476a2f3876cf8d840a583dea397a","class",NA,"Evosea","Eumycetozoa",NA,NA,NA,NA,"Eumycetozoa","consensus","consensus"
"239","c38c986304aa8845831f4fad7430f5c52847bac0","genus",NA,"Bacteroidetes","Chitinophagia","Chitinophagales","Chitinophagaceae","Chitinophaga",NA,"Chitinophaga","consensus","consensus"
"240","c6db5439b6236e60ed3c88ef86b50255e6d60175","order","Metazoa","Rotifera","Eurotatoria","Ploima",NA,NA,NA,"Ploima","consensus","consensus"
"241","00fdbf8ed15b91014317d31fa8337bff98c48420","class","Fungi","Ascomycota","Sordariomycetes",NA,NA,NA,NA,"Sordariomycetes","consensus","consensus"
"242","720b324e8081c6beac384cc0c22433bf7e7d9097","genus",NA,"Bacteroidetes","Flavobacteriia","Flavobacteriales","Flavobacteriaceae","Flavobacterium",NA,"Flavobacterium","consensus","consensus"
"243","420b982f8672a4f9dc49424733162a465b1ac006","genus",NA,"Bacteroidetes","Flavobacteriia","Flavobacteriales","Flavobacteriaceae","Flavobacterium",NA,"Flavobacterium","consensus","consensus"
"244","b42c6de4390da723560024231cb8d03a2de0f3d5","genus",NA,"Bacteroidetes","Flavobacteriia","Flavobacteriales","Flavobacteriaceae","Flavobacterium",NA,"Flavobacterium","consensus","consensus"
"245","78c8b91e0613897cc073f23e09078ddcc2fe6bda","order","Metazoa","Arthropoda","Insecta","Diptera",NA,NA,NA,"Diptera","consensus","consensus"
"246","9e9e0fb0f863bbf1e595ce0833e7b0c6f3c3389b","family",NA,"Tubulinea","Elardia","Arcellinida","Hyalospheniidae",NA,NA,"Hyalospheniidae","consensus","consensus"
"247","bfbf6d1c5a34f1361ce5ab91530fd930ad9a4ef1","genus",NA,"Bacteroidetes","Flavobacteriia","Flavobacteriales","Flavobacteriaceae","Flavobacterium",NA,"Flavobacterium","consensus","consensus"
"248","3c60491bc7f4c845d5eeb16fb6e818f2db0401dd","genus",NA,"Bacteroidetes","Flavobacteriia","Flavobacteriales","Flavobacteriaceae","Flavobacterium",NA,"Flavobacterium","consensus","consensus"
"249","3cc3f4dfa872643a77772cc88471a58f6a7bbf99","class","Metazoa","Rotifera","Eurotatoria",NA,NA,NA,NA,"Eurotatoria","consensus","consensus"
"250","94afa47c26017ae3ca33688dc49d4fe1534f7a52","genus",NA,"Bacteroidetes","Flavobacteriia","Flavobacteriales","Flavobacteriaceae","Flavobacterium",NA,"Flavobacterium","consensus","consensus"
"251","8364df8ea8e760a6dd4ee04042974148b1ed186c","genus",NA,"Bacteroidetes","Flavobacteriia","Flavobacteriales","Flavobacteriaceae","Flavobacterium",NA,"Flavobacterium","consensus","consensus"
"252","325b8d6654fc9d5c282e39b3e0a2d81c2c2afe4d","genus",NA,"Bacteroidetes","Flavobacteriia","Flavobacteriales","Flavobacteriaceae","Flavobacterium",NA,"Flavobacterium","consensus","consensus"
"253","3990a9c8517d1f07bd5e736dda9e087b208ac212","order",NA,"Evosea","Eumycetozoa","Physariida",NA,NA,NA,"Physariida","consensus","consensus"
"254","bd4648bc546b86dc9917bab4f571f3afea3850b2","genus",NA,"Bacteroidetes","Flavobacteriia","Flavobacteriales","Flavobacteriaceae","Flavobacterium",NA,"Flavobacterium","consensus","consensus"
"255","a14ad5cadc22a9ad7bdacbec84c45adb50b66a00","genus",NA,"Bacteroidetes","Sphingobacteriia","Sphingobacteriales","Sphingobacteriaceae","Mucilaginibacter",NA,"Mucilaginibacter","consensus","consensus"
"256","193f70ddf3af41021e6b946c5c7e74420d4ac3d5","species",NA,"Discosea","Flabellinia",NA,"Vannellidae","Vannella","Vannella sp.","Vannella sp.","consensus","consensus"
"257","12bc502ad584063e46a27d5cec43ee3f047eed28","genus","Metazoa","Arthropoda","Insecta","Diptera","Simuliidae","Stegopterna",NA,"Stegopterna","consensus","consensus"
"258","dd3de9efa431a914b66b20093d044416566ae4ab","genus","Metazoa","Arthropoda","Arachnida","Sarcoptiformes","Camisiidae","Camisia",NA,"Camisia","consensus","consensus"
"259","cb97a3d9b1558af95b99be91ae6106a71d1a6d3f","order","Metazoa","Arthropoda","Insecta","Diptera",NA,NA,NA,"Diptera","consensus","consensus"
"260","4137805495377ff525b0c488076b1573f77d826c","genus",NA,"Bacteroidetes","Sphingobacteriia","Sphingobacteriales","Sphingobacteriaceae","Pedobacter",NA,"Pedobacter","consensus","consensus"
"261","429dc6e65d954dc0d5d7bca9da7e187019f11aa8","genus",NA,"Bacteroidetes","Flavobacteriia","Flavobacteriales","Flavobacteriaceae","Flavobacterium",NA,"Flavobacterium","consensus","consensus"
"262","fbdff42086ae3409cfaf85cf286c5bbacd543cc5","genus",NA,"Bacteroidetes","Flavobacteriia","Flavobacteriales","Flavobacteriaceae","Flavobacterium",NA,"Flavobacterium","consensus","consensus"
"263","9dec240cc450bb3f637f3a8e728c4861dbacbaa8","genus",NA,"Bacteroidetes","Flavobacteriia","Flavobacteriales","Crocinitomicaceae","Fluviicola",NA,"Fluviicola","consensus","consensus"
"264","57c7aa66deafde12d105312bec0596160a2f2cb7","genus",NA,"Bacteroidetes","Flavobacteriia","Flavobacteriales","Flavobacteriaceae","Flavobacterium",NA,"Flavobacterium","consensus","consensus"
"265","a75ff71af5fd1f36b831bfa6f8ba7a16899e0d89","phylum",NA,"Oomycota",NA,NA,NA,NA,NA,"Oomycota","consensus","consensus"
"266","f821044db39e2e1c0af07c7ccb6ec170231a0666","genus","Metazoa","Gastrotricha",NA,"Chaetonotida","Chaetonotidae","Chaetonotus",NA,"Chaetonotus","consensus","consensus"
"267","c028de483731ab9a141d55ffe936118960edb479","species",NA,"Bacteroidetes","Flavobacteriia","Flavobacteriales","Flavobacteriaceae","Flavobacterium","Flavobacterium psychrophilum","Flavobacterium psychrophilum","consensus","consensus"
"268","f3b6b1da6a8e0e5bbec00ace1e05220bd377ce3a","genus","Metazoa","Arthropoda","Insecta","Diptera","Chironomidae","Micropsectra",NA,"Micropsectra","consensus","consensus"
"269","e30804997eca8df0dc16d454fad9db293909b27e","genus",NA,"Bacteroidetes","Flavobacteriia","Flavobacteriales","Flavobacteriaceae","Flavobacterium",NA,"Flavobacterium","consensus","consensus"
"270","6117ca4fa4f0bb03171424de1779358f83858edd","genus",NA,"Bacteroidetes","Chitinophagia","Chitinophagales","Chitinophagaceae","Chitinophaga",NA,"Chitinophaga","consensus","consensus"
"271","de98bc7166ef1221b11fa69f47f05cf26afca470","genus",NA,"Bacteroidetes","Flavobacteriia","Flavobacteriales","Flavobacteriaceae","Flavobacterium",NA,"Flavobacterium","consensus","consensus"
"272","5125f2c7750db0788d769ae8346c657c64265984","genus","Metazoa","Arthropoda","Insecta","Diptera","Simuliidae","Simulium",NA,"Simulium","consensus","consensus"
"273","c6ba4ffa418acc37a42a6e237f535c8629f3c740","species",NA,"Bacteroidetes","Flavobacteriia","Flavobacteriales","Flavobacteriaceae","Flavobacterium","Flavobacterium psychrophilum","Flavobacterium psychrophilum","consensus","consensus"
"274","a2f4bf4798f7a4a97f4c63040bde21b6114df798","genus",NA,"Bacteroidetes","Sphingobacteriia","Sphingobacteriales","Sphingobacteriaceae","Pedobacter",NA,"Pedobacter","consensus","consensus"
"275","e8d7169865262c0729d63d5b97dbd81c0f122e6f","family",NA,"Bacteroidetes","Sphingobacteriia","Sphingobacteriales","Sphingobacteriaceae",NA,NA,"Sphingobacteriaceae","consensus","consensus"
"276","3fc33b126f492f94f6c1d2e011f2d4590be1fc23","genus",NA,"Discosea","Flabellinia",NA,"Vannellidae","Vannella",NA,"Vannella","consensus","consensus"
"277","fa607a4e6ba7ee8cbce66f1904ca232b7c801749","genus",NA,"Bacteroidetes","Flavobacteriia","Flavobacteriales","Flavobacteriaceae","Flavobacterium",NA,"Flavobacterium","consensus","consensus"
"278","8aef528312f9f608e91b769e68527600e4a2d1ba","order","Metazoa","Arthropoda","Arachnida","Araneae",NA,NA,NA,"Araneae","consensus","consensus"
"279","cca6db7c9a62a74b11df03804d18ac33cb782a82","species","Metazoa",NA,NA,NA,NA,NA,"invertebrate environmental sample","invertebrate environmental sample","consensus","consensus"
"280","f916cc1b0b8ac777d3f4863afec1d8bb35b48643","genus",NA,"Bacteroidetes","Sphingobacteriia","Sphingobacteriales","Sphingobacteriaceae","Pedobacter",NA,"Pedobacter","consensus","consensus"
"281","47bc9f1ffec815b51c0fc0342c9ee5d334a47d9a","genus",NA,"Bacteroidetes","Flavobacteriia","Flavobacteriales","Flavobacteriaceae","Flavobacterium",NA,"Flavobacterium","consensus","consensus"
"282","923c1bdd5e3a724dafa1a6e6b8ac7a973e112ede","species",NA,"Bacteroidetes","Flavobacteriia","Flavobacteriales","Flavobacteriaceae","Flavobacterium","Flavobacterium psychrophilum","Flavobacterium psychrophilum","consensus","consensus"
"283","1cee55cfacf1eb85231ef9bd5ae10a7480a965c4","genus",NA,"Bacteroidetes","Sphingobacteriia","Sphingobacteriales","Sphingobacteriaceae","Pedobacter",NA,"Pedobacter","consensus","consensus"
"284","afedf1a9f80ce40d307bf8015bc52b4ec7151868","class",NA,"Evosea","Eumycetozoa",NA,NA,NA,NA,"Eumycetozoa","consensus","consensus"
"285","d0f0d2143f5df6f67a2c3e847fcd67b80f663ef3","species",NA,"Bacteroidetes","Flavobacteriia","Flavobacteriales","Flavobacteriaceae","Flavobacterium","Flavobacterium psychrophilum","Flavobacterium psychrophilum","consensus","consensus"
"286","cbed34d681687cd8068c4f80b6579e216957fa4e","family",NA,"Bacteroidetes","Sphingobacteriia","Sphingobacteriales","Sphingobacteriaceae",NA,NA,"Sphingobacteriaceae","consensus","consensus"
"287","7bcfff46d67cf4f8e9d8e84e462c3ab9881e83e5","genus",NA,"Bacteroidetes","Flavobacteriia","Flavobacteriales","Flavobacteriaceae","Flavobacterium",NA,"Flavobacterium","consensus","consensus"
"288","5c026bc4d86869a5f740acd9ddf38934be1b4b80","genus",NA,"Bacteroidetes","Flavobacteriia","Flavobacteriales","Flavobacteriaceae","Flavobacterium",NA,"Flavobacterium","consensus","consensus"
"289","957ef09d67d03c376fff8b00c09490f675c2b318","genus",NA,"Bacteroidetes","Flavobacteriia","Flavobacteriales","Flavobacteriaceae","Flavobacterium",NA,"Flavobacterium","consensus","consensus"
"290","b123f552029a8d0911c02dd94ec9395289f5de41","genus",NA,"Bacteroidetes","Flavobacteriia","Flavobacteriales","Flavobacteriaceae","Polaribacter",NA,"Polaribacter","consensus","consensus"
"291","246e354f238131e6912ea2faa04d91b5872e6faa","family",NA,"Bacteroidetes","Flavobacteriia","Flavobacteriales","Flavobacteriaceae",NA,NA,"Flavobacteriaceae","consensus","consensus"
"292","c99de38cf84fd6e43af8e24369666e0aec3ff436","genus",NA,"Bacteroidetes","Flavobacteriia","Flavobacteriales","Flavobacteriaceae","Polaribacter",NA,"Polaribacter","consensus","consensus"
"293","1957e62bfbea3807a70567ba057216bcdc02a298","genus",NA,"Bacteroidetes","Flavobacteriia","Flavobacteriales","Flavobacteriaceae","Flavobacterium",NA,"Flavobacterium","consensus","consensus"
"294","5e7a583850544fe50e7e7b9f85bc9bbc2ca5d9b4","genus","Metazoa","Arthropoda","Hexanauplia","Calanoida","Paracalanidae","Paracalanus",NA,"Paracalanus","consensus","consensus"
"295","eadd75b1845f38953f6e67a48420cdced9f95fb1","family",NA,"Bacteroidetes","Flavobacteriia","Flavobacteriales","Flavobacteriaceae",NA,NA,"Flavobacteriaceae","consensus","consensus"
"296","334a1eef882700daee8a544538f601bde4454b5d","genus",NA,"Bacteroidetes","Flavobacteriia","Flavobacteriales","Flavobacteriaceae","Flavobacterium",NA,"Flavobacterium","consensus","consensus"
"297","9d11da07a2f93167f8c73928f992012bdaa1afe5","family",NA,"Bacteroidetes","Flavobacteriia","Flavobacteriales","Flavobacteriaceae",NA,NA,"Flavobacteriaceae","consensus","consensus"
"298","6b7bc2b3c242e5ffecfd5d8ed4f6f0539aca377a","genus",NA,"Bacteroidetes","Flavobacteriia","Flavobacteriales","Flavobacteriaceae","Flavobacterium",NA,"Flavobacterium","consensus","consensus"
"299","4c32e7e5f9e4aaffbc654cea8cf63153a8028cb7","genus","Metazoa","Arthropoda","Hexanauplia","Calanoida","Calanidae","Calanus",NA,"Calanus","consensus","consensus"
"300","37d76d665cb7570c69da331453b959725f82bd3c","species",NA,"Bacillariophyta","Coscinodiscophyceae","Melosirales","Melosiraceae","Melosira","Melosira nummuloides","Melosira nummuloides","consensus","consensus"
"301","39f7bbe701110e7d32f597fd491fc9c7fc052694","genus",NA,"Bacteroidetes","Flavobacteriia","Flavobacteriales","Flavobacteriaceae","Flavobacterium",NA,"Flavobacterium","consensus","consensus"
"302","45bbf2ee6bf293b7b6fbd082f09f4f20abbebbe8","genus",NA,"Bacteroidetes","Flavobacteriia","Flavobacteriales","Flavobacteriaceae","Polaribacter",NA,"Polaribacter","consensus","consensus"
"303","41a48c703bd3fc79d63505106a485ac1d9512e35","family",NA,"Bacteroidetes","Flavobacteriia","Flavobacteriales","Flavobacteriaceae",NA,NA,"Flavobacteriaceae","consensus","consensus"
"304","576027e89ec37466f0525b840f05622fb738a245","family",NA,"Bacteroidetes","Flavobacteriia","Flavobacteriales","Flavobacteriaceae",NA,NA,"Flavobacteriaceae","consensus","consensus"
"305","53007a82134bb9bf111a8f9376f73c250e0e9088","genus",NA,"Bacteroidetes","Flavobacteriia","Flavobacteriales","Flavobacteriaceae","Polaribacter",NA,"Polaribacter","consensus","consensus"
"306","7b6bc3c5932cf214e90051c25eefa46696d017e0","family",NA,"Bacteroidetes","Flavobacteriia","Flavobacteriales","Flavobacteriaceae",NA,NA,"Flavobacteriaceae","consensus","consensus"
"307","c10fbabb79c88c5c425a77edce1bfd89a1a0467d","genus",NA,"Bacteroidetes","Flavobacteriia","Flavobacteriales","Flavobacteriaceae","Flavobacterium",NA,"Flavobacterium","consensus","consensus"
"308","84cddcd0725a819dcfa0d660d2eed544605d9d1a","genus",NA,"Bacteroidetes","Flavobacteriia","Flavobacteriales","Flavobacteriaceae","Flavobacterium",NA,"Flavobacterium","consensus","consensus"
"309","ab3f64008f486f949863ab437f6faf80fe6122bd","family",NA,"Bacteroidetes","Flavobacteriia","Flavobacteriales","Flavobacteriaceae",NA,NA,"Flavobacteriaceae","consensus","consensus"
"310","bf77df13efb4d1f365957c7acb3e03bf2a06de88","family",NA,"Bacteroidetes","Flavobacteriia","Flavobacteriales","Flavobacteriaceae",NA,NA,"Flavobacteriaceae","consensus","consensus"
"311","543386c8bc0d0d286f543cade128032056eccc51","family",NA,"Bacteroidetes","Flavobacteriia","Flavobacteriales","Flavobacteriaceae",NA,NA,"Flavobacteriaceae","consensus","consensus"
"312","03305215eda5041311eb9f1ac5120362de78c0ca","genus",NA,"Bacteroidetes","Flavobacteriia","Flavobacteriales","Flavobacteriaceae","Flavobacterium",NA,"Flavobacterium","consensus","consensus"
"313","0131bfb8cd3a3f6951bae0aae2689430a29805b3","family",NA,"Bacteroidetes","Flavobacteriia","Flavobacteriales","Flavobacteriaceae",NA,NA,"Flavobacteriaceae","consensus","consensus"
"314","ef943f0b1604ea6fba0e44cf6f1db8b603c5618e","genus","Metazoa","Annelida","Clitellata","Crassiclitellata","Lumbricidae","Aporrectodea",NA,"Aporrectodea","consensus","consensus"
"315","3bfa5412cd9800a6ed1155c93d1c60feb612b272","species","Viridiplantae","Chlorophyta","Chlorophyceae","Chlamydomonadales","Chlamydomonadaceae","Chlamydomonas","Chlamydomonas sp. UWO 241","Chlamydomonas sp. UWO 241","consensus","consensus"
"316","341b5f49d39338cdefeffbc6bdf031692fc4b3e8","class",NA,NA,"Dinophyceae",NA,NA,NA,NA,"Dinophyceae","consensus","consensus"
"317","4013c311c0f8032ddeccd8f8b6e5237ff1e7637e","genus",NA,"Bacteroidetes","Flavobacteriia","Flavobacteriales","Flavobacteriaceae","Polaribacter",NA,"Polaribacter","consensus","consensus"
"318","011fb2e876812e3fbaf9da11a57826b0b52f2f2a","genus",NA,"Bacteroidetes","Flavobacteriia","Flavobacteriales","Flavobacteriaceae","Flavobacterium",NA,"Flavobacterium","consensus","consensus"
"319","9e3a0a5b7710ebab13a32f872612b52ee9cc7189","genus",NA,"Bacteroidetes","Flavobacteriia","Flavobacteriales","Flavobacteriaceae","Flavobacterium",NA,"Flavobacterium","consensus","consensus"
"320","e45419456bb8c76b54d7c53f1734d8bc6ce72d80","genus",NA,"Bacteroidetes","Flavobacteriia","Flavobacteriales","Flavobacteriaceae","Polaribacter",NA,"Polaribacter","consensus","consensus"
"321","0b994dc23e148533220c7cc112d579d7ceefc07d","family",NA,"Bacteroidetes","Flavobacteriia","Flavobacteriales","Flavobacteriaceae",NA,NA,"Flavobacteriaceae","consensus","consensus"
"322","96127681d6bfbb60c301887e47a94ae4f800eb3c","genus",NA,"Bacteroidetes","Flavobacteriia","Flavobacteriales","Flavobacteriaceae","Polaribacter",NA,"Polaribacter","consensus","consensus"
"323","838a7e16329249194fed5b11438dcf2f86c806bf","genus",NA,"Bacteroidetes","Flavobacteriia","Flavobacteriales","Flavobacteriaceae","Polaribacter",NA,"Polaribacter","consensus","consensus"
"324","9f9a81d022d6d9e0c5ffceb24524a7e286ef15df","family",NA,"Bacteroidetes","Flavobacteriia","Flavobacteriales","Flavobacteriaceae",NA,NA,"Flavobacteriaceae","consensus","consensus"
"325","214ac5d69dcfb58d5d8bf650d5c22964f7a77b3f","family",NA,"Bacteroidetes","Flavobacteriia","Flavobacteriales","Flavobacteriaceae",NA,NA,"Flavobacteriaceae","consensus","consensus"
"326","36f3fd2222c7b82dabeb123b3393fe0dce7afec4","genus",NA,"Bacteroidetes","Flavobacteriia","Flavobacteriales","Flavobacteriaceae","Flavobacterium",NA,"Flavobacterium","consensus","consensus"
"327","da89a347d88783971accac66ccccb714698dcc83","genus",NA,"Bacteroidetes","Flavobacteriia","Flavobacteriales","Flavobacteriaceae","Flavobacterium",NA,"Flavobacterium","consensus","consensus"
"328","920494ee1851eaadde5950fd9921d0e01076732d","genus",NA,"Bacteroidetes","Flavobacteriia","Flavobacteriales","Flavobacteriaceae","Flavobacterium",NA,"Flavobacterium","consensus","consensus"
"329","7756ca48b4831cf3026a3c0f0c05cb2af45e2d80","genus","Metazoa","Mollusca","Gastropoda","Neogastropoda","Conidae","Conus",NA,"Conus","consensus","consensus"
"330","0389c1d16dfe292ab4f92da17f91752747bddca8","family",NA,"Bacteroidetes","Flavobacteriia","Flavobacteriales","Flavobacteriaceae",NA,NA,"Flavobacteriaceae","consensus","consensus"
"331","fa080fe17fe315690c15cfd709f9b39a88464295","genus",NA,"Bacteroidetes","Flavobacteriia","Flavobacteriales","Flavobacteriaceae","Flavobacterium",NA,"Flavobacterium","consensus","consensus"
"332","c96c4656bb215199a54d7979e2d00abd8079187f","genus",NA,"Bacteroidetes","Flavobacteriia","Flavobacteriales","Flavobacteriaceae","Olleya",NA,"Olleya","consensus","consensus"
"333","390637f3eac8befda8c0e8e625b35fa4b8856e21","family",NA,"Bacteroidetes","Flavobacteriia","Flavobacteriales","Flavobacteriaceae",NA,NA,"Flavobacteriaceae","consensus","consensus"
"334","b3b1463d897209a5ba064ccffe773c3eba938c57","family",NA,"Bacteroidetes","Flavobacteriia","Flavobacteriales","Flavobacteriaceae",NA,NA,"Flavobacteriaceae","consensus","consensus"
"335","9f3ad8b29129799057d6b3c8751b0f8681ec3583","genus",NA,"Bacteroidetes","Flavobacteriia","Flavobacteriales","Flavobacteriaceae","Flavobacterium",NA,"Flavobacterium","consensus","consensus"
"336","3011e6102d061d648b901f66a11c218addc3c622","genus",NA,"Bacteroidetes","Flavobacteriia","Flavobacteriales","Flavobacteriaceae","Flavobacterium",NA,"Flavobacterium","consensus","consensus"
"337","2da2382188b9c9afac77e55661a4a44815d13e22","genus",NA,"Bacteroidetes","Flavobacteriia","Flavobacteriales","Flavobacteriaceae","Flavobacterium",NA,"Flavobacterium","consensus","consensus"
"338","f9ba54acbfa9c0ce5ce16d926f070b8e0d4332f2","genus",NA,"Bacteroidetes","Flavobacteriia","Flavobacteriales","Flavobacteriaceae","Polaribacter",NA,"Polaribacter","consensus","consensus"
"339","ec69a2f79be08156093d4b09027c110f62eec902","genus",NA,"Bacteroidetes","Flavobacteriia","Flavobacteriales","Flavobacteriaceae","Flavobacterium",NA,"Flavobacterium","consensus","consensus"
"340","839ca07ff02fec62e8e94212585766422ebdfcf7","genus","Metazoa","Arthropoda","Arachnida","Sarcoptiformes","Camisiidae","Camisia",NA,"Camisia","consensus","consensus"
"341","e33a97dbe13673718655c34a5a1b6b81b3c445d3","family",NA,"Bacteroidetes","Flavobacteriia","Flavobacteriales","Flavobacteriaceae",NA,NA,"Flavobacteriaceae","consensus","consensus"
"342","f10293ae4db10e0a15538c6a0855a9cbb7bd1510","family",NA,"Bacteroidetes","Flavobacteriia","Flavobacteriales","Flavobacteriaceae",NA,NA,"Flavobacteriaceae","consensus","consensus"
"343","e870b78a41169953b93e01bf6c126848e9d3bd3e","kingdom","Metazoa",NA,NA,NA,NA,NA,NA,"Metazoa","consensus","consensus"
"344","15d8cafc60a5e34896d0b4619c35b4dba594a0ac","species",NA,NA,NA,NA,NA,NA,"uncultured bacterium","uncultured bacterium","consensus","consensus"
"345","d9b00fa57a35b404b2cf67e5d06e2ae60190ac79","genus",NA,"Bacteroidetes","Flavobacteriia","Flavobacteriales","Flavobacteriaceae","Flavobacterium",NA,"Flavobacterium","consensus","consensus"
"346","1565f21e4d6d94402d7ef3d21f86fe9f1ba0c9e6","species","Metazoa","Arthropoda","Insecta","Plecoptera","Nemouridae","Zapada","Zapada cinctipes","Zapada cinctipes","consensus","consensus"
"347","54fb3d7fa39d40342bcf1a1f6ce8c0ca3932e6f8","genus",NA,"Bacteroidetes","Flavobacteriia","Flavobacteriales","Flavobacteriaceae","Flavobacterium",NA,"Flavobacterium","consensus","consensus"
"348","b049902bf8617577ed3e4bba5f3be597af2a0321","genus",NA,"Bacteroidetes","Flavobacteriia","Flavobacteriales","Flavobacteriaceae","Cellulophaga",NA,"Cellulophaga","consensus","consensus"
"349","fa7b5db893d09c8c4d9bd7107d502f896a916d24","genus",NA,"Bacteroidetes","Flavobacteriia","Flavobacteriales","Flavobacteriaceae","Polaribacter",NA,"Polaribacter","consensus","consensus"
"350","2df59e641330139e52efd14398a060eb8c1b0072","species",NA,"Discosea",NA,"Longamoebia","Acanthamoebidae","Acanthamoeba","Acanthamoeba comandoni","Acanthamoeba comandoni","consensus","consensus"
"351","4a93b63b23d7533226d79a671b28fcdca3f2c145","genus",NA,"Bacteroidetes","Flavobacteriia","Flavobacteriales","Flavobacteriaceae","Polaribacter",NA,"Polaribacter","consensus","consensus"
"352","4b98ad5be563e04cbf9f162ad06e9fccb1afce42","genus",NA,"Bacteroidetes","Flavobacteriia","Flavobacteriales","Crocinitomicaceae","Fluviicola",NA,"Fluviicola","consensus","consensus"
"353","791db3b38f23acbd87b448912114c0dec75b9b05","genus",NA,"Bacillariophyta","Bacillariophyceae","Eunotiales","Eunotiaceae","Eunotia",NA,"Eunotia","consensus","consensus"
"354","6a379b894319e443423b9a9c0c3b1cb8de73ace7","genus",NA,"Bacteroidetes","Flavobacteriia","Flavobacteriales","Flavobacteriaceae","Polaribacter",NA,"Polaribacter","consensus","consensus"
"355","b9563a47db0ce83cc6164d6bb26030224ba1b8b0","family",NA,"Bacteroidetes","Flavobacteriia","Flavobacteriales","Flavobacteriaceae",NA,NA,"Flavobacteriaceae","consensus","consensus"
"356","2301bad3e1440abbae3f9785bbc3a341d2b315d7","genus",NA,"Bacteroidetes","Flavobacteriia","Flavobacteriales","Flavobacteriaceae","Flavobacterium",NA,"Flavobacterium","consensus","consensus"
"357","1238a0559493d7f8e9f8e526b3866501a49552e5","species",NA,"Bacteroidetes","Flavobacteriia","Flavobacteriales","Flavobacteriaceae","Flavobacterium","Flavobacterium psychrophilum","Flavobacterium psychrophilum","consensus","consensus"
"358","6cefbdf39cb429784dbedb54139946430094ee27","genus",NA,"Bacteroidetes","Sphingobacteriia","Sphingobacteriales","Sphingobacteriaceae","Pedobacter",NA,"Pedobacter","consensus","consensus"
"359","cc358ad425e2c27dd9dee2e7a29ccb9d167a74ae","family",NA,"Bacteroidetes","Flavobacteriia","Flavobacteriales","Flavobacteriaceae",NA,NA,"Flavobacteriaceae","consensus","consensus"
"360","b11331b4e2043cf0742c9e68b9f81aa96192ef9e","genus",NA,"Bacteroidetes","Flavobacteriia","Flavobacteriales","Flavobacteriaceae","Polaribacter",NA,"Polaribacter","consensus","consensus"
"361","3f7118584ca2705fa3d53e5c330b96ef83933cdd","genus",NA,"Bacillariophyta","Bacillariophyceae","Bacillariales","Bacillariaceae","Pseudo-nitzschia",NA,"Pseudo-nitzschia","consensus","consensus"
"362","24331580d7e8c4c94d8ce95324fef8c726b3814d","genus",NA,"Bacteroidetes","Flavobacteriia","Flavobacteriales","Flavobacteriaceae","Polaribacter",NA,"Polaribacter","consensus","consensus"
"363","85bc628b701b71b0c9db4464c6ec1c70a83cff02","family",NA,"Bacteroidetes","Flavobacteriia","Flavobacteriales","Flavobacteriaceae",NA,NA,"Flavobacteriaceae","consensus","consensus"
"364","fb8428377f4763630e1840bb7682feed1e724fce","genus",NA,"Bacteroidetes","Flavobacteriia","Flavobacteriales","Flavobacteriaceae","Polaribacter",NA,"Polaribacter","consensus","consensus"
"365","ea516e7d884acf229bc77a0bf2798825035403c1","genus",NA,"Bacteroidetes","Flavobacteriia","Flavobacteriales","Flavobacteriaceae","Polaribacter",NA,"Polaribacter","consensus","consensus"
"366","d9bfaad68c905b3c1c9a1c72a19ecbd5c28d6f9b","family",NA,"Bacteroidetes","Flavobacteriia","Flavobacteriales","Flavobacteriaceae",NA,NA,"Flavobacteriaceae","consensus","consensus"
"367","c6d51054ce6defc9bc3f8a6f5677d22d414319a6","genus",NA,"Bacteroidetes","Flavobacteriia","Flavobacteriales","Flavobacteriaceae","Polaribacter",NA,"Polaribacter","consensus","consensus"
"368","7642f2e998bf6788117936a7c4e6cb0777802ffc","genus",NA,"Oomycota",NA,"Pythiales","Pythiaceae","Pythium",NA,"Pythium","consensus","consensus"
"369","d238550f77009dc30ad4ef214c46ef4443c23eca","order",NA,"Evosea","Eumycetozoa","Physariida",NA,NA,NA,"Physariida","consensus","consensus"
"370","70381cc87f53fc096f08608b227cb9f405251563","family",NA,"Bacteroidetes","Flavobacteriia","Flavobacteriales","Flavobacteriaceae",NA,NA,"Flavobacteriaceae","consensus","consensus"
"371","694746e4fef75189ed3f09698167e3974b1e88a0","family",NA,"Bacteroidetes","Flavobacteriia","Flavobacteriales","Flavobacteriaceae",NA,NA,"Flavobacteriaceae","consensus","consensus"
"372","553803b55419fc66fbd6752fab6010f6b6fb5927","family",NA,"Bacteroidetes","Flavobacteriia","Flavobacteriales","Flavobacteriaceae",NA,NA,"Flavobacteriaceae","consensus","consensus"
"373","43e1e698c67bc5a7b4ffc0c8e161363f40513aeb","family",NA,"Bacteroidetes","Flavobacteriia","Flavobacteriales","Flavobacteriaceae",NA,NA,"Flavobacteriaceae","consensus","consensus"
"374","a6539b536e85826e456c1d3fa33acb974cef1e66","family",NA,"Bacteroidetes","Flavobacteriia","Flavobacteriales","Flavobacteriaceae",NA,NA,"Flavobacteriaceae","consensus","consensus"
"375","f272469f8e33117d4470c46a777773b8a3e5c4bb","family",NA,"Bacteroidetes","Flavobacteriia","Flavobacteriales","Flavobacteriaceae",NA,NA,"Flavobacteriaceae","consensus","consensus"
"376","08d902b29688409e151a5994c3a2dd312688b5c9","family",NA,"Bacteroidetes","Flavobacteriia","Flavobacteriales","Flavobacteriaceae",NA,NA,"Flavobacteriaceae","consensus","consensus"
