"","Sample_name","species","tot"
"1","COI.0321.1Prt.Dn.1","Didelphis virginiana",151
"2","COI.0321.1Prt.Dn.1","Hesperoperla pacifica",4
"3","COI.0321.1Prt.Dn.1","Hydra vulgaris",20
"4","COI.0321.1Prt.Dn.1","Lepidostoma unicolor",33
"5","COI.0321.1Prt.Dn.1","Lumbriculus variegatus",6
"6","COI.0321.1Prt.Dn.1","Oncorhynchus kisutch",36
"7","COI.0321.1Prt.Dn.1","Peridinium willei",72
"8","COI.0321.1Prt.Dn.1","Phytophthora cambivora",56
"9","COI.0321.1Prt.Dn.1","Phytophthora gonapodyides",75
"10","COI.0321.1Prt.Dn.1","Stylodrilus heringianus",19
"11","COI.0321.1Prt.Dn.1","Thoracosphaera heimii",467
"12","COI.0321.1Prt.Dn.1","Wormaldia anilla",155
"13","COI.0321.1Prt.Dn.2","Arion ater",15
"14","COI.0321.1Prt.Dn.2","Arion rufus",10
"15","COI.0321.1Prt.Dn.2","Castor canadensis",77
"16","COI.0321.1Prt.Dn.2","Cyanocitta stelleri",8
"17","COI.0321.1Prt.Dn.2","Dendrobaena octaedra",3
"18","COI.0321.1Prt.Dn.2","Dendrodrilus rubidus",23
"19","COI.0321.1Prt.Dn.2","Didelphis virginiana",84
"20","COI.0321.1Prt.Dn.2","Drosophila suzukii",6
"21","COI.0321.1Prt.Dn.2","Hydra vulgaris",107
"22","COI.0321.1Prt.Dn.2","Lepidostoma unicolor",166
"23","COI.0321.1Prt.Dn.2","Limnodrilus claparedianus",2
"24","COI.0321.1Prt.Dn.2","Parapsyche almota",76
"25","COI.0321.1Prt.Dn.2","Peridinium willei",182
"26","COI.0321.1Prt.Dn.2","Phytophthora gallica",29
"27","COI.0321.1Prt.Dn.2","Phytophthora gonapodyides",31
"28","COI.0321.1Prt.Dn.2","Phytophthora lacustris",22
"29","COI.0321.1Prt.Dn.2","Psychoglypha alascensis",48
"30","COI.0321.1Prt.Dn.2","Pteronarcys princeps",39
"31","COI.0321.1Prt.Dn.2","Stylodrilus heringianus",32
"32","COI.0321.1Prt.Dn.2","Thoracosphaera heimii",373
"33","COI.0321.1Prt.Dn.2","Tubifex tubifex",12
"34","COI.0321.1Prt.Dn.2","Wormaldia anilla",78
"35","COI.0321.1Prt.Dn.3","Arion silvaticus",21
"36","COI.0321.1Prt.Dn.3","Castor canadensis",31
"37","COI.0321.1Prt.Dn.3","Cochliopodium kieliense",4
"38","COI.0321.1Prt.Dn.3","Didelphis virginiana",79
"39","COI.0321.1Prt.Dn.3","Eiseniella tetraedra",8
"40","COI.0321.1Prt.Dn.3","Lumbriculus variegatus",20
"41","COI.0321.1Prt.Dn.3","Lumbricus rubellus",28
"42","COI.0321.1Prt.Dn.3","Lumbricus terrestris",17
"43","COI.0321.1Prt.Dn.3","Oncorhynchus kisutch",9
"44","COI.0321.1Prt.Dn.3","Phytophthora cambivora",117
"45","COI.0321.1Prt.Dn.3","Phytophthora gallica",14
"46","COI.0321.1Prt.Dn.3","Phytophthora gonapodyides",51
"47","COI.0321.1Prt.Dn.3","Phytophthora lacustris",11
"48","COI.0321.1Prt.Dn.3","Phytophthora syringae",4
"49","COI.0321.1Prt.Dn.3","Psychoglypha alascensis",13
"50","COI.0321.1Prt.Dn.3","Rhyacophila narvae",30
"51","COI.0321.1Prt.Dn.3","Stylodrilus heringianus",8
"52","COI.0321.1Prt.Dn.3","Thoracosphaera heimii",365
"53","COI.0321.1Prt.Dn.3","Wormaldia anilla",72
"54","COI.0321.1Prt.Up.1","Cochliopodium kieliense",4
"55","COI.0321.1Prt.Up.1","Cochliopodium minus",6
"56","COI.0321.1Prt.Up.1","Cyanocitta stelleri",23
"57","COI.0321.1Prt.Up.1","Dero digitata",5
"58","COI.0321.1Prt.Up.1","Didelphis virginiana",10
"59","COI.0321.1Prt.Up.1","Eiseniella tetraedra",12
"60","COI.0321.1Prt.Up.1","Habrosyne scripta",3
"61","COI.0321.1Prt.Up.1","Hydra vulgaris",43
"62","COI.0321.1Prt.Up.1","Lepidostoma unicolor",15
"63","COI.0321.1Prt.Up.1","Lumbriculus variegatus",6
"64","COI.0321.1Prt.Up.1","Lumbricus rubellus",8
"65","COI.0321.1Prt.Up.1","Peridinium willei",81
"66","COI.0321.1Prt.Up.1","Phytophthora cambivora",71
"67","COI.0321.1Prt.Up.1","Phytophthora gonapodyides",42
"68","COI.0321.1Prt.Up.1","Phytophthora lacustris",40
"69","COI.0321.1Prt.Up.1","Psychoglypha alascensis",33
"70","COI.0321.1Prt.Up.1","Pteronarcys princeps",7
"71","COI.0321.1Prt.Up.1","Rattus rattus",8
"72","COI.0321.1Prt.Up.1","Stylodrilus heringianus",28
"73","COI.0321.1Prt.Up.1","Thoracosphaera heimii",298
"74","COI.0321.1Prt.Up.1","Tubifex tubifex",36
"75","COI.0321.1Prt.Up.1","Wormaldia anilla",21
"76","COI.0321.1Prt.Up.1","Zygiella atrica",7
"77","COI.0321.1Prt.Up.2","Arion ater",5
"78","COI.0321.1Prt.Up.2","Arion subfuscus",5
"79","COI.0321.1Prt.Up.2","Castor canadensis",78
"80","COI.0321.1Prt.Up.2","Dero digitata",6
"81","COI.0321.1Prt.Up.2","Didelphis virginiana",8
"82","COI.0321.1Prt.Up.2","Goeracea genota",9
"83","COI.0321.1Prt.Up.2","Hydra vulgaris",54
"84","COI.0321.1Prt.Up.2","Lepidostoma unicolor",35
"85","COI.0321.1Prt.Up.2","Limnephilus nogus",15
"86","COI.0321.1Prt.Up.2","Lumbriculus variegatus",27
"87","COI.0321.1Prt.Up.2","Oncorhynchus kisutch",12
"88","COI.0321.1Prt.Up.2","Parapsyche almota",69
"89","COI.0321.1Prt.Up.2","Passerella iliaca",16
"90","COI.0321.1Prt.Up.2","Phytophthora cambivora",82
"91","COI.0321.1Prt.Up.2","Phytophthora gonapodyides",84
"92","COI.0321.1Prt.Up.2","Phytophthora lacustris",34
"93","COI.0321.1Prt.Up.2","Psychoglypha alascensis",70
"94","COI.0321.1Prt.Up.2","Rhyacophila narvae",21
"95","COI.0321.1Prt.Up.2","Stylodrilus heringianus",28
"96","COI.0321.1Prt.Up.2","Thoracosphaera heimii",432
"97","COI.0321.1Prt.Up.2","Wormaldia anilla",5
"98","COI.0321.1Prt.Up.3","Castor canadensis",116
"99","COI.0321.1Prt.Up.3","Daphnia obtusa",2
"100","COI.0321.1Prt.Up.3","Dendrodrilus rubidus",117
"101","COI.0321.1Prt.Up.3","Didelphis virginiana",2
"102","COI.0321.1Prt.Up.3","Hydra vulgaris",11
"103","COI.0321.1Prt.Up.3","Lepidostoma cascadense",794
"104","COI.0321.1Prt.Up.3","Lepidostoma unicolor",25
"105","COI.0321.1Prt.Up.3","Lumbricus rubellus",22
"106","COI.0321.1Prt.Up.3","Onocosmoecus unicolor",19
"107","COI.0321.1Prt.Up.3","Ophyiulus pilosus",9
"108","COI.0321.1Prt.Up.3","Phytophthora gallica",5
"109","COI.0321.1Prt.Up.3","Phytophthora gonapodyides",54
"110","COI.0321.1Prt.Up.3","Phytophthora lacustris",48
"111","COI.0321.1Prt.Up.3","Procyon lotor",3
"112","COI.0321.1Prt.Up.3","Psychoglypha alascensis",18
"113","COI.0321.1Prt.Up.3","Stylodrilus heringianus",38
"114","COI.0321.1Prt.Up.3","Synchaeta pectinata",6
"115","COI.0321.1Prt.Up.3","Thoracosphaera heimii",291
"116","COI.0321.1Prt.Up.3","Wormaldia anilla",10
"117","COI.0321.2Brn.Dn.1","Aporrectodea caliginosa",90
"118","COI.0321.2Brn.Dn.1","Chironomus maturus",8
"119","COI.0321.2Brn.Dn.1","Dolophilodes novusamericanus",9
"120","COI.0321.2Brn.Dn.1","Eiseniella tetraedra",37
"121","COI.0321.2Brn.Dn.1","Glossosoma penitus",5
"122","COI.0321.2Brn.Dn.1","Homo sapiens",12
"123","COI.0321.2Brn.Dn.1","Hydra vulgaris",4
"124","COI.0321.2Brn.Dn.1","Hydriomena marinata",16
"125","COI.0321.2Brn.Dn.1","Lepidostoma cascadense",46
"126","COI.0321.2Brn.Dn.1","Lepidostoma unicolor",9
"127","COI.0321.2Brn.Dn.1","Lumbricus castaneus",5
"128","COI.0321.2Brn.Dn.1","Parapsyche almota",17
"129","COI.0321.2Brn.Dn.1","Phytophthora cambivora",248
"130","COI.0321.2Brn.Dn.1","Phytophthora gonapodyides",15
"131","COI.0321.2Brn.Dn.1","Pteronarcys princeps",81
"132","COI.0321.2Brn.Dn.1","Stylodrilus heringianus",21
"133","COI.0321.2Brn.Dn.2","Aporrectodea caliginosa",44
"134","COI.0321.2Brn.Dn.2","Dermatophagoides farinae",9
"135","COI.0321.2Brn.Dn.2","Epinotia albangulana",6
"136","COI.0321.2Brn.Dn.2","Hydra vulgaris",10
"137","COI.0321.2Brn.Dn.2","Parapsyche almota",22
"138","COI.0321.2Brn.Dn.2","Phytophthora cambivora",392
"139","COI.0321.2Brn.Dn.2","Phytophthora gonapodyides",23
"140","COI.0321.2Brn.Dn.2","Phytophthora pseudosyringae",48
"141","COI.0321.2Brn.Dn.2","Pteronarcys princeps",90
"142","COI.0321.2Brn.Dn.2","Stylodrilus heringianus",19
"143","COI.0321.2Brn.Dn.3","Aporrectodea caliginosa",31
"144","COI.0321.2Brn.Dn.3","Argyresthia goedartella",21
"145","COI.0321.2Brn.Dn.3","Ctenosciara hyalipennis",10
"146","COI.0321.2Brn.Dn.3","Homo sapiens",8
"147","COI.0321.2Brn.Dn.3","Hydra vulgaris",18
"148","COI.0321.2Brn.Dn.3","Lepidostoma cascadense",29
"149","COI.0321.2Brn.Dn.3","Octolasion cyaneum",6
"150","COI.0321.2Brn.Dn.3","Paracladura trichoptera",7
"151","COI.0321.2Brn.Dn.3","Parapsyche almota",16
"152","COI.0321.2Brn.Dn.3","Phytophthora cambivora",304
"153","COI.0321.2Brn.Dn.3","Phytophthora gonapodyides",22
"154","COI.0321.2Brn.Dn.3","Psychoglypha alascensis",5
"155","COI.0321.2Brn.Dn.3","Pteronarcys princeps",117
"156","COI.0321.2Brn.Up.1","Araeopidius monachus",5
"157","COI.0321.2Brn.Up.1","Argyresthia goedartella",51
"158","COI.0321.2Brn.Up.1","Dolophilodes novusamericanus",22
"159","COI.0321.2Brn.Up.1","Eisenia fetida",7
"160","COI.0321.2Brn.Up.1","Eiseniella tetraedra",4
"161","COI.0321.2Brn.Up.1","Octolasion cyaneum",12
"162","COI.0321.2Brn.Up.1","Parapsyche almota",15
"163","COI.0321.2Brn.Up.1","Parapsyche elsis",9
"164","COI.0321.2Brn.Up.1","Phytophthora cambivora",135
"165","COI.0321.2Brn.Up.1","Phytophthora gonapodyides",10
"166","COI.0321.2Brn.Up.1","Pteronarcys princeps",72
"167","COI.0321.2Brn.Up.2","Arion ater",4
"168","COI.0321.2Brn.Up.2","Dolophilodes novusamericanus",8
"169","COI.0321.2Brn.Up.2","Homo sapiens",14
"170","COI.0321.2Brn.Up.2","Phytophthora cambivora",12
"171","COI.0321.2Brn.Up.2","Pteronarcys princeps",9
"172","COI.0321.2Brn.Up.2.OLD","Octolasion cyaneum",7
"173","COI.0321.2Brn.Up.2.OLD","Phytophthora cambivora",5
"174","COI.0321.2Brn.Up.2.OLD","Pteronarcys princeps",9
"175","COI.0321.2Brn.Up.2TR2","Dolophilodes novusamericanus",12
"176","COI.0321.2Brn.Up.2TR2","Phytophthora cambivora",30
"177","COI.0321.2Brn.Up.2TR2","Phytophthora gonapodyides",6
"178","COI.0321.2Brn.Up.2TR2","Pteronarcys princeps",15
"179","COI.0321.2Brn.Up.2TR3","Argyresthia goedartella",2
"180","COI.0321.2Brn.Up.2TR3","Dolophilodes novusamericanus",64
"181","COI.0321.2Brn.Up.2TR3","Eiseniella tetraedra",7
"182","COI.0321.2Brn.Up.2TR3","Homo sapiens",81
"183","COI.0321.2Brn.Up.2TR3","Phytophthora cambivora",128
"184","COI.0321.2Brn.Up.2TR3","Phytophthora gonapodyides",33
"185","COI.0321.2Brn.Up.2TR3","Psychoglypha alascensis",6
"186","COI.0321.2Brn.Up.2TR3","Pteronarcys princeps",49
"187","COI.0321.2Brn.Up.3","Araeopidius monachus",7
"188","COI.0321.2Brn.Up.3","Argyresthia goedartella",5
"189","COI.0321.2Brn.Up.3","Dolophilodes novusamericanus",36
"190","COI.0321.2Brn.Up.3","Hydra vulgaris",5
"191","COI.0321.2Brn.Up.3","Phytophthora cambivora",7
"192","COI.0321.2Brn.Up.3","Pteronarcys princeps",110
"193","COI.0321.2Brn.Up.3","Troglodytes troglodytes",24
"194","COI.0321.3Chk.Dn.1","Aporrectodea caliginosa L3",42
"195","COI.0321.3Chk.Dn.1","Baetis bicaudatus",15
"196","COI.0321.3Chk.Dn.1","Ceranemota fasciata",4
"197","COI.0321.3Chk.Dn.1","Dendrodrilus rubidus",37
"198","COI.0321.3Chk.Dn.1","Eiseniella tetraedra",7
"199","COI.0321.3Chk.Dn.1","Glossosoma penitus",4
"200","COI.0321.3Chk.Dn.1","Homo sapiens",33
"201","COI.0321.3Chk.Dn.1","Lumbriculus variegatus",12
"202","COI.0321.3Chk.Dn.1","Lumbricus terrestris",26
"203","COI.0321.3Chk.Dn.1","Neurotrichus gibbsii",6
"204","COI.0321.3Chk.Dn.1","Parapsyche almota",46
"205","COI.0321.3Chk.Dn.1","Phytophthora cambivora",423
"206","COI.0321.3Chk.Dn.1","Phytophthora gonapodyides",287
"207","COI.0321.3Chk.Dn.1","Phytophthora lacustris",22
"208","COI.0321.3Chk.Dn.1","Phytophthora pseudosyringae",42
"209","COI.0321.3Chk.Dn.1","Psychoglypha alascensis",6
"210","COI.0321.3Chk.Dn.1","Pteronarcys princeps",28
"211","COI.0321.3Chk.Dn.1","Rhynchodemus sylvaticus",7
"212","COI.0321.3Chk.Dn.1","Spongilla lacustris",13
"213","COI.0321.3Chk.Dn.1","Stylodrilus heringianus",54
"214","COI.0321.3Chk.Dn.2","Aporrectodea caliginosa L3",27
"215","COI.0321.3Chk.Dn.2","Aporrectodea rosea",6
"216","COI.0321.3Chk.Dn.2","Cochliopodium minutoidum",6
"217","COI.0321.3Chk.Dn.2","Ctenosciara hyalipennis",4
"218","COI.0321.3Chk.Dn.2","Dendrobaena attemsi",2
"219","COI.0321.3Chk.Dn.2","Dendrodrilus rubidus",26
"220","COI.0321.3Chk.Dn.2","Euplexia benesimilis",7
"221","COI.0321.3Chk.Dn.2","Glossosoma penitus",7
"222","COI.0321.3Chk.Dn.2","Lumbricus terrestris",17
"223","COI.0321.3Chk.Dn.2","Octolasion tyrtaeum",16
"224","COI.0321.3Chk.Dn.2","Parapsyche almota",11
"225","COI.0321.3Chk.Dn.2","Phytophthora cactorum",43
"226","COI.0321.3Chk.Dn.2","Phytophthora cambivora",864
"227","COI.0321.3Chk.Dn.2","Phytophthora gonapodyides",257
"228","COI.0321.3Chk.Dn.2","Phytophthora pseudosyringae",9
"229","COI.0321.3Chk.Dn.2","Rhyacophila perplana",11
"230","COI.0321.3Chk.Dn.2","Spinus spinus",10
"231","COI.0321.3Chk.Dn.2","Stylodrilus heringianus",18
"232","COI.0321.3Chk.Dn.3","Arion rufus",2
"233","COI.0321.3Chk.Dn.3","Dendrodrilus rubidus",31
"234","COI.0321.3Chk.Dn.3","Homo sapiens",15
"235","COI.0321.3Chk.Dn.3","Lepidostoma cascadense",17
"236","COI.0321.3Chk.Dn.3","Lumbriculus variegatus",6
"237","COI.0321.3Chk.Dn.3","Lumbricus terrestris",42
"238","COI.0321.3Chk.Dn.3","Parapsyche almota",242
"239","COI.0321.3Chk.Dn.3","Phytophthora cambivora",827
"240","COI.0321.3Chk.Dn.3","Phytophthora gonapodyides",327
"241","COI.0321.3Chk.Dn.3","Phytophthora pseudosyringae",48
"242","COI.0321.3Chk.Dn.3","Phytophthora taxon Pgchlamydo",10
"243","COI.0321.3Chk.Dn.3","Pteronarcys princeps",21
"244","COI.0321.3Chk.Dn.3","Selenia alciphearia",16
"245","COI.0321.3Chk.Dn.3","Spongilla lacustris",17
"246","COI.0321.3Chk.Dn.3","Stylodrilus heringianus",77
"247","COI.0321.3Chk.Dn.3","Venusia cambrica",8
"248","COI.0321.3Chk.Up.1","Argyresthia goedartella",8
"249","COI.0321.3Chk.Up.1","Arion subfuscus",2
"250","COI.0321.3Chk.Up.1","Baetis bicaudatus",18
"251","COI.0321.3Chk.Up.1","Cochliopodium minutoidum",8
"252","COI.0321.3Chk.Up.1","Dendrodrilus rubidus",90
"253","COI.0321.3Chk.Up.1","Homo sapiens",13
"254","COI.0321.3Chk.Up.1","Hydra vulgaris",68
"255","COI.0321.3Chk.Up.1","Lepidostoma unicolor",11
"256","COI.0321.3Chk.Up.1","Lumbriculus variegatus",19
"257","COI.0321.3Chk.Up.1","Lumbricus terrestris",38
"258","COI.0321.3Chk.Up.1","Parapsyche almota",26
"259","COI.0321.3Chk.Up.1","Phytophthora cambivora",511
"260","COI.0321.3Chk.Up.1","Phytophthora gonapodyides",293
"261","COI.0321.3Chk.Up.1","Phytophthora pseudosyringae",45
"262","COI.0321.3Chk.Up.1","Pteronarcys princeps",7
"263","COI.0321.3Chk.Up.1","Rhyacophila grandis",6
"264","COI.0321.3Chk.Up.1","Spongilla lacustris",12
"265","COI.0321.3Chk.Up.1","Stylodrilus heringianus",60
"266","COI.0321.3Chk.Up.2","Arion ater",9
"267","COI.0321.3Chk.Up.2","Arion intermedius",3
"268","COI.0321.3Chk.Up.2","Arion rufus",16
"269","COI.0321.3Chk.Up.2","Ctenosciara hyalipennis",9
"270","COI.0321.3Chk.Up.2","Dendrodrilus rubidus",10
"271","COI.0321.3Chk.Up.2","Didelphis virginiana",4
"272","COI.0321.3Chk.Up.2","Homo sapiens",7
"273","COI.0321.3Chk.Up.2","Hydra vulgaris",5
"274","COI.0321.3Chk.Up.2","Lumbriculus variegatus",9
"275","COI.0321.3Chk.Up.2","Lumbricus terrestris",23
"276","COI.0321.3Chk.Up.2","Parapsyche almota",21
"277","COI.0321.3Chk.Up.2","Phytophthora cambivora",487
"278","COI.0321.3Chk.Up.2","Phytophthora gonapodyides",211
"279","COI.0321.3Chk.Up.2","Phytophthora lacustris",30
"280","COI.0321.3Chk.Up.2","Spongilla lacustris",9
"281","COI.0321.3Chk.Up.2","Stylodrilus heringianus",22
"282","COI.0321.3Chk.Up.2","Tipula usitata",8
"283","COI.0321.3Chk.Up.3","Argyresthia goedartella",22
"284","COI.0321.3Chk.Up.3","Baetis bicaudatus",5
"285","COI.0321.3Chk.Up.3","Biston betularia",9
"286","COI.0321.3Chk.Up.3","Cochliopodium minutoidum",14
"287","COI.0321.3Chk.Up.3","Cryptochia pilosa",8
"288","COI.0321.3Chk.Up.3","Dendrobaena octaedra",7
"289","COI.0321.3Chk.Up.3","Eiseniella tetraedra",6
"290","COI.0321.3Chk.Up.3","Lumbriculus variegatus",19
"291","COI.0321.3Chk.Up.3","Lumbricus terrestris",46
"292","COI.0321.3Chk.Up.3","Parapsyche almota",21
"293","COI.0321.3Chk.Up.3","Phytophthora cambivora",361
"294","COI.0321.3Chk.Up.3","Phytophthora gonapodyides",282
"295","COI.0321.3Chk.Up.3","Phytophthora lacustris",79
"296","COI.0321.3Chk.Up.3","Phytophthora pseudosyringae",37
"297","COI.0321.3Chk.Up.3","Phytophthora taxon Pgchlamydo",7
"298","COI.0321.3Chk.Up.3","Psychoglypha alascensis",11
"299","COI.0321.3Chk.Up.3","Pteronarcys princeps",3
"300","COI.0321.3Chk.Up.3","Pythium attrantheridium",43
"301","COI.0321.3Chk.Up.3","Spinus spinus",11
"302","COI.0321.3Chk.Up.3","Spongilla lacustris",18
"303","COI.0321.3Chk.Up.3","Stylodrilus heringianus",68
"304","COI.0321.4Pad.Dn.1","Chrysochromulina parva",50
"305","COI.0321.4Pad.Dn.1","Cochliopodium kieliense",3
"306","COI.0321.4Pad.Dn.1","Corbicula fluminea",4
"307","COI.0321.4Pad.Dn.1","Eiseniella tetraedra",5
"308","COI.0321.4Pad.Dn.1","Gomphonema parvulum",20
"309","COI.0321.4Pad.Dn.1","Hydra oligactis",25
"310","COI.0321.4Pad.Dn.1","Hydra vulgaris",6
"311","COI.0321.4Pad.Dn.1","Parapsyche almota",9
"312","COI.0321.4Pad.Dn.1","Phytophthora cambivora",134
"313","COI.0321.4Pad.Dn.1","Phytophthora gonapodyides",18
"314","COI.0321.4Pad.Dn.1","Potamopyrgus antipodarum",4
"315","COI.0321.4Pad.Dn.1","Psychoglypha alascensis",8
"316","COI.0321.4Pad.Dn.1","Pteronarcys princeps",23
"317","COI.0321.4Pad.Dn.1","Stephanodiscus meyeri",152
"318","COI.0321.4Pad.Dn.1","Stylodrilus heringianus",4
"319","COI.0321.4Pad.Dn.2","Chrysochromulina parva",43
"320","COI.0321.4Pad.Dn.2","Gomphonema parvulum",22
"321","COI.0321.4Pad.Dn.2","Hydra oligactis",32
"322","COI.0321.4Pad.Dn.2","Peridinium willei",146
"323","COI.0321.4Pad.Dn.2","Phytophthora cambivora",232
"324","COI.0321.4Pad.Dn.2","Phytophthora gonapodyides",12
"325","COI.0321.4Pad.Dn.2","Phytophthora pseudosyringae",6
"326","COI.0321.4Pad.Dn.2","Psychoglypha alascensis",20
"327","COI.0321.4Pad.Dn.2","Pteronarcys princeps",26
"328","COI.0321.4Pad.Dn.2","Stephanodiscus meyeri",152
"329","COI.0321.4Pad.Dn.3","Chrysochromulina parva",39
"330","COI.0321.4Pad.Dn.3","Corbicula fluminea",8
"331","COI.0321.4Pad.Dn.3","Cottus asper",4
"332","COI.0321.4Pad.Dn.3","Glossosoma penitus",2
"333","COI.0321.4Pad.Dn.3","Gomphonema parvulum",6
"334","COI.0321.4Pad.Dn.3","Hydra oligactis",46
"335","COI.0321.4Pad.Dn.3","Hydra vulgaris",24
"336","COI.0321.4Pad.Dn.3","Octolasion cyaneum",12
"337","COI.0321.4Pad.Dn.3","Parapsyche almota",3
"338","COI.0321.4Pad.Dn.3","Peridinium willei",40
"339","COI.0321.4Pad.Dn.3","Phytophthora cambivora",248
"340","COI.0321.4Pad.Dn.3","Phytophthora gonapodyides",7
"341","COI.0321.4Pad.Dn.3","Psychoglypha alascensis",81
"342","COI.0321.4Pad.Dn.3","Pythium junctum",7
"343","COI.0321.4Pad.Dn.3","Stephanodiscus meyeri",71
"344","COI.0321.4Pad.Dn.3","Stylodrilus heringianus",2
"345","COI.0321.4Pad.Up11.1","Chrysochromulina parva",27
"346","COI.0321.4Pad.Up11.1","Corbicula fluminea",15
"347","COI.0321.4Pad.Up11.1","Crangonyx floridanus",2
"348","COI.0321.4Pad.Up11.1","Hydra oligactis",38
"349","COI.0321.4Pad.Up11.1","Hydra vulgaris",16
"350","COI.0321.4Pad.Up11.1","Lumbriculus variegatus",2
"351","COI.0321.4Pad.Up11.1","Parapsyche almota",78
"352","COI.0321.4Pad.Up11.1","Peridinium willei",56
"353","COI.0321.4Pad.Up11.1","Phytophthora cambivora",158
"354","COI.0321.4Pad.Up11.1","Phytophthora gonapodyides",8
"355","COI.0321.4Pad.Up11.1","Psychoglypha alascensis",24
"356","COI.0321.4Pad.Up11.1","Pteronarcys princeps",15
"357","COI.0321.4Pad.Up11.1","Pythium junctum",10
"358","COI.0321.4Pad.Up11.1","Stephanodiscus meyeri",45
"359","COI.0321.4Pad.Up11.1","Stylodrilus heringianus",7
"360","COI.0321.4Pad.Up11.1","Tipula usitata",2
"361","COI.0321.4Pad.Up11.2","Chrysochromulina parva",32
"362","COI.0321.4Pad.Up11.2","Cochliopodium minus",6
"363","COI.0321.4Pad.Up11.2","Corbicula fluminea",3
"364","COI.0321.4Pad.Up11.2","Cottus asper",2
"365","COI.0321.4Pad.Up11.2","Hydra oligactis",35
"366","COI.0321.4Pad.Up11.2","Hydra vulgaris",4
"367","COI.0321.4Pad.Up11.2","Lumbricus terrestris",5
"368","COI.0321.4Pad.Up11.2","Parapsyche almota",8
"369","COI.0321.4Pad.Up11.2","Peridinium willei",37
"370","COI.0321.4Pad.Up11.2","Phytophthora cambivora",65
"371","COI.0321.4Pad.Up11.2","Pteronarcys princeps",2
"372","COI.0321.4Pad.Up11.2","Pythium biforme",10
"373","COI.0321.4Pad.Up11.2","Pythium junctum",3
"374","COI.0321.4Pad.Up11.2","Stephanodiscus meyeri",26
"375","COI.0321.4Pad.Up11.3","Aporrectodea caliginosa L3",5
"376","COI.0321.4Pad.Up11.3","Chrysochromulina parva",29
"377","COI.0321.4Pad.Up11.3","Corbicula fluminea",4
"378","COI.0321.4Pad.Up11.3","Hydra oligactis",51
"379","COI.0321.4Pad.Up11.3","Hydra viridissima",2
"380","COI.0321.4Pad.Up11.3","Hydra vulgaris",6
"381","COI.0321.4Pad.Up11.3","Lumbriculus variegatus",3
"382","COI.0321.4Pad.Up11.3","Ophyiulus pilosus",2
"383","COI.0321.4Pad.Up11.3","Parapsyche almota",5
"384","COI.0321.4Pad.Up11.3","Peridinium willei",8
"385","COI.0321.4Pad.Up11.3","Phytophthora cambivora",119
"386","COI.0321.4Pad.Up11.3","Psychoglypha alascensis",4
"387","COI.0321.4Pad.Up11.3","Stephanodiscus meyeri",51
"388","COI.0321.4Pad.Up11.3","Stylodrilus heringianus",2
"389","COI.0321.4Pad.Up11.3","Tipula usitata",18
"390","COI.0321.4Pad.Up5.1","Chrysochromulina parva",16
"391","COI.0321.4Pad.Up5.1","Corbicula fluminea",2
"392","COI.0321.4Pad.Up5.1","Homo sapiens",10
"393","COI.0321.4Pad.Up5.1","Hydra oligactis",73
"394","COI.0321.4Pad.Up5.1","Hydra vulgaris",6
"395","COI.0321.4Pad.Up5.1","Lumbricus terrestris",3
"396","COI.0321.4Pad.Up5.1","Phytophthora cambivora",20
"397","COI.0321.4Pad.Up5.1","Phytophthora gonapodyides",7
"398","COI.0321.4Pad.Up5.1","Pteronarcys princeps",12
"399","COI.0321.4Pad.Up5.1","Stephanodiscus meyeri",34
"400","COI.0321.4Pad.Up5.1","Stylodrilus heringianus",5
"401","COI.0321.4Pad.Up5.2","Chrysochromulina parva",78
"402","COI.0321.4Pad.Up5.2","Hydra oligactis",114
"403","COI.0321.4Pad.Up5.2","Hydra vulgaris",22
"404","COI.0321.4Pad.Up5.2","Peridinium willei",9
"405","COI.0321.4Pad.Up5.2","Phytophthora cambivora",258
"406","COI.0321.4Pad.Up5.2","Phytophthora gonapodyides",6
"407","COI.0321.4Pad.Up5.2","Phytophthora taxon Pgchlamydo",14
"408","COI.0321.4Pad.Up5.2","Stephanodiscus meyeri",111
"409","COI.0321.4Pad.Up5.2","Stylodrilus heringianus",2
"410","COI.0321.4Pad.Up5.3","Argyresthia goedartella",2
"411","COI.0321.4Pad.Up5.3","Chrysochromulina parva",57
"412","COI.0321.4Pad.Up5.3","Corbicula fluminea",6
"413","COI.0321.4Pad.Up5.3","Cottus asper",3
"414","COI.0321.4Pad.Up5.3","Hydra oligactis",88
"415","COI.0321.4Pad.Up5.3","Hydra vulgaris",15
"416","COI.0321.4Pad.Up5.3","Lumbricus terrestris",4
"417","COI.0321.4Pad.Up5.3","Peridinium willei",276
"418","COI.0321.4Pad.Up5.3","Phytophthora cambivora",157
"419","COI.0321.4Pad.Up5.3","Phytophthora gonapodyides",7
"420","COI.0321.4Pad.Up5.3","Stephanodiscus meyeri",77
"421","COI.0321.4Pad.Up5.3","Stylodrilus heringianus",14
"422","COI.0321.5Sqm.Dn.1","Ardea herodias",3
"423","COI.0321.5Sqm.Dn.1","Bos taurus",2
"424","COI.0321.5Sqm.Dn.1","Castor canadensis",5
"425","COI.0321.5Sqm.Dn.1","Chironomus maturus",2
"426","COI.0321.5Sqm.Dn.1","Hydra oligactis",61
"427","COI.0321.5Sqm.Dn.1","Hydra vulgaris",8
"428","COI.0321.5Sqm.Dn.1","Parapsyche almota",13
"429","COI.0321.5Sqm.Dn.1","Phytophthora cambivora",253
"430","COI.0321.5Sqm.Dn.1","Phytophthora gonapodyides",29
"431","COI.0321.5Sqm.Dn.1","Phytophthora lacustris",47
"432","COI.0321.5Sqm.Dn.1","Rhyacodrilus falciformis",2
"433","COI.0321.5Sqm.Dn.1","Spinus spinus",4
"434","COI.0321.5Sqm.Dn.1","Spongilla lacustris",2
"435","COI.0321.5Sqm.Dn.1","Stylodrilus heringianus",10
"436","COI.0321.5Sqm.Dn.2","Ardea herodias",12
"437","COI.0321.5Sqm.Dn.2","Arion subfuscus",2
"438","COI.0321.5Sqm.Dn.2","Castor canadensis",126
"439","COI.0321.5Sqm.Dn.2","Dendrodrilus rubidus",9
"440","COI.0321.5Sqm.Dn.2","Eisenia fetida",5
"441","COI.0321.5Sqm.Dn.2","Eunapius fragilis",9
"442","COI.0321.5Sqm.Dn.2","Homo sapiens",12
"443","COI.0321.5Sqm.Dn.2","Hydra oligactis",112
"444","COI.0321.5Sqm.Dn.2","Lumbricus terrestris",12
"445","COI.0321.5Sqm.Dn.2","Parapsyche almota",47
"446","COI.0321.5Sqm.Dn.2","Peridinium willei",21
"447","COI.0321.5Sqm.Dn.2","Phytophthora cambivora",119
"448","COI.0321.5Sqm.Dn.2","Phytophthora gonapodyides",38
"449","COI.0321.5Sqm.Dn.2","Phytophthora lacustris",35
"450","COI.0321.5Sqm.Dn.2","Pimephales promelas",5
"451","COI.0321.5Sqm.Dn.2","Pteronarcys princeps",8
"452","COI.0321.5Sqm.Dn.2","Stylodrilus heringianus",34
"453","COI.0321.5Sqm.Dn.3","Ameiurus nebulosus",2
"454","COI.0321.5Sqm.Dn.3","Aporrectodea caliginosa",11
"455","COI.0321.5Sqm.Dn.3","Argyresthia goedartella",4
"456","COI.0321.5Sqm.Dn.3","Arion intermedius",3
"457","COI.0321.5Sqm.Dn.3","Castor canadensis",37
"458","COI.0321.5Sqm.Dn.3","Cramptonomyia spenceri",2
"459","COI.0321.5Sqm.Dn.3","Homo sapiens",16
"460","COI.0321.5Sqm.Dn.3","Hydra oligactis",85
"461","COI.0321.5Sqm.Dn.3","Hydra vulgaris",9
"462","COI.0321.5Sqm.Dn.3","Limnephilus externus",2
"463","COI.0321.5Sqm.Dn.3","Lumbriculus variegatus",5
"464","COI.0321.5Sqm.Dn.3","Parapsyche almota",21
"465","COI.0321.5Sqm.Dn.3","Phytophthora cambivora",349
"466","COI.0321.5Sqm.Dn.3","Phytophthora gonapodyides",32
"467","COI.0321.5Sqm.Dn.3","Phytophthora lacustris",50
"468","COI.0321.5Sqm.Dn.3","Phytophthora taxon Pgchlamydo",11
"469","COI.0321.5Sqm.Dn.3","Rhyacophila angelita",6
"470","COI.0321.5Sqm.Dn.3","Scaphinotus angusticollis",3
"471","COI.0321.5Sqm.Dn.3","Stylodrilus heringianus",27
"472","COI.0321.5Sqm.Dn.3","Synageles venator",3
"473","COI.0321.5Sqm.Dn.3","Thoracosphaera heimii",113
"474","COI.0321.5Sqm.Dn.4","Argyresthia goedartella",5
"475","COI.0321.5Sqm.Dn.4","Castor canadensis",8
"476","COI.0321.5Sqm.Dn.4","Cramptonomyia spenceri",3
"477","COI.0321.5Sqm.Dn.4","Fujientomon dicestum",2
"478","COI.0321.5Sqm.Dn.4","Hydra oligactis",100
"479","COI.0321.5Sqm.Dn.4","Hydra vulgaris",11
"480","COI.0321.5Sqm.Dn.4","Lumbricus terrestris",8
"481","COI.0321.5Sqm.Dn.4","Parapsyche almota",12
"482","COI.0321.5Sqm.Dn.4","Phytophthora cambivora",243
"483","COI.0321.5Sqm.Dn.4","Phytophthora gonapodyides",27
"484","COI.0321.5Sqm.Dn.4","Phytophthora lacustris",32
"485","COI.0321.5Sqm.Dn.4","Pimephales promelas",4
"486","COI.0321.5Sqm.Dn.4","Rhyacodrilus falciformis",7
"487","COI.0321.5Sqm.Dn.4","Stylodrilus heringianus",3
"488","COI.0321.5Sqm.Dn.5","Ardea herodias",16
"489","COI.0321.5Sqm.Dn.5","Castor canadensis",94
"490","COI.0321.5Sqm.Dn.5","Dendrodrilus rubidus",12
"491","COI.0321.5Sqm.Dn.5","Hydra oligactis",151
"492","COI.0321.5Sqm.Dn.5","Junco hyemalis",3
"493","COI.0321.5Sqm.Dn.5","Limax maximus",3
"494","COI.0321.5Sqm.Dn.5","Lumbricus terrestris",13
"495","COI.0321.5Sqm.Dn.5","Ondatra zibethicus",6
"496","COI.0321.5Sqm.Dn.5","Parapsyche almota",56
"497","COI.0321.5Sqm.Dn.5","Peridinium willei",62
"498","COI.0321.5Sqm.Dn.5","Phytophthora cambivora",90
"499","COI.0321.5Sqm.Dn.5","Phytophthora gonapodyides",49
"500","COI.0321.5Sqm.Dn.5","Phytophthora lacustris",53
"501","COI.0321.5Sqm.Dn.5","Psychoglypha alascensis",8
"502","COI.0321.5Sqm.Dn.5","Rhyacodrilus falciformis",2
"503","COI.0321.5Sqm.Dn.5","Spongilla lacustris",12
"504","COI.0321.5Sqm.Dn.5","Stylodrilus heringianus",28
"505","COI.0321.5Sqm.Dn.5","Thoracosphaera heimii",52
"506","COI.0321.5Sqm.Dn.6","Ameiurus nebulosus",2
"507","COI.0321.5Sqm.Dn.6","Argyresthia goedartella",3
"508","COI.0321.5Sqm.Dn.6","Castor canadensis",42
"509","COI.0321.5Sqm.Dn.6","Dendrodrilus rubidus",16
"510","COI.0321.5Sqm.Dn.6","Eiseniella tetraedra",5
"511","COI.0321.5Sqm.Dn.6","Homo sapiens",27
"512","COI.0321.5Sqm.Dn.6","Hydra oligactis",133
"513","COI.0321.5Sqm.Dn.6","Hydra vulgaris",4
"514","COI.0321.5Sqm.Dn.6","Lumbriculus variegatus",4
"515","COI.0321.5Sqm.Dn.6","Lumbricus terrestris",23
"516","COI.0321.5Sqm.Dn.6","Parapsyche almota",27
"517","COI.0321.5Sqm.Dn.6","Phytophthora cambivora",286
"518","COI.0321.5Sqm.Dn.6","Phytophthora gonapodyides",32
"519","COI.0321.5Sqm.Dn.6","Phytophthora lacustris",42
"520","COI.0321.5Sqm.Dn.6","Pteronarcys princeps",9
"521","COI.0321.5Sqm.Dn.6","Rhyacodrilus falciformis",8
"522","COI.0321.5Sqm.Dn.6","Rhyacophila angelita",3
"523","COI.0321.5Sqm.Dn.6","Spongilla lacustris",5
"524","COI.0321.5Sqm.Dn.6","Stylodrilus heringianus",16
"525","COI.0321.5Sqm.Dn.6","Thoracosphaera heimii",193
"526","COI.0321.5Sqm.Up.1","Castor canadensis",25
"527","COI.0321.5Sqm.Up.1","Ceratopsyche amblis",7
"528","COI.0321.5Sqm.Up.1","Hydra oligactis",61
"529","COI.0321.5Sqm.Up.1","Lumbricus terrestris",4
"530","COI.0321.5Sqm.Up.1","Ondatra zibethicus",3
"531","COI.0321.5Sqm.Up.1","Ophyiulus pilosus",2
"532","COI.0321.5Sqm.Up.1","Parapsyche almota",6
"533","COI.0321.5Sqm.Up.1","Phytophthora cambivora",149
"534","COI.0321.5Sqm.Up.1","Phytophthora gonapodyides",9
"535","COI.0321.5Sqm.Up.1","Phytophthora lacustris",17
"536","COI.0321.5Sqm.Up.1","Pimephales promelas",10
"537","COI.0321.5Sqm.Up.1","Pseudothyatira cymatophoroides",2
"538","COI.0321.5Sqm.Up.1","Stylodrilus heringianus",6
"539","COI.0321.5Sqm.Up.2","Argyresthia goedartella",4
"540","COI.0321.5Sqm.Up.2","Castor canadensis",18
"541","COI.0321.5Sqm.Up.2","Chironomus maturus",3
"542","COI.0321.5Sqm.Up.2","Hydra oligactis",105
"543","COI.0321.5Sqm.Up.2","Hydra vulgaris",5
"544","COI.0321.5Sqm.Up.2","Lumbriculus variegatus",4
"545","COI.0321.5Sqm.Up.2","Octolasion cyaneum",4
"546","COI.0321.5Sqm.Up.2","Phytophthora cambivora",237
"547","COI.0321.5Sqm.Up.2","Phytophthora gonapodyides",27
"548","COI.0321.5Sqm.Up.2","Pimephales promelas",6
"549","COI.0321.5Sqm.Up.2","Pseudothyatira cymatophoroides",2
"550","COI.0321.5Sqm.Up.2","Psychoglypha alascensis",2
"551","COI.0321.5Sqm.Up.2","Spongilla lacustris",3
"552","COI.0321.5Sqm.Up.2","Stylodrilus heringianus",13
"553","COI.0321.5Sqm.Up.3","Argyresthia goedartella",6
"554","COI.0321.5Sqm.Up.3","Castor canadensis",40
"555","COI.0321.5Sqm.Up.3","Chironomus maturus",3
"556","COI.0321.5Sqm.Up.3","Eisenia fetida",4
"557","COI.0321.5Sqm.Up.3","Hydra oligactis",144
"558","COI.0321.5Sqm.Up.3","Hydra vulgaris",6
"559","COI.0321.5Sqm.Up.3","Limnephilus externus",3
"560","COI.0321.5Sqm.Up.3","Limnephilus nogus",3
"561","COI.0321.5Sqm.Up.3","Lumbriculus variegatus",2
"562","COI.0321.5Sqm.Up.3","Lumbricus rubellus",7
"563","COI.0321.5Sqm.Up.3","Lumbricus terrestris",7
"564","COI.0321.5Sqm.Up.3","Ondatra zibethicus",6
"565","COI.0321.5Sqm.Up.3","Parapsyche almota",20
"566","COI.0321.5Sqm.Up.3","Peridinium willei",144
"567","COI.0321.5Sqm.Up.3","Phytophthora cambivora",200
"568","COI.0321.5Sqm.Up.3","Phytophthora gonapodyides",7
"569","COI.0321.5Sqm.Up.3","Phytophthora lacustris",23
"570","COI.0321.5Sqm.Up.3","Phytophthora pseudosyringae",7
"571","COI.0321.5Sqm.Up.3","Pimephales promelas",11
"572","COI.0321.5Sqm.Up.3","Psychoglypha alascensis",7
"573","COI.0321.5Sqm.Up.3","Rana catesbeiana",43
"574","COI.0321.5Sqm.Up.3","Rhyacodrilus falciformis",8
"575","COI.0321.5Sqm.Up.3","Rhyacophila grandis",6
"576","COI.0321.5Sqm.Up.3","Stylodrilus heringianus",24
"577","COI.0321.5Sqm.Up.3","Tubifex tubifex",4
"578","COI.0321.5Sqm.Up.3","Zootermopsis angusticollis",3
"579","COI.0321.Kangaroo.Kangaroo.1","Macropus giganteus",1062
"580","COI.0321.Kangaroo.Kangaroo.1","Osphranter rufus",162772
"581","COI.0421.1Prt.Dn.1","Carabus nemoralis",3
"582","COI.0421.1Prt.Dn.1","Dendrodrilus rubidus",8
"583","COI.0421.1Prt.Dn.1","Hydra oligactis",2
"584","COI.0421.1Prt.Dn.1","Hydra vulgaris",20
"585","COI.0421.1Prt.Dn.1","Lepidostoma unicolor",20
"586","COI.0421.1Prt.Dn.1","Phytophthora cambivora",232
"587","COI.0421.1Prt.Dn.1","Phytophthora gonapodyides",78
"588","COI.0421.1Prt.Dn.1","Phytophthora lacustris",28
"589","COI.0421.1Prt.Dn.2","Dendrodrilus rubidus",25
"590","COI.0421.1Prt.Dn.2","Eiseniella tetraedra",8
"591","COI.0421.1Prt.Dn.2","Hydra vulgaris",176
"592","COI.0421.1Prt.Dn.2","Isotomurus graminis",38
"593","COI.0421.1Prt.Dn.2","Octolasion tyrtaeum",10
"594","COI.0421.1Prt.Dn.2","Oncorhynchus kisutch",21
"595","COI.0421.1Prt.Dn.2","Phytophthora cambivora",283
"596","COI.0421.1Prt.Dn.2","Phytophthora gonapodyides",264
"597","COI.0421.1Prt.Dn.2","Phytophthora lacustris",51
"598","COI.0421.1Prt.Dn.2","Thoracosphaera heimii",107
"599","COI.0421.1Prt.Dn.2","Wormaldia anilla",11
"600","COI.0421.1Prt.Dn.3","Aporrectodea caliginosa L3",21
"601","COI.0421.1Prt.Dn.3","Castor canadensis",62
"602","COI.0421.1Prt.Dn.3","Dendrobaena octaedra",10
"603","COI.0421.1Prt.Dn.3","Dendrodrilus rubidus",34
"604","COI.0421.1Prt.Dn.3","Eiseniella tetraedra",5
"605","COI.0421.1Prt.Dn.3","Hydra vulgaris",112
"606","COI.0421.1Prt.Dn.3","Lepidostoma unicolor",36
"607","COI.0421.1Prt.Dn.3","Onocosmoecus unicolor",17
"608","COI.0421.1Prt.Dn.3","Phytophthora cambivora",535
"609","COI.0421.1Prt.Dn.3","Phytophthora gonapodyides",196
"610","COI.0421.1Prt.Dn.3","Phytophthora lacustris",47
"611","COI.0421.1Prt.Up.1","Castor canadensis",33
"612","COI.0421.1Prt.Up.1","Dendrodrilus rubidus",85
"613","COI.0421.1Prt.Up.1","Hydra vulgaris",69
"614","COI.0421.1Prt.Up.1","Lepidostoma unicolor",42
"615","COI.0421.1Prt.Up.1","Oncorhynchus kisutch",28
"616","COI.0421.1Prt.Up.1","Phytophthora cambivora",82
"617","COI.0421.1Prt.Up.1","Phytophthora gonapodyides",87
"618","COI.0421.1Prt.Up.1","Phytophthora lacustris",32
"619","COI.0421.1Prt.Up.1","Thoracosphaera heimii",41
"620","COI.0421.1Prt.Up.1","Tipula paludosa",7
"621","COI.0421.1Prt.Up.2","Arion ater",5
"622","COI.0421.1Prt.Up.2","Chironomus maturus",18
"623","COI.0421.1Prt.Up.2","Hydra vulgaris",73
"624","COI.0421.1Prt.Up.2","Lumbricus terrestris",27
"625","COI.0421.1Prt.Up.2","Ophyiulus pilosus",21
"626","COI.0421.1Prt.Up.2","Phytophthora cambivora",363
"627","COI.0421.1Prt.Up.2","Phytophthora gonapodyides",71
"628","COI.0421.1Prt.Up.2","Phytophthora lacustris",74
"629","COI.0421.1Prt.Up.2","Thoracosphaera heimii",44
"630","COI.0421.1Prt.Up.2","Wormaldia anilla",17
"631","COI.0421.1Prt.Up.3","Aporrectodea caliginosa",46
"632","COI.0421.1Prt.Up.3","Aporrectodea caliginosa L3",55
"633","COI.0421.1Prt.Up.3","Didelphis virginiana",11
"634","COI.0421.1Prt.Up.3","Hydra viridissima",9
"635","COI.0421.1Prt.Up.3","Hydra vulgaris",157
"636","COI.0421.1Prt.Up.3","Lepidostoma unicolor",85
"637","COI.0421.1Prt.Up.3","Lumbricus terrestris",62
"638","COI.0421.1Prt.Up.3","Oncorhynchus kisutch",8
"639","COI.0421.1Prt.Up.3","Peridinium willei",23
"640","COI.0421.1Prt.Up.3","Phytophthora cambivora",151
"641","COI.0421.1Prt.Up.3","Phytophthora gonapodyides",229
"642","COI.0421.1Prt.Up.3","Stylodrilus heringianus",5
"643","COI.0421.1Prt.Up.3","Wormaldia anilla",14
"644","COI.0421.2Brn.Dn.1","Abagrotis baueri",4
"645","COI.0421.2Brn.Dn.1","Epinotia albangulana",10
"646","COI.0421.2Brn.Dn.1","Hydra vulgaris",6
"647","COI.0421.2Brn.Dn.1","Lepidostoma cascadense",4
"648","COI.0421.2Brn.Dn.1","Parapsyche almota",25
"649","COI.0421.2Brn.Dn.1","Pelecomalium testaceum",3
"650","COI.0421.2Brn.Dn.1","Phytophthora cambivora",292
"651","COI.0421.2Brn.Dn.1","Phytophthora gonapodyides",17
"652","COI.0421.2Brn.Dn.1","Pteronarcys princeps",30
"653","COI.0421.2Brn.Dn.1","Stylodrilus heringianus",7
"654","COI.0421.2Brn.Dn.1","Wormaldia anilla",3
"655","COI.0421.2Brn.Dn.2","Argyresthia goedartella",5
"656","COI.0421.2Brn.Dn.2","Armadillidium vulgare",2
"657","COI.0421.2Brn.Dn.2","Dolophilodes novusamericanus",4
"658","COI.0421.2Brn.Dn.2","Parapsyche almota",13
"659","COI.0421.2Brn.Dn.2","Phytophthora cambivora",83
"660","COI.0421.2Brn.Dn.2","Pteronarcys princeps",18
"661","COI.0421.2Brn.Dn.2","Stylodrilus heringianus",9
"662","COI.0421.2Brn.Dn.3","Aporrectodea caliginosa",29
"663","COI.0421.2Brn.Dn.3","Armadillidium vulgare",5
"664","COI.0421.2Brn.Dn.3","Lepidostoma cascadense",2
"665","COI.0421.2Brn.Dn.3","Parapsyche almota",7
"666","COI.0421.2Brn.Dn.3","Phytophthora cambivora",286
"667","COI.0421.2Brn.Dn.3","Phytophthora gonapodyides",17
"668","COI.0421.2Brn.Dn.3","Pteronarcys princeps",28
"669","COI.0421.2Brn.Dn.3","Stylodrilus heringianus",5
"670","COI.0421.2Brn.Up.1","Dolophilodes novusamericanus",4
"671","COI.0421.2Brn.Up.1","Eiseniella tetraedra",6
"672","COI.0421.2Brn.Up.1","Lumbricus terrestris",14
"673","COI.0421.2Brn.Up.1","Parapsyche almota",6
"674","COI.0421.2Brn.Up.1","Phytophthora cambivora",69
"675","COI.0421.2Brn.Up.1","Phytophthora gonapodyides",10
"676","COI.0421.2Brn.Up.1","Pteronarcys princeps",28
"677","COI.0421.2Brn.Up.1","Stylodrilus heringianus",3
"678","COI.0421.2Brn.Up.2","Dolophilodes novusamericanus",5
"679","COI.0421.2Brn.Up.2","Eiseniella tetraedra",5
"680","COI.0421.2Brn.Up.2","Octolasion cyaneum",17
"681","COI.0421.2Brn.Up.2","Parapsyche almota",6
"682","COI.0421.2Brn.Up.2","Parapsyche elsis",10
"683","COI.0421.2Brn.Up.2","Phytophthora cambivora",303
"684","COI.0421.2Brn.Up.2","Phytophthora gonapodyides",17
"685","COI.0421.2Brn.Up.2","Pteronarcys princeps",104
"686","COI.0421.2Brn.Up.3","Dolophilodes novusamericanus",13
"687","COI.0421.2Brn.Up.3","Eiseniella tetraedra",11
"688","COI.0421.2Brn.Up.3","Onocosmoecus unicolor",25
"689","COI.0421.2Brn.Up.3","Parapsyche elsis",14
"690","COI.0421.2Brn.Up.3","Phytophthora cambivora",375
"691","COI.0421.2Brn.Up.3","Phytophthora gonapodyides",15
"692","COI.0421.2Brn.Up.3","Pteronarcys princeps",62
"693","COI.0421.2Brn.Up.3","Stylodrilus heringianus",12
"694","COI.0421.3Chk.Dn.1","Aporrectodea caliginosa L3",8
"695","COI.0421.3Chk.Dn.1","Arion intermedius",3
"696","COI.0421.3Chk.Dn.1","Dendrodrilus rubidus",16
"697","COI.0421.3Chk.Dn.1","Parapsyche almota",21
"698","COI.0421.3Chk.Dn.1","Phytophthora cambivora",596
"699","COI.0421.3Chk.Dn.1","Phytophthora gonapodyides",270
"700","COI.0421.3Chk.Dn.1","Phytophthora lacustris",29
"701","COI.0421.3Chk.Dn.1","Phytophthora pseudosyringae",6
"702","COI.0421.3Chk.Dn.1","Stylodrilus heringianus",26
"703","COI.0421.3Chk.Dn.1","Tubifex tubifex",4
"704","COI.0421.3Chk.Dn.2","Dendrodrilus rubidus",3
"705","COI.0421.3Chk.Dn.2","Lumbriculus variegatus",3
"706","COI.0421.3Chk.Dn.2","Lumbricus terrestris",4
"707","COI.0421.3Chk.Dn.2","Parapsyche almota",17
"708","COI.0421.3Chk.Dn.2","Phytophthora cambivora",584
"709","COI.0421.3Chk.Dn.2","Phytophthora gonapodyides",172
"710","COI.0421.3Chk.Dn.2","Pteronarcys princeps",2
"711","COI.0421.3Chk.Dn.2","Stylodrilus heringianus",6
"712","COI.0421.3Chk.Dn.3","Parapsyche almota",6
"713","COI.0421.3Chk.Dn.3","Phytophthora cambivora",232
"714","COI.0421.3Chk.Dn.3","Phytophthora gonapodyides",135
"715","COI.0421.3Chk.Dn.3","Phytophthora lacustris",21
"716","COI.0421.3Chk.Dn.3","Phytophthora pseudosyringae",13
"717","COI.0421.3Chk.Dn.3","Stylodrilus heringianus",6
"718","COI.0421.3Chk.Up.1","Aporrectodea caliginosa",7
"719","COI.0421.3Chk.Up.1","Parapsyche almota",12
"720","COI.0421.3Chk.Up.1","Phytophthora cambivora",183
"721","COI.0421.3Chk.Up.1","Phytophthora gonapodyides",127
"722","COI.0421.3Chk.Up.1","Phytophthora lacustris",19
"723","COI.0421.3Chk.Up.1","Pteronarcys princeps",3
"724","COI.0421.3Chk.Up.1","Spongilla lacustris",3
"725","COI.0421.3Chk.Up.1","Stylodrilus heringianus",13
"726","COI.0421.3Chk.Up.2","Aporrectodea caliginosa L3",5
"727","COI.0421.3Chk.Up.2","Parapsyche almota",4
"728","COI.0421.3Chk.Up.2","Phytophthora cambivora",309
"729","COI.0421.3Chk.Up.2","Phytophthora gonapodyides",119
"730","COI.0421.3Chk.Up.2","Phytophthora lacustris",13
"731","COI.0421.3Chk.Up.2","Stylodrilus heringianus",9
"732","COI.0421.3Chk.Up.3","Aporrectodea caliginosa L3",6
"733","COI.0421.3Chk.Up.3","Peridinium willei",28
"734","COI.0421.3Chk.Up.3","Phytophthora cambivora",325
"735","COI.0421.3Chk.Up.3","Phytophthora gonapodyides",95
"736","COI.0421.3Chk.Up.3","Phytophthora lacustris",10
"737","COI.0421.3Chk.Up.3","Pteronarcys princeps",4
"738","COI.0421.3Chk.Up.3","Stylodrilus heringianus",9
"739","COI.0421.4Pad.Dn.1","Ardea herodias",7
"740","COI.0421.4Pad.Dn.1","Chrysochromulina parva",64
"741","COI.0421.4Pad.Dn.1","Dendrodrilus rubidus",4
"742","COI.0421.4Pad.Dn.1","Hydra oligactis",585
"743","COI.0421.4Pad.Dn.1","Lumbriculus variegatus",4
"744","COI.0421.4Pad.Dn.1","Perca flavescens",12
"745","COI.0421.4Pad.Dn.1","Peridinium willei",59
"746","COI.0421.4Pad.Dn.1","Phytophthora cambivora",179
"747","COI.0421.4Pad.Dn.1","Phytophthora gonapodyides",17
"748","COI.0421.4Pad.Dn.1","Phytophthora lacustris",26
"749","COI.0421.4Pad.Dn.1","Potamopyrgus antipodarum",3
"750","COI.0421.4Pad.Dn.1","Pythium biforme",5
"751","COI.0421.4Pad.Dn.1","Rotaria rotatoria",93
"752","COI.0421.4Pad.Dn.1","Stephanodiscus meyeri",3
"753","COI.0421.4Pad.Dn.1","Synchaeta pectinata",117
"754","COI.0421.4Pad.Dn.2","Chrysochromulina parva",98
"755","COI.0421.4Pad.Dn.2","Corbicula fluminea",5
"756","COI.0421.4Pad.Dn.2","Eiseniella tetraedra",4
"757","COI.0421.4Pad.Dn.2","Hydra oligactis",464
"758","COI.0421.4Pad.Dn.2","Hydra viridissima",2
"759","COI.0421.4Pad.Dn.2","Hydra vulgaris",10
"760","COI.0421.4Pad.Dn.2","Micropsectra polita",3
"761","COI.0421.4Pad.Dn.2","Perca flavescens",7
"762","COI.0421.4Pad.Dn.2","Peridinium willei",133
"763","COI.0421.4Pad.Dn.2","Phytophthora cambivora",659
"764","COI.0421.4Pad.Dn.2","Phytophthora gonapodyides",64
"765","COI.0421.4Pad.Dn.2","Stephanodiscus meyeri",6
"766","COI.0421.4Pad.Dn.2","Synchaeta pectinata",23
"767","COI.0421.4Pad.Dn.3","Chrysochromulina parva",91
"768","COI.0421.4Pad.Dn.3","Cottus asper",4
"769","COI.0421.4Pad.Dn.3","Homo sapiens",2
"770","COI.0421.4Pad.Dn.3","Hydra oligactis",398
"771","COI.0421.4Pad.Dn.3","Hydra vulgaris",9
"772","COI.0421.4Pad.Dn.3","Nais variabilis",3
"773","COI.0421.4Pad.Dn.3","Perca flavescens",7
"774","COI.0421.4Pad.Dn.3","Peridinium willei",103
"775","COI.0421.4Pad.Dn.3","Phytophthora cambivora",598
"776","COI.0421.4Pad.Dn.3","Phytophthora gonapodyides",52
"777","COI.0421.4Pad.Dn.3","Rhyacophila brunnea",3
"778","COI.0421.4Pad.Dn.3","Rotaria rotatoria",40
"779","COI.0421.4Pad.Dn.3","Stephanodiscus meyeri",5
"780","COI.0421.4Pad.Up11.1","Chrysochromulina parva",30
"781","COI.0421.4Pad.Up11.1","Hydra oligactis",593
"782","COI.0421.4Pad.Up11.1","Hydra vulgaris",3
"783","COI.0421.4Pad.Up11.1","Lumbricus terrestris",8
"784","COI.0421.4Pad.Up11.1","Peridinium willei",240
"785","COI.0421.4Pad.Up11.1","Phytophthora cambivora",649
"786","COI.0421.4Pad.Up11.1","Phytophthora gonapodyides",64
"787","COI.0421.4Pad.Up11.1","Phytophthora lacustris",33
"788","COI.0421.4Pad.Up11.2","Onocosmoecus unicolor",3
"789","COI.0421.4Pad.Up11.2","Parapsyche elsis",6
"790","COI.0421.4Pad.Up11.2","Phytophthora cambivora",121
"791","COI.0421.4Pad.Up11.2","Phytophthora gonapodyides",8
"792","COI.0421.4Pad.Up11.2","Pteronarcys princeps",15
"793","COI.0421.4Pad.Up11.2","Stylodrilus heringianus",4
"794","COI.0421.4Pad.Up11.2TR2","Hydra oligactis",96
"795","COI.0421.4Pad.Up11.2TR2","Peridinium willei",22
"796","COI.0421.4Pad.Up11.2TR2","Phytophthora cambivora",55
"797","COI.0421.4Pad.Up11.2TR2","Phytophthora gonapodyides",5
"798","COI.0421.4Pad.Up11.2TR2","Stephanodiscus meyeri",4
"799","COI.0421.4Pad.Up11.2TR3","Chrysochromulina parva",7
"800","COI.0421.4Pad.Up11.2TR3","Hydra oligactis",127
"801","COI.0421.4Pad.Up11.2TR3","Peridinium willei",22
"802","COI.0421.4Pad.Up11.2TR3","Phytophthora cambivora",63
"803","COI.0421.4Pad.Up11.2TR3","Phytophthora gonapodyides",7
"804","COI.0421.4Pad.Up11.3","Chrysochromulina parva",10
"805","COI.0421.4Pad.Up11.3","Hydra oligactis",556
"806","COI.0421.4Pad.Up11.3","Hydra vulgaris",13
"807","COI.0421.4Pad.Up11.3","Phytophthora cambivora",61
"808","COI.0421.4Pad.Up11.3","Phytophthora gonapodyides",26
"809","COI.0421.4Pad.Up5.1","Chrysochromulina parva",107
"810","COI.0421.4Pad.Up5.1","Corbicula fluminea",5
"811","COI.0421.4Pad.Up5.1","Daphnia pulicaria",72
"812","COI.0421.4Pad.Up5.1","Hydra oligactis",997
"813","COI.0421.4Pad.Up5.1","Hydra vulgaris",8
"814","COI.0421.4Pad.Up5.1","Perca flavescens",48
"815","COI.0421.4Pad.Up5.1","Peridinium willei",13
"816","COI.0421.4Pad.Up5.1","Phytophthora cambivora",232
"817","COI.0421.4Pad.Up5.1","Phytophthora gonapodyides",36
"818","COI.0421.4Pad.Up5.1","Phytophthora pseudosyringae",4
"819","COI.0421.4Pad.Up5.1","Pythium biforme",7
"820","COI.0421.4Pad.Up5.1","Synchaeta pectinata",123
"821","COI.0421.4Pad.Up5.2","Chrysochromulina parva",87
"822","COI.0421.4Pad.Up5.2","Daphnia pulicaria",8
"823","COI.0421.4Pad.Up5.2","Hydra oligactis",879
"824","COI.0421.4Pad.Up5.2","Hydra vulgaris",8
"825","COI.0421.4Pad.Up5.2","Nais variabilis",3
"826","COI.0421.4Pad.Up5.2","Peridinium willei",138
"827","COI.0421.4Pad.Up5.2","Phytophthora cambivora",322
"828","COI.0421.4Pad.Up5.2","Phytophthora gonapodyides",64
"829","COI.0421.4Pad.Up5.2","Phytophthora pseudosyringae",11
"830","COI.0421.4Pad.Up5.2","Stephanodiscus meyeri",4
"831","COI.0421.4Pad.Up5.3","Chrysochromulina parva",108
"832","COI.0421.4Pad.Up5.3","Hydra oligactis",609
"833","COI.0421.4Pad.Up5.3","Hydra vulgaris",5
"834","COI.0421.4Pad.Up5.3","Peridinium willei",50
"835","COI.0421.4Pad.Up5.3","Phytophthora cambivora",333
"836","COI.0421.4Pad.Up5.3","Phytophthora gonapodyides",30
"837","COI.0421.4Pad.Up5.3","Phytophthora lacustris",14
"838","COI.0421.4Pad.Up5.3","Rhyacophila grandis",4
"839","COI.0421.4Pad.Up5.3","Synchaeta pectinata",35
"840","COI.0421.5Sqm.Dn.1","Argyresthia goedartella",4
"841","COI.0421.5Sqm.Dn.1","Dendrodrilus rubidus",30
"842","COI.0421.5Sqm.Dn.1","Eisenia fetida",7
"843","COI.0421.5Sqm.Dn.1","Hydra oligactis",777
"844","COI.0421.5Sqm.Dn.1","Hydra vulgaris",100
"845","COI.0421.5Sqm.Dn.1","Lumbriculus variegatus",10
"846","COI.0421.5Sqm.Dn.1","Lumbricus terrestris",23
"847","COI.0421.5Sqm.Dn.1","Parapsyche almota",24
"848","COI.0421.5Sqm.Dn.1","Phytophthora cambivora",277
"849","COI.0421.5Sqm.Dn.1","Phytophthora gonapodyides",178
"850","COI.0421.5Sqm.Dn.1","Phytophthora lacustris",98
"851","COI.0421.5Sqm.Dn.1","Pimephales promelas",6
"852","COI.0421.5Sqm.Dn.1","Pythium biforme",5
"853","COI.0421.5Sqm.Dn.1","Stylodrilus heringianus",33
"854","COI.0421.5Sqm.Dn.2","Dero digitata",9
"855","COI.0421.5Sqm.Dn.2","Hydra oligactis",451
"856","COI.0421.5Sqm.Dn.2","Hydra vulgaris",35
"857","COI.0421.5Sqm.Dn.2","Parapsyche almota",8
"858","COI.0421.5Sqm.Dn.2","Peridinium willei",149
"859","COI.0421.5Sqm.Dn.2","Phytophthora cambivora",237
"860","COI.0421.5Sqm.Dn.2","Phytophthora gonapodyides",92
"861","COI.0421.5Sqm.Dn.2","Phytophthora lacustris",88
"862","COI.0421.5Sqm.Dn.2","Stylodrilus heringianus",7
"863","COI.0421.5Sqm.Dn.3","Hydra oligactis",592
"864","COI.0421.5Sqm.Dn.3","Hydra vulgaris",38
"865","COI.0421.5Sqm.Dn.3","Lumbricus terrestris",18
"866","COI.0421.5Sqm.Dn.3","Parapsyche almota",26
"867","COI.0421.5Sqm.Dn.3","Phytophthora cambivora",308
"868","COI.0421.5Sqm.Dn.3","Phytophthora gonapodyides",168
"869","COI.0421.5Sqm.Dn.3","Phytophthora lacustris",106
"870","COI.0421.5Sqm.Dn.3","Pteronarcys princeps",8
"871","COI.0421.5Sqm.Dn.3","Stylodrilus heringianus",13
"872","COI.0421.5Sqm.Up.1","Dero digitata",12
"873","COI.0421.5Sqm.Up.1","Hydra oligactis",522
"874","COI.0421.5Sqm.Up.1","Hydra vulgaris",47
"875","COI.0421.5Sqm.Up.1","Lumbricus terrestris",20
"876","COI.0421.5Sqm.Up.1","Parapsyche almota",21
"877","COI.0421.5Sqm.Up.1","Phytophthora cambivora",634
"878","COI.0421.5Sqm.Up.1","Phytophthora gonapodyides",122
"879","COI.0421.5Sqm.Up.1","Phytophthora lacustris",42
"880","COI.0421.5Sqm.Up.1","Pristina aequiseta",2
"881","COI.0421.5Sqm.Up.1","Skistodiaptomus pallidus",4
"882","COI.0421.5Sqm.Up.1","Spongilla lacustris",2
"883","COI.0421.5Sqm.Up.1","Stylodrilus heringianus",8
"884","COI.0421.5Sqm.Up.2","Glossosoma penitus",2
"885","COI.0421.5Sqm.Up.2","Hydra oligactis",338
"886","COI.0421.5Sqm.Up.2","Hydra vulgaris",31
"887","COI.0421.5Sqm.Up.2","Lumbricus terrestris",12
"888","COI.0421.5Sqm.Up.2","Meloidogyne naasi",165
"889","COI.0421.5Sqm.Up.2","Parapsyche almota",13
"890","COI.0421.5Sqm.Up.2","Phytophthora cambivora",407
"891","COI.0421.5Sqm.Up.2","Phytophthora gonapodyides",130
"892","COI.0421.5Sqm.Up.2","Phytophthora lacustris",53
"893","COI.0421.5Sqm.Up.2","Pimephales promelas",3
"894","COI.0421.5Sqm.Up.2","Stylodrilus heringianus",10
"895","COI.0421.5Sqm.Up.3","Eiseniella tetraedra",4
"896","COI.0421.5Sqm.Up.3","Hydra oligactis",79
"897","COI.0421.5Sqm.Up.3","Hydra vulgaris",12
"898","COI.0421.5Sqm.Up.3","Nais variabilis",4
"899","COI.0421.5Sqm.Up.3","Parapsyche almota",5
"900","COI.0421.5Sqm.Up.3","Phytophthora cambivora",90
"901","COI.0421.5Sqm.Up.3","Phytophthora gonapodyides",26
"902","COI.0421.5Sqm.Up.3","Phytophthora lacustris",24
"903","COI.0521.1Prt.Dn.1","Eiseniella tetraedra",3
"904","COI.0521.1Prt.Dn.1","Hydra vulgaris",26
"905","COI.0521.1Prt.Dn.1","Lepidostoma unicolor",11
"906","COI.0521.1Prt.Dn.1","Onocosmoecus unicolor",4
"907","COI.0521.1Prt.Dn.1","Phytophthora gonapodyides",47
"908","COI.0521.1Prt.Dn.1","Phytophthora lacustris",32
"909","COI.0521.1Prt.Dn.1","Stylodrilus heringianus",8
"910","COI.0521.1Prt.Up.1","Dendrodrilus rubidus",4
"911","COI.0521.1Prt.Up.1","Hydra vulgaris",30
"912","COI.0521.1Prt.Up.1","Lepidostoma unicolor",31
"913","COI.0521.1Prt.Up.1","Parapsyche almota",15
"914","COI.0521.1Prt.Up.1","Phytophthora cambivora",37
"915","COI.0521.1Prt.Up.1","Phytophthora gonapodyides",55
"916","COI.0521.1Prt.Up.1","Phytophthora lacustris",30
"917","COI.0521.1Prt.Up.1","Pristina aequiseta",3
"918","COI.0521.1Prt.Up.1","Stylodrilus heringianus",8
"919","COI.0521.2Brn.Dn.3","Armadillidium vulgare",4
"920","COI.0521.2Brn.Dn.3","Eiseniella tetraedra",5
"921","COI.0521.2Brn.Dn.3","Hydra vulgaris",5
"922","COI.0521.2Brn.Dn.3","Parapsyche almota",8
"923","COI.0521.2Brn.Dn.3","Pelecomalium testaceum",8
"924","COI.0521.2Brn.Dn.3","Phytophthora cambivora",22
"925","COI.0521.2Brn.Dn.3","Phytophthora gonapodyides",25
"926","COI.0521.2Brn.Dn.3","Psychoglypha alascensis",26
"927","COI.0521.2Brn.Up.1","Pteronarcys princeps",5
"928","COI.0521.2Brn.Up.3","Aporrectodea caliginosa L3",2
"929","COI.0521.2Brn.Up.3","Pteronarcys princeps",102
"930","COI.0521.3Chk.Up.2","Dendrodrilus rubidus",6
"931","COI.0521.3Chk.Up.2","Lepidostoma unicolor",5
"932","COI.0521.3Chk.Up.2","Peridinium willei",85
"933","COI.0521.3Chk.Up.2","Phytophthora cambivora",74
"934","COI.0521.3Chk.Up.2","Phytophthora gonapodyides",79
"935","COI.0521.3Chk.Up.2","Phytophthora lacustris",20
"936","COI.0521.3Chk.Up.2","Thoracosphaera heimii",37
"937","COI.0521.3Chk.Up.3","Phytophthora cambivora",74
"938","COI.0521.3Chk.Up.3","Phytophthora gonapodyides",64
"939","COI.0521.3Chk.Up.3","Phytophthora lacustris",11
"940","COI.0521.4Pad.Dn.2","Aporrectodea caliginosa L3",52
"941","COI.0521.4Pad.Dn.2","Hydra oligactis",28
"942","COI.0521.4Pad.Dn.2","Lumbricus terrestris",30
"943","COI.0521.4Pad.Dn.2","Nais variabilis",9
"944","COI.0521.4Pad.Dn.2","Peridinium willei",20
"945","COI.0521.4Pad.Up11.2","Hydra oligactis",22
"946","COI.0521.4Pad.Up11.2","Nais variabilis",7
"947","COI.0521.4Pad.Up11.2","Peridinium willei",25
"948","COI.0521.4Pad.Up5.3","Chrysochromulina parva",5
"949","COI.0521.4Pad.Up5.3","Eiseniella tetraedra",5
"950","COI.0521.4Pad.Up5.3","Hydra oligactis",37
"951","COI.0521.4Pad.Up5.3","Nais variabilis",22
"952","COI.0521.4Pad.Up5.3","Peridinium willei",30
"953","COI.0621.1Prt.Dn.3","Cochliopodium kieliense",15
"954","COI.0621.1Prt.Dn.3","Eiseniella tetraedra",8
"955","COI.0621.1Prt.Dn.3","Hydra vulgaris",17
"956","COI.0621.1Prt.Dn.3","Lepidostoma unicolor",9
"957","COI.0621.1Prt.Dn.3","Phytophthora gonapodyides",15
"958","COI.0621.1Prt.Dn.3","Psychoglypha alascensis",26
"959","COI.0621.2Brn.Dn.1","Hydra vulgaris",53
"960","COI.0621.2Brn.Dn.1","Oncorhynchus kisutch",14
"961","COI.0621.2Brn.Dn.3","Chironomus maturus",5
"962","COI.0621.2Brn.Dn.3","Hydra vulgaris",110
"963","COI.0621.2Brn.Dn.3","Oncorhynchus kisutch",24
"964","COI.0621.2Brn.Dn.3","Phytophthora gonapodyides",7
"965","COI.0621.2Brn.Dn.3","Plectrocnemia variegata",2
"966","COI.0621.2Brn.Dn.3","Stylodrilus heringianus",5
"967","COI.0621.2Brn.Up.1","Eiseniella tetraedra",3
"968","COI.0621.2Brn.Up.1","Hydra vulgaris",5
"969","COI.0621.2Brn.Up.1","Phytophthora cambivora",15
"970","COI.0621.2Brn.Up.1","Pteronarcys princeps",17
"971","COI.0621.3Chk.Up.1","Lepidostoma unicolor",31
"972","COI.0621.3Chk.Up.1","Lumbriculus variegatus",2
"973","COI.0621.3Chk.Up.1","Phytophthora cambivora",22
"974","COI.0621.3Chk.Up.1","Phytophthora gonapodyides",8
"975","COI.0621.3Chk.Up.1","Stylodrilus heringianus",7
"976","COI.0621.3Chk.Up.2","Dendrodrilus rubidus",2
"977","COI.0621.3Chk.Up.2","Hydra vulgaris",6
"978","COI.0621.3Chk.Up.2","Lepidostoma unicolor",41
"979","COI.0621.3Chk.Up.2","Phytophthora cambivora",10
"980","COI.0621.3Chk.Up.2","Phytophthora gonapodyides",27
"981","COI.0621.3Chk.Up.3","Lepidostoma unicolor",26
"982","COI.0621.3Chk.Up.3","Parapsyche almota",4
"983","COI.0621.3Chk.Up.3","Phytophthora gonapodyides",15
"984","COI.0621.3Chk.Up.3","Stylodrilus heringianus",4
"985","COI.0621.4Pad.Up11.1","Arion ater",5
"986","COI.0621.4Pad.Up11.1","Arion circumscriptus",45
"987","COI.0621.4Pad.Up11.1","Cochliopodium kieliense",25
"988","COI.0621.4Pad.Up11.1","Cottus asper",27
"989","COI.0621.4Pad.Up11.1","Glossosoma penitus",29
"990","COI.0621.4Pad.Up11.1","Hydra oligactis",1820
"991","COI.0621.4Pad.Up11.1","Hydra vulgaris",791
"992","COI.0621.4Pad.Up11.1","Lepidostoma unicolor",68
"993","COI.0621.4Pad.Up11.1","Limax maximus",19
"994","COI.0621.4Pad.Up11.1","Lumbriculus variegatus",15
"995","COI.0621.4Pad.Up11.1","Lumbricus terrestris",53
"996","COI.0621.4Pad.Up11.1","Nais variabilis",137
"997","COI.0621.4Pad.Up11.1","Oncorhynchus kisutch",173
"998","COI.0621.4Pad.Up11.1","Pacifastacus leniusculus",4
"999","COI.0621.4Pad.Up11.1","Parapsyche almota",58
"1000","COI.0621.4Pad.Up11.1","Phytophthora cambivora",7
"1001","COI.0621.4Pad.Up11.1","Phytophthora gonapodyides",143
"1002","COI.0621.4Pad.Up11.1","Phytophthora lacustris",148
"1003","COI.0621.4Pad.Up11.1","Pristina aequiseta",10
"1004","COI.0621.4Pad.Up11.1","Pteronarcys princeps",81
"1005","COI.0621.4Pad.Up11.1","Stylodrilus heringianus",67
"1006","COI.0621.4Pad.Up11.3","Arion circumscriptus",14
"1007","COI.0621.4Pad.Up11.3","Cottus asper",14
"1008","COI.0621.4Pad.Up11.3","Hydra oligactis",476
"1009","COI.0621.4Pad.Up11.3","Hydra vulgaris",10868
"1010","COI.0621.4Pad.Up11.3","Lepidostoma unicolor",10
"1011","COI.0621.4Pad.Up11.3","Limax maximus",9
"1012","COI.0621.4Pad.Up11.3","Lumbriculus variegatus",6
"1013","COI.0621.4Pad.Up11.3","Nais variabilis",45
"1014","COI.0621.4Pad.Up11.3","Oncorhynchus kisutch",16
"1015","COI.0621.4Pad.Up11.3","Phytophthora lacustris",22
"1016","COI.0621.4Pad.Up11.3","Pteronarcys princeps",15
"1017","COI.0621.4Pad.Up11.3","Stylodrilus heringianus",12
"1018","COI.0621.4Pad.Up5.1","Hydra oligactis",724
"1019","COI.0621.4Pad.Up5.1","Hydra vulgaris",113
"1020","COI.0621.4Pad.Up5.1","Nais variabilis",29
"1021","COI.0621.4Pad.Up5.1","Parapsyche almota",12
"1022","COI.0621.4Pad.Up5.1","Phytophthora gonapodyides",34
"1023","COI.0621.4Pad.Up5.1","Psychoglypha alascensis",11
"1024","COI.0621.4Pad.Up5.2","Hydra oligactis",980
"1025","COI.0621.4Pad.Up5.2","Hydra viridissima",3
"1026","COI.0621.4Pad.Up5.2","Hydra vulgaris",175
"1027","COI.0621.4Pad.Up5.2","Lumbriculus variegatus",4
"1028","COI.0621.4Pad.Up5.2","Nais variabilis",99
"1029","COI.0621.4Pad.Up5.2","Parapsyche almota",23
"1030","COI.0621.4Pad.Up5.2","Peridinium willei",46
"1031","COI.0621.4Pad.Up5.2","Phytophthora gonapodyides",36
"1032","COI.0621.4Pad.Up5.2","Psychoglypha alascensis",17
"1033","COI.0621.4Pad.Up5.2","Stylodrilus heringianus",8
"1034","COI.0621.4Pad.Up5.2","Tubifex tubifex",7
"1035","COI.0621.4Pad.Up5.3","Barypeithes pellucidus",7
"1036","COI.0621.4Pad.Up5.3","Eiseniella tetraedra",2
"1037","COI.0621.4Pad.Up5.3","Hydra oligactis",1065
"1038","COI.0621.4Pad.Up5.3","Hydra vulgaris",133
"1039","COI.0621.4Pad.Up5.3","Nais variabilis",87
"1040","COI.0621.4Pad.Up5.3","Phytophthora gonapodyides",15
"1041","COI.0621.4Pad.Up5.3","Pteronarcys princeps",3
"1042","COI.0621.4Pad.Up5.3","Stylodrilus heringianus",14
"1043","COI.0621.5Sqm.Dn.3","Hydra vulgaris",4
"1044","COI.0621.5Sqm.Dn.3","Phytophthora cambivora",12
"1045","COI.0621.5Sqm.Dn.3","Phytophthora gonapodyides",6
"1046","COI.0621.5Sqm.Dn.3","Thoracosphaera heimii",637
"1047","COI.0721.1Prt.Dn.1","Cochliopodium kieliense",34
"1048","COI.0721.1Prt.Dn.1","Hydra oligactis",10
"1049","COI.0721.1Prt.Dn.1","Hydra vulgaris",83
"1050","COI.0721.1Prt.Dn.1","Lepidostoma unicolor",41
"1051","COI.0721.1Prt.Dn.1","Phytophthora gonapodyides",19
"1052","COI.0721.1Prt.Dn.1","Phytophthora pseudocryptogea",11
"1053","COI.0721.1Prt.Dn.1","Pristina aequiseta",2
"1054","COI.0721.1Prt.Dn.1","Psychoglypha alascensis",6
"1055","COI.0721.1Prt.Dn.1","Stylodrilus heringianus",10
"1056","COI.0721.1Prt.Dn.2","Cochliopodium kieliense",24
"1057","COI.0721.1Prt.Dn.2","Didelphis virginiana",5
"1058","COI.0721.1Prt.Dn.2","Eiseniella tetraedra",10
"1059","COI.0721.1Prt.Dn.2","Hydra oligactis",31
"1060","COI.0721.1Prt.Dn.2","Hydra vulgaris",57
"1061","COI.0721.1Prt.Dn.2","Lepidostoma unicolor",38
"1062","COI.0721.1Prt.Dn.2","Oncorhynchus kisutch",7
"1063","COI.0721.1Prt.Dn.2","Phytophthora cryptogea",9
"1064","COI.0721.1Prt.Dn.2","Phytophthora gallica",5
"1065","COI.0721.1Prt.Dn.2","Phytophthora gonapodyides",32
"1066","COI.0721.1Prt.Dn.2","Phytophthora lacustris",17
"1067","COI.0721.1Prt.Dn.2","Wormaldia anilla",11
"1068","COI.0721.1Prt.Up.1","Arion ater",3
"1069","COI.0721.1Prt.Up.1","Cochliopodium kieliense",27
"1070","COI.0721.1Prt.Up.1","Didelphis virginiana",5
"1071","COI.0721.1Prt.Up.1","Hydra vulgaris",26
"1072","COI.0721.1Prt.Up.1","Lepidostoma unicolor",22
"1073","COI.0721.1Prt.Up.1","Phytophthora gonapodyides",6
"1074","COI.0721.1Prt.Up.1","Phytophthora lacustris",13
"1075","COI.0721.1Prt.Up.1","Stylodrilus heringianus",5
"1076","COI.0721.1Prt.Up.2","Cochliopodium kieliense",38
"1077","COI.0721.1Prt.Up.2","Hydra vulgaris",38
"1078","COI.0721.1Prt.Up.2","Lepidostoma unicolor",8
"1079","COI.0721.1Prt.Up.2","Phytophthora gonapodyides",12
"1080","COI.0721.1Prt.Up.2","Stylodrilus heringianus",3
"1081","COI.0721.2Brn.Dn.2","Arion intermedius",6
"1082","COI.0721.2Brn.Dn.2","Chironomus maturus",25
"1083","COI.0721.2Brn.Dn.2","Hydra vulgaris",9806
"1084","COI.0721.2Brn.Dn.2","Lepidostoma unicolor",7
"1085","COI.0721.2Brn.Dn.2","Phytophthora gonapodyides",6
"1086","COI.0721.2Brn.Dn.2","Stylodrilus heringianus",2
"1087","COI.0721.2Brn.Up.3","Dolophilodes novusamericanus",4
"1088","COI.0721.2Brn.Up.3","Glossosoma penitus",4
"1089","COI.0721.2Brn.Up.3","Hydra vulgaris",24
"1090","COI.0721.2Brn.Up.3","Parapsyche almota",14
"1091","COI.0721.2Brn.Up.3","Pteronarcys princeps",35
"1092","COI.0721.3Chk.Dn.2","Hydra vulgaris",6
"1093","COI.0721.3Chk.Dn.2","Phytophthora gonapodyides",31
"1094","COI.0721.3Chk.Dn.2","Phytophthora lacustris",48
"1095","COI.0721.3Chk.Dn.2","Pythium sterilum",4
"1096","COI.0721.3Chk.Dn.3","Phytophthora gonapodyides",10
"1097","COI.0721.3Chk.Dn.3","Phytophthora lacustris",16
"1098","COI.0721.3Chk.Up.1","Arion ater",137
"1099","COI.0721.3Chk.Up.1","Chironomus maturus",7
"1100","COI.0721.3Chk.Up.1","Didelphis virginiana",19
"1101","COI.0721.3Chk.Up.1","Glossosoma penitus",3
"1102","COI.0721.3Chk.Up.1","Hydra vulgaris",72
"1103","COI.0721.3Chk.Up.1","Lepidostoma unicolor",103
"1104","COI.0721.3Chk.Up.1","Parapsyche almota",100
"1105","COI.0721.3Chk.Up.1","Phytophthora lacustris",25
"1106","COI.0721.3Chk.Up.1","Pteronarcys princeps",14
"1107","COI.0721.3Chk.Up.1","Stylodrilus heringianus",48
"1108","COI.0721.3Chk.Up.3","Arion ater",44
"1109","COI.0721.3Chk.Up.3","Didelphis virginiana",4
"1110","COI.0721.3Chk.Up.3","Glossosoma penitus",4
"1111","COI.0721.3Chk.Up.3","Hydra vulgaris",26
"1112","COI.0721.3Chk.Up.3","Lepidostoma unicolor",53
"1113","COI.0721.3Chk.Up.3","Parapsyche almota",15
"1114","COI.0721.3Chk.Up.3","Stylodrilus heringianus",11
"1115","COI.0721.4Pad.Dn.1","Hydra oligactis",180
"1116","COI.0721.4Pad.Dn.1","Hydra vulgaris",23
"1117","COI.0721.4Pad.Dn.1","Saprolegnia ferax",10
"1118","COI.0721.4Pad.Dn.3","Eiseniella tetraedra",6
"1119","COI.0721.4Pad.Dn.3","Hydra oligactis",438
"1120","COI.0721.4Pad.Dn.3","Hydra vulgaris",77
"1121","COI.0721.4Pad.Dn.3","Lumbriculus variegatus",4
"1122","COI.0721.4Pad.Dn.3","Saprolegnia ferax",13
"1123","COI.0721.4Pad.Up11.3","Cochliopodium kieliense",22
"1124","COI.0721.4Pad.Up11.3","Eiseniella tetraedra",34
"1125","COI.0721.4Pad.Up11.3","Hydra oligactis",511
"1126","COI.0721.4Pad.Up11.3","Hydra vulgaris",522
"1127","COI.0721.4Pad.Up11.3","Lepidostoma unicolor",26
"1128","COI.0721.4Pad.Up11.3","Lumbriculus variegatus",12
"1129","COI.0721.4Pad.Up11.3","Nais variabilis",76
"1130","COI.0721.4Pad.Up11.3","Parapsyche almota",64
"1131","COI.0721.4Pad.Up11.3","Phytophthora gonapodyides",16
"1132","COI.0721.4Pad.Up11.3","Phytophthora lacustris",154
"1133","COI.0721.4Pad.Up11.3","Pristina aequiseta",7
"1134","COI.0721.4Pad.Up11.3","Saprolegnia ferax",26
"1135","COI.0721.4Pad.Up11.3","Stylodrilus heringianus",17
"1136","COI.0821.1Prt.Dn.1","Arion ater",18
"1137","COI.0821.1Prt.Dn.1","Cochliopodium kieliense",113
"1138","COI.0821.1Prt.Dn.1","Hydra vulgaris",17
"1139","COI.0821.1Prt.Dn.1","Oncorhynchus kisutch",17
"1140","COI.0821.1Prt.Dn.1","Phytophthora cryptogea",49
"1141","COI.0821.1Prt.Dn.1","Phytophthora gonapodyides",50
"1142","COI.0821.1Prt.Dn.1","Phytophthora lacustris",79
"1143","COI.0821.1Prt.Dn.1","Phytophthora pseudocryptogea",16
"1144","COI.0821.1Prt.Dn.1","Scaphinotus marginatus",11
"1145","COI.0821.1Prt.Dn.1","Stylodrilus heringianus",8
"1146","COI.0821.1Prt.Dn.2","Arion ater",11
"1147","COI.0821.1Prt.Dn.2","Cochliopodium kieliense",104
"1148","COI.0821.1Prt.Dn.2","Hydra oligactis",25
"1149","COI.0821.1Prt.Dn.2","Hydra vulgaris",6
"1150","COI.0821.1Prt.Dn.2","Phytophthora cryptogea",10
"1151","COI.0821.1Prt.Dn.2","Phytophthora gallica",22
"1152","COI.0821.1Prt.Dn.2","Phytophthora gonapodyides",24
"1153","COI.0821.1Prt.Dn.2","Phytophthora infestans",10
"1154","COI.0821.1Prt.Dn.2","Phytophthora lacustris",24
"1155","COI.0821.1Prt.Dn.2","Stylodrilus heringianus",12
"1156","COI.0821.1Prt.Dn.3","Arion ater",22
"1157","COI.0821.1Prt.Dn.3","Cochliopodium kieliense",392
"1158","COI.0821.1Prt.Dn.3","Didelphis virginiana",7
"1159","COI.0821.1Prt.Dn.3","Hydra oligactis",49
"1160","COI.0821.1Prt.Dn.3","Hydra vulgaris",98
"1161","COI.0821.1Prt.Dn.3","Lepidostoma unicolor",35
"1162","COI.0821.1Prt.Dn.3","Oncorhynchus kisutch",57
"1163","COI.0821.1Prt.Dn.3","Phytophthora cryptogea",215
"1164","COI.0821.1Prt.Dn.3","Phytophthora gonapodyides",83
"1165","COI.0821.1Prt.Dn.3","Phytophthora lacustris",181
"1166","COI.0821.1Prt.Dn.3","Phytophthora pseudocryptogea",72
"1167","COI.0821.1Prt.Dn.3","Pristina aequiseta",10
"1168","COI.0821.1Prt.Dn.3","Stylodrilus heringianus",24
"1169","COI.0821.1Prt.Up.1","Cochliopodium kieliense",33
"1170","COI.0821.1Prt.Up.1","Didelphis virginiana",3
"1171","COI.0821.1Prt.Up.2","Cochliopodium kieliense",315
"1172","COI.0821.1Prt.Up.2","Cochliopodium minutoidum",5
"1173","COI.0821.1Prt.Up.2","Dendrodrilus rubidus",8
"1174","COI.0821.1Prt.Up.2","Didelphis virginiana",10
"1175","COI.0821.1Prt.Up.2","Hydra oligactis",6
"1176","COI.0821.1Prt.Up.2","Hydra vulgaris",8
"1177","COI.0821.1Prt.Up.2","Oncorhynchus kisutch",27
"1178","COI.0821.1Prt.Up.2","Phytophthora gonapodyides",73
"1179","COI.0821.1Prt.Up.2","Phytophthora lacustris",110
"1180","COI.0821.1Prt.Up.2","Phytophthora pseudocryptogea",23
"1181","COI.0821.1Prt.Up.2","Pristina aequiseta",8
"1182","COI.0821.1Prt.Up.2","Psychoglypha alascensis",17
"1183","COI.0821.1Prt.Up.2","Stylodrilus heringianus",26
"1184","COI.0821.1Prt.Up.3","Arion ater",10
"1185","COI.0821.1Prt.Up.3","Cochliopodium kieliense",203
"1186","COI.0821.1Prt.Up.3","Dendrodrilus rubidus",10
"1187","COI.0821.1Prt.Up.3","Didelphis virginiana",5
"1188","COI.0821.1Prt.Up.3","Eiseniella tetraedra",47
"1189","COI.0821.1Prt.Up.3","Hydra oligactis",9
"1190","COI.0821.1Prt.Up.3","Lepidostoma unicolor",33
"1191","COI.0821.1Prt.Up.3","Lumbricus terrestris",5
"1192","COI.0821.1Prt.Up.3","Oncorhynchus kisutch",13
"1193","COI.0821.1Prt.Up.3","Phytophthora cryptogea",9
"1194","COI.0821.1Prt.Up.3","Phytophthora gallica",8
"1195","COI.0821.1Prt.Up.3","Phytophthora gonapodyides",57
"1196","COI.0821.1Prt.Up.3","Phytophthora infestans",7
"1197","COI.0821.1Prt.Up.3","Pristina aequiseta",2
"1198","COI.0821.2Brn.Dn.1","Aeshna constricta",15
"1199","COI.0821.2Brn.Dn.1","Armadillidium vulgare",40
"1200","COI.0821.2Brn.Dn.1","Chironomus maturus",32
"1201","COI.0821.2Brn.Dn.1","Cochliopodium kieliense",62
"1202","COI.0821.2Brn.Dn.1","Gluphisia septentrionis",2
"1203","COI.0821.2Brn.Dn.1","Hydra vulgaris",174
"1204","COI.0821.2Brn.Dn.1","Lepidostoma unicolor",60
"1205","COI.0821.2Brn.Dn.1","Oligocentria semirufescens",27
"1206","COI.0821.2Brn.Dn.1","Oncorhynchus kisutch",29
"1207","COI.0821.2Brn.Dn.1","Phytophthora gonapodyides",75
"1208","COI.0821.2Brn.Dn.1","Pteronarcys princeps",2
"1209","COI.0821.2Brn.Dn.1","Pythium sterilum",26
"1210","COI.0821.2Brn.Dn.1","Stylodrilus heringianus",18
"1211","COI.0821.2Brn.Dn.1","Tubifex tubifex",4
"1212","COI.0821.2Brn.Dn.3","Aeshna constricta",19
"1213","COI.0821.2Brn.Dn.3","Armadillidium vulgare",71
"1214","COI.0821.2Brn.Dn.3","Catharus ustulatus",9
"1215","COI.0821.2Brn.Dn.3","Chironomus maturus",26
"1216","COI.0821.2Brn.Dn.3","Cochliopodium kieliense",38
"1217","COI.0821.2Brn.Dn.3","Hydra vulgaris",131
"1218","COI.0821.2Brn.Dn.3","Lepidostoma unicolor",72
"1219","COI.0821.2Brn.Dn.3","Micropsectra polita",57
"1220","COI.0821.2Brn.Dn.3","Oligocentria semirufescens",18
"1221","COI.0821.2Brn.Dn.3","Oncorhynchus kisutch",34
"1222","COI.0821.2Brn.Dn.3","Phytophthora gonapodyides",32
"1223","COI.0821.2Brn.Dn.3","Pteronarcys princeps",6
"1224","COI.0821.2Brn.Dn.3","Stylodrilus heringianus",12
"1225","COI.0821.2Brn.Up.1","Aporrectodea caliginosa L3",6
"1226","COI.0821.2Brn.Up.1","Corythucha padi",14
"1227","COI.0821.2Brn.Up.1","Hydra vulgaris",63
"1228","COI.0821.2Brn.Up.1","Lumbricus terrestris",3
"1229","COI.0821.2Brn.Up.1","Nais variabilis",23
"1230","COI.0821.2Brn.Up.1","Onocosmoecus unicolor",8
"1231","COI.0821.2Brn.Up.1","Parapsyche almota",11
"1232","COI.0821.2Brn.Up.1","Phlogophora periculosa",17
"1233","COI.0821.2Brn.Up.1","Phytophthora plurivora",6
"1234","COI.0821.2Brn.Up.1","Pteronarcys princeps",59
"1235","COI.0821.2Brn.Up.2","Aporrectodea caliginosa L3",10
"1236","COI.0821.2Brn.Up.2","Corythucha padi",34
"1237","COI.0821.2Brn.Up.2","Dolophilodes novusamericanus",5
"1238","COI.0821.2Brn.Up.2","Eiseniella tetraedra",15
"1239","COI.0821.2Brn.Up.2","Hydra vulgaris",234
"1240","COI.0821.2Brn.Up.2","Lepidostoma cascadense",6
"1241","COI.0821.2Brn.Up.2","Lepidostoma unicolor",10
"1242","COI.0821.2Brn.Up.2","Nais variabilis",34
"1243","COI.0821.2Brn.Up.2","Octolasion cyaneum",10
"1244","COI.0821.2Brn.Up.2","Onocosmoecus unicolor",9
"1245","COI.0821.2Brn.Up.2","Parapsyche almota",13
"1246","COI.0821.2Brn.Up.2","Parapsyche elsis",128
"1247","COI.0821.2Brn.Up.2","Phytophthora gonapodyides",18
"1248","COI.0821.2Brn.Up.2","Phytophthora plurivora",8
"1249","COI.0821.2Brn.Up.2","Pteronarcys princeps",773
"1250","COI.0821.2Brn.Up.2","Stylodrilus heringianus",10
"1251","COI.0821.2Brn.Up.2","Wormaldia anilla",2
"1252","COI.0821.2Brn.Up.3","Corythucha padi",3
"1253","COI.0821.2Brn.Up.3","Dolophilodes novusamericanus",5
"1254","COI.0821.2Brn.Up.3","Eiseniella tetraedra",8
"1255","COI.0821.2Brn.Up.3","Hydra vulgaris",38
"1256","COI.0821.2Brn.Up.3","Nais variabilis",7
"1257","COI.0821.2Brn.Up.3","Onocosmoecus unicolor",6
"1258","COI.0821.2Brn.Up.3","Parapsyche almota",9
"1259","COI.0821.2Brn.Up.3","Parapsyche elsis",2
"1260","COI.0821.2Brn.Up.3","Psychoglypha alascensis",6
"1261","COI.0821.2Brn.Up.3","Pteronarcys princeps",190
"1262","COI.0821.3Chk.Dn.1","Chironomus maturus",55
"1263","COI.0821.3Chk.Dn.1","Cochliopodium kieliense",27
"1264","COI.0821.3Chk.Dn.1","Homo sapiens",6
"1265","COI.0821.3Chk.Dn.1","Hydra viridissima",54
"1266","COI.0821.3Chk.Dn.1","Hydra vulgaris",29
"1267","COI.0821.3Chk.Dn.1","Lumbriculus variegatus",72
"1268","COI.0821.3Chk.Dn.1","Phytophthora gonapodyides",212
"1269","COI.0821.3Chk.Dn.1","Phytophthora lacustris",750
"1270","COI.0821.3Chk.Dn.1","Plectrocnemia variegata",13
"1271","COI.0821.3Chk.Dn.1","Stylodrilus heringianus",53
"1272","COI.0821.3Chk.Dn.2","Chironomus maturus",101
"1273","COI.0821.3Chk.Dn.2","Cochliopodium kieliense",28
"1274","COI.0821.3Chk.Dn.2","Dendrodrilus rubidus",11
"1275","COI.0821.3Chk.Dn.2","Hydra vulgaris",22
"1276","COI.0821.3Chk.Dn.2","Lumbriculus variegatus",130
"1277","COI.0821.3Chk.Dn.2","Phytophthora gonapodyides",730
"1278","COI.0821.3Chk.Dn.2","Phytophthora lacustris",2642
"1279","COI.0821.3Chk.Dn.2","Stylodrilus heringianus",44
"1280","COI.0821.3Chk.Dn.2","Tubifex tubifex",7
"1281","COI.0821.3Chk.Dn.3","Chironomus maturus",21
"1282","COI.0821.3Chk.Dn.3","Cochliopodium kieliense",22
"1283","COI.0821.3Chk.Dn.3","Hydra viridissima",13
"1284","COI.0821.3Chk.Dn.3","Hydra vulgaris",11
"1285","COI.0821.3Chk.Dn.3","Lumbriculus variegatus",20
"1286","COI.0821.3Chk.Dn.3","Phytophthora gonapodyides",254
"1287","COI.0821.3Chk.Dn.3","Phytophthora lacustris",594
"1288","COI.0821.3Chk.Up.1","Arion subfuscus",37
"1289","COI.0821.3Chk.Up.1","Cardellina pusilla",11
"1290","COI.0821.3Chk.Up.1","Chironomus maturus",22
"1291","COI.0821.3Chk.Up.1","Cochliopodium kieliense",28
"1292","COI.0821.3Chk.Up.1","Compsilura concinnata",23
"1293","COI.0821.3Chk.Up.1","Dendrodrilus rubidus",31
"1294","COI.0821.3Chk.Up.1","Glossosoma penitus",14
"1295","COI.0821.3Chk.Up.1","Hydra vulgaris",107
"1296","COI.0821.3Chk.Up.1","Lepidostoma unicolor",19
"1297","COI.0821.3Chk.Up.1","Nais variabilis",6
"1298","COI.0821.3Chk.Up.1","Parapsyche almota",13
"1299","COI.0821.3Chk.Up.1","Phytophthora gonapodyides",44
"1300","COI.0821.3Chk.Up.1","Phytophthora lacustris",91
"1301","COI.0821.3Chk.Up.1","Plectrocnemia variegata",10
"1302","COI.0821.3Chk.Up.1","Pteronarcys princeps",8
"1303","COI.0821.3Chk.Up.1","Stylodrilus heringianus",71
"1304","COI.0821.3Chk.Up.2","Arion subfuscus",11
"1305","COI.0821.3Chk.Up.2","Compsilura concinnata",10
"1306","COI.0821.3Chk.Up.2","Dendrodrilus rubidus",25
"1307","COI.0821.3Chk.Up.2","Glossosoma penitus",8
"1308","COI.0821.3Chk.Up.2","Hydra vulgaris",30
"1309","COI.0821.3Chk.Up.2","Nusuttodinium aeruginosum",32
"1310","COI.0821.3Chk.Up.2","Phytophthora gonapodyides",6
"1311","COI.0821.3Chk.Up.2","Phytophthora lacustris",17
"1312","COI.0821.3Chk.Up.2","Poecile rufescens",4
"1313","COI.0821.3Chk.Up.2","Pteronarcys princeps",10
"1314","COI.0821.3Chk.Up.2","Stylodrilus heringianus",35
"1315","COI.0821.3Chk.Up.3","Arion subfuscus",8
"1316","COI.0821.3Chk.Up.3","Cochliopodium kieliense",10
"1317","COI.0821.3Chk.Up.3","Compsilura concinnata",5
"1318","COI.0821.3Chk.Up.3","Dendrodrilus rubidus",5
"1319","COI.0821.3Chk.Up.3","Glossosoma penitus",4
"1320","COI.0821.3Chk.Up.3","Hydra vulgaris",24
"1321","COI.0821.3Chk.Up.3","Lepidostoma unicolor",5
"1322","COI.0821.3Chk.Up.3","Phytophthora gonapodyides",6
"1323","COI.0821.3Chk.Up.3","Phytophthora lacustris",42
"1324","COI.0821.3Chk.Up.3","Stylodrilus heringianus",24
"1325","COI.0821.4Pad.Dn.1","Euchlanis dilatata",24
"1326","COI.0821.4Pad.Dn.1","Gomphonema parvulum",21
"1327","COI.0821.4Pad.Dn.1","Hydra oligactis",156
"1328","COI.0821.4Pad.Dn.1","Lepidostoma unicolor",4
"1329","COI.0821.4Pad.Dn.1","Lumbriculus variegatus",3
"1330","COI.0821.4Pad.Dn.1","Micropsectra polita",20
"1331","COI.0821.4Pad.Dn.1","Psychoglypha alascensis",3
"1332","COI.0821.4Pad.Dn.2","Euchlanis dilatata",46
"1333","COI.0821.4Pad.Dn.2","Gomphonema parvulum",7
"1334","COI.0821.4Pad.Dn.2","Hydra oligactis",38
"1335","COI.0821.4Pad.Dn.2","Pteronarcys princeps",2
"1336","COI.0821.4Pad.Dn.3","Euchlanis dilatata",926
"1337","COI.0821.4Pad.Dn.3","Gomphonema parvulum",12
"1338","COI.0821.4Pad.Dn.3","Hydra oligactis",523
"1339","COI.0821.4Pad.Dn.3","Lumbriculus variegatus",15
"1340","COI.0821.4Pad.Dn.3","Micropsectra polita",70
"1341","COI.0821.4Pad.Dn.3","Pteronarcys princeps",19
"1342","COI.0821.4Pad.Dn.3","Rhyacophila vedra",5
"1343","COI.0821.4Pad.Up11.1","Cochliopodium kieliense",45
"1344","COI.0821.4Pad.Up11.1","Hydra oligactis",102
"1345","COI.0821.4Pad.Up11.1","Hydra vulgaris",20
"1346","COI.0821.4Pad.Up11.1","Lepidostoma unicolor",10
"1347","COI.0821.4Pad.Up11.1","Limax maximus",8
"1348","COI.0821.4Pad.Up11.1","Lumbriculus variegatus",12
"1349","COI.0821.4Pad.Up11.1","Nais variabilis",10
"1350","COI.0821.4Pad.Up11.1","Phytophthora lacustris",196
"1351","COI.0821.4Pad.Up11.1","Pristina aequiseta",8
"1352","COI.0821.4Pad.Up11.1","Stylodrilus heringianus",5
"1353","COI.0821.4Pad.Up11.2","Aporrectodea caliginosa L3",4
"1354","COI.0821.4Pad.Up11.2","Arion ater",43
"1355","COI.0821.4Pad.Up11.2","Arion subfuscus",11
"1356","COI.0821.4Pad.Up11.2","Cochliopodium kieliense",146
"1357","COI.0821.4Pad.Up11.2","Cottus asper",7
"1358","COI.0821.4Pad.Up11.2","Culiseta incidens",9
"1359","COI.0821.4Pad.Up11.2","Hydra oligactis",516
"1360","COI.0821.4Pad.Up11.2","Hydra vulgaris",190
"1361","COI.0821.4Pad.Up11.2","Lepidostoma unicolor",55
"1362","COI.0821.4Pad.Up11.2","Limax maximus",17
"1363","COI.0821.4Pad.Up11.2","Lumbriculus variegatus",102
"1364","COI.0821.4Pad.Up11.2","Lumbricus terrestris",4
"1365","COI.0821.4Pad.Up11.2","Nais variabilis",35
"1366","COI.0821.4Pad.Up11.2","Oncorhynchus kisutch",45
"1367","COI.0821.4Pad.Up11.2","Pacifastacus leniusculus",5
"1368","COI.0821.4Pad.Up11.2","Parapsyche almota",16
"1369","COI.0821.4Pad.Up11.2","Phytophthora lacustris",879
"1370","COI.0821.4Pad.Up11.2","Phytophthora plurivora",52
"1371","COI.0821.4Pad.Up11.2","Pristina aequiseta",17
"1372","COI.0821.4Pad.Up11.2","Psychoglypha alascensis",6
"1373","COI.0821.4Pad.Up11.2","Rhyacophila vedra",6
"1374","COI.0821.4Pad.Up11.2","Stylodrilus heringianus",82
"1375","COI.0821.4Pad.Up11.3","Arion ater",17
"1376","COI.0821.4Pad.Up11.3","Arion subfuscus",7
"1377","COI.0821.4Pad.Up11.3","Cochliopodium kieliense",85
"1378","COI.0821.4Pad.Up11.3","Culiseta incidens",6
"1379","COI.0821.4Pad.Up11.3","Eiseniella tetraedra",29
"1380","COI.0821.4Pad.Up11.3","Hydra oligactis",213
"1381","COI.0821.4Pad.Up11.3","Hydra vulgaris",30
"1382","COI.0821.4Pad.Up11.3","Lepidostoma unicolor",28
"1383","COI.0821.4Pad.Up11.3","Limax maximus",15
"1384","COI.0821.4Pad.Up11.3","Lumbriculus variegatus",39
"1385","COI.0821.4Pad.Up11.3","Micropsectra polita",41
"1386","COI.0821.4Pad.Up11.3","Nais variabilis",14
"1387","COI.0821.4Pad.Up11.3","Oncorhynchus kisutch",13
"1388","COI.0821.4Pad.Up11.3","Pacifastacus leniusculus",3
"1389","COI.0821.4Pad.Up11.3","Parapsyche almota",7
"1390","COI.0821.4Pad.Up11.3","Phytophthora cambivora",38
"1391","COI.0821.4Pad.Up11.3","Phytophthora lacustris",574
"1392","COI.0821.4Pad.Up11.3","Phytophthora plurivora",12
"1393","COI.0821.4Pad.Up11.3","Psychoglypha alascensis",5
"1394","COI.0821.4Pad.Up11.3","Pteronarcys princeps",8
"1395","COI.0821.4Pad.Up11.3","Rhyacophila vedra",9
"1396","COI.0821.4Pad.Up11.3","Stylodrilus heringianus",41
"1397","COI.0821.4Pad.Up5.1","Cochliopodium kieliense",363
"1398","COI.0821.4Pad.Up5.1","Cochliopodium minutoidum",5
"1399","COI.0821.4Pad.Up5.1","Hydra oligactis",424
"1400","COI.0821.4Pad.Up5.1","Hydra viridissima",13
"1401","COI.0821.4Pad.Up5.1","Hydra vulgaris",26
"1402","COI.0821.4Pad.Up5.1","Nais variabilis",34
"1403","COI.0821.4Pad.Up5.1","Octolasion cyaneum",22
"1404","COI.0821.4Pad.Up5.1","Oncorhynchus kisutch",22
"1405","COI.0821.4Pad.Up5.1","Phytophthora gonapodyides",413
"1406","COI.0821.4Pad.Up5.1","Phytophthora lacustris",220
"1407","COI.0821.4Pad.Up5.1","Phytophthora plurivora",60
"1408","COI.0821.4Pad.Up5.1","Pteronarcys princeps",4
"1409","COI.0821.4Pad.Up5.1","Stylodrilus heringianus",46
"1410","COI.0821.4Pad.Up5.1","Tubifex tubifex",7
"1411","COI.0821.4Pad.Up5.2","Barypeithes pellucidus",5
"1412","COI.0821.4Pad.Up5.2","Cochliopodium kieliense",121
"1413","COI.0821.4Pad.Up5.2","Cochliopodium minutoidum",6
"1414","COI.0821.4Pad.Up5.2","Eiseniella tetraedra",3
"1415","COI.0821.4Pad.Up5.2","Glossosoma penitus",10
"1416","COI.0821.4Pad.Up5.2","Hydra oligactis",451
"1417","COI.0821.4Pad.Up5.2","Hydra vulgaris",43
"1418","COI.0821.4Pad.Up5.2","Nais variabilis",5
"1419","COI.0821.4Pad.Up5.2","Octolasion cyaneum",19
"1420","COI.0821.4Pad.Up5.2","Oncorhynchus kisutch",6
"1421","COI.0821.4Pad.Up5.2","Pacifastacus leniusculus",18
"1422","COI.0821.4Pad.Up5.2","Phytophthora lacustris",140
"1423","COI.0821.4Pad.Up5.2","Phytophthora plurivora",74
"1424","COI.0821.4Pad.Up5.2","Psychoglypha alascensis",4
"1425","COI.0821.4Pad.Up5.2","Pteronarcys princeps",22
"1426","COI.0821.4Pad.Up5.2","Stylodrilus heringianus",55
"1427","COI.0821.4Pad.Up5.3","Cochliopodium kieliense",74
"1428","COI.0821.4Pad.Up5.3","Cottus asper",4
"1429","COI.0821.4Pad.Up5.3","Hydra oligactis",46
"1430","COI.0821.4Pad.Up5.3","Hydra vulgaris",8
"1431","COI.0821.4Pad.Up5.3","Lumbriculus variegatus",4
"1432","COI.0821.4Pad.Up5.3","Nais variabilis",5
"1433","COI.0821.4Pad.Up5.3","Phytophthora gonapodyides",10
"1434","COI.0821.4Pad.Up5.3","Phytophthora plurivora",8
"1435","COI.0821.4Pad.Up5.3","Pteronarcys princeps",4
"1436","COI.0821.4Pad.Up5.3","Stylodrilus heringianus",10
"1437","COI.0821.5Sqm.Dn.1","Hydra vulgaris",2
"1438","COI.0821.5Sqm.Dn.1TR2","Oncorhynchus kisutch",34
"1439","COI.0821.5Sqm.Dn.1TR2","Rana catesbeiana",4
"1440","COI.0821.5Sqm.Dn.1TR3","Oncorhynchus kisutch",30
"1441","COI.0821.5Sqm.Up.1","Hydra oligactis",2
"1442","COI.0821.5Sqm.Up.1","Oncorhynchus kisutch",27
"1443","COI.0821.5Sqm.Up.1","Rana catesbeiana",4
"1444","COI.0821.5Sqm.Up.2","Hydra oligactis",5
"1445","COI.0821.5Sqm.Up.2","Hydra vulgaris",8
"1446","COI.0821.5Sqm.Up.2","Oncorhynchus kisutch",148
"1447","COI.0821.5Sqm.Up.2","Pacifastacus leniusculus",10
"1448","COI.0821.5Sqm.Up.2","Rana catesbeiana",23
"1449","COI.0821.5Sqm.Up.3","Oncorhynchus kisutch",40
"1450","COI.0821.5Sqm.Up.3","Phytophthora lacustris",3
"1451","COI.Kangaroo.Run.2","Macropus fuliginosus",1759
"1452","COI.Kangaroo.Run.2","Macropus giganteus",1940
"1453","COI.Kangaroo.Run.2","Osphranter robustus",150
"1454","COI.Kangaroo.Run.2","Osphranter rufus",160791
"1455","COI.Kangaroo.Run.3","Macropus fuliginosus",291
"1456","COI.Kangaroo.Run.3","Macropus giganteus",362
"1457","COI.Kangaroo.Run.3","Osphranter robustus",30
"1458","COI.Kangaroo.Run.3","Osphranter rufus",30683
"1459","COI.Kangaroo.Run.4","Macropus fuliginosus",1337
"1460","COI.Kangaroo.Run.4","Macropus giganteus",1321
"1461","COI.Kangaroo.Run.4","Osphranter robustus",118
"1462","COI.Kangaroo.Run.4","Osphranter rufus",110879
"1463","COI.Kangaroo.Run.6","Osphranter rufus",25200
"1464","Delta.1m1.072021","Clytia hemisphaerica",948
"1465","Delta.1m1.072021","Heterosigma akashiwo",889
"1466","Delta.1m1.072021","Pseudo-nitzschia hasleana",602
"1467","Delta.1m1.072021","Skeletonema japonicum",254
"1468","Delta.1m2.072021","Heterosigma akashiwo",973
"1469","Delta.1m2.072021","Skeletonema dohrnii",21
"1470","Delta.1m2.072021","Skeletonema japonicum",255
"1471","Delta.1m3.072021","Heterosigma akashiwo",770
"1472","Delta.1m3.072021","Skeletonema japonicum",121
"1473","Delta.BAC1.072021","Heterosigma akashiwo",136
"1474","Delta.BAC1.072021","Skeletonema japonicum",7
"1475","Delta.BAC2.072021","Heterosigma akashiwo",145
"1476","Delta.BAC2.072021","Karlodinium veneficum",39
"1477","Delta.BAC2.072021","Pseudo-nitzschia hasleana",10
"1478","Delta.BAC2.072021","Skeletonema japonicum",54
"1479","HIP.15m.0721","Clytia hemisphaerica",16
"1480","HIP.15m.0721","Heterosigma akashiwo",140
"1481","HIP.15m.0721","Karlodinium veneficum",21
"1482","HIP.15m.0721","Skeletonema japonicum",184
"1483","HIP.1m3.072021","Euphausia pacifica",8
"1484","HIP.1m3.072021","Heterocapsa triquetra",12
"1485","HIP.1m3.072021","Heterosigma akashiwo",22
"1486","HIP.1m3.072021","Skeletonema japonicum",24
"1487","HIP.30m.0721","Clytia hemisphaerica",5
"1488","HIP.30m.0721","Euphausia pacifica",4
"1489","HIP.30m.0721","Heterosigma akashiwo",418
"1490","HIP.30m.0721","Mytilus trossulus",7
"1491","HIP.30m.0721","Nassarius mendicus",6
"1492","HIP.30m.0721","Pseudo-nitzschia hasleana",21
"1493","HIP.30m.0721","Pycnococcus provasolii",9
"1494","HIP.30m.0721","Skeletonema dohrnii",14
"1495","HIP.30m.0721","Skeletonema japonicum",544
"1496","HIP.BAC1.072021","Euphausia pacifica",73
"1497","HIP.BAC1.072021","Heterosigma akashiwo",54
"1498","HIP.BAC1.072021","Pseudo-nitzschia hasleana",40
"1499","HIP.BAC1.072021","Skeletonema japonicum",63
"1500","HIP.BAC2.072021","Euphausia pacifica",26797
"1501","HIP.BAC2.072021","Heterosigma akashiwo",81
"1502","HIP.BAC2.072021","Skeletonema japonicum",26
"1503","MBT.15m.0721","Euphausia pacifica",10
"1504","MBT.15m.0721","Heterosigma akashiwo",1091
"1505","MBT.15m.0721","Pseudo-nitzschia hasleana",48
"1506","MBT.15m.0721","Skeletonema dohrnii",68
"1507","MBT.15m.0721","Skeletonema japonicum",897
"1508","MBT.1m1.072021","Heterosigma akashiwo",519
"1509","MBT.1m1.072021","Skeletonema japonicum",161
"1510","MBT.1m2.072021","Euphausia pacifica",11
"1511","MBT.1m2.072021","Heterosigma akashiwo",199
"1512","MBT.1m2.072021","Skeletonema japonicum",12
"1513","MBT.1m3.072021","Heterosigma akashiwo",1492
"1514","MBT.1m3.072021","Skeletonema dohrnii",6
"1515","MBT.1m3.072021","Skeletonema japonicum",71
"1516","MBT.30m.0721","Heterosigma akashiwo",1992
"1517","MBT.30m.0721","Pseudo-nitzschia hasleana",60
"1518","MBT.30m.0721","Skeletonema dohrnii",96
"1519","MBT.30m.0721","Skeletonema japonicum",2489
"1520","MBT.30m.0721","Thoracosphaera heimii",156
"1521","MBT.BAC1.072021","Heterosigma akashiwo",274
"1522","MBT.BAC1.072021","Homo sapiens",6
