"Sample_name","class","species","tot"
"MiMammal.0321.1Prt.Dn.1","Actinopteri","Oncorhynchus clarkii",3047
"MiMammal.0321.1Prt.Dn.1","Actinopteri","Oncorhynchus kisutch",2811
"MiMammal.0321.1Prt.Dn.1","Aves","Melospiza melodia",1516
"MiMammal.0321.1Prt.Dn.1","Hyperoartia","Lampetra sp. CBM:ZF:17561",51
"MiMammal.0321.1Prt.Dn.1","Mammalia","Didelphis virginiana",73713
"MiMammal.0321.1Prt.Dn.2","Actinopteri","Oncorhynchus clarkii",2517
"MiMammal.0321.1Prt.Dn.2","Actinopteri","Oncorhynchus kisutch",310
"MiMammal.0321.1Prt.Dn.2","Aves","Aix sponsa",2665
"MiMammal.0321.1Prt.Dn.2","Aves","Pipilo maculatus",9768
"MiMammal.0321.1Prt.Dn.2","Hyperoartia","Lampetra sp. CBM:ZF:17561",1462
"MiMammal.0321.1Prt.Dn.2","Mammalia","Didelphis virginiana",55841
"MiMammal.0321.1Prt.Dn.3","Actinopteri","Oncorhynchus clarkii",2694
"MiMammal.0321.1Prt.Dn.3","Actinopteri","Oncorhynchus kisutch",751
"MiMammal.0321.1Prt.Dn.3","Aves","Aix sponsa",755
"MiMammal.0321.1Prt.Dn.3","Hyperoartia","Lampetra sp. CBM:ZF:17561",55
"MiMammal.0321.1Prt.Dn.3","Mammalia","Didelphis virginiana",60826
"MiMammal.0321.1Prt.Up.1","Actinopteri","Oncorhynchus clarkii",678
"MiMammal.0321.1Prt.Up.1","Actinopteri","Oncorhynchus kisutch",285
"MiMammal.0321.1Prt.Up.1","Aves","Aix sponsa",650
"MiMammal.0321.1Prt.Up.1","Aves","Melospiza melodia",805
"MiMammal.0321.1Prt.Up.1","Aves","Pipilo maculatus",29
"MiMammal.0321.1Prt.Up.1","Hyperoartia","Lampetra sp. CBM:ZF:17561",11
"MiMammal.0321.1Prt.Up.1","Mammalia","Didelphis virginiana",6722
"MiMammal.0321.1Prt.Up.1","Mammalia","Sus scrofa",1978
"MiMammal.0321.1Prt.Up.2","Actinopteri","Oncorhynchus clarkii",780
"MiMammal.0321.1Prt.Up.2","Actinopteri","Oncorhynchus kisutch",67
"MiMammal.0321.1Prt.Up.2","Hyperoartia","Lampetra sp. CBM:ZF:17561",89
"MiMammal.0321.1Prt.Up.2","Mammalia","Didelphis virginiana",47198
"MiMammal.0321.1Prt.Up.2","Mammalia","Ondatra zibethicus",4046
"MiMammal.0321.1Prt.Up.3","Actinopteri","Oncorhynchus clarkii",902
"MiMammal.0321.1Prt.Up.3","Actinopteri","Oncorhynchus kisutch",34
"MiMammal.0321.1Prt.Up.3","Mammalia","Didelphis virginiana",3547
"MiMammal.0321.2Brn.Dn.1","Actinopteri","Oncorhynchus clarkii",13459
"MiMammal.0321.2Brn.Dn.1","Hyperoartia","Lampetra sp. CBM:ZF:17561",419
"MiMammal.0321.2Brn.Dn.1","Mammalia","Rattus norvegicus",96
"MiMammal.0321.2Brn.Dn.2","Actinopteri","Oncorhynchus clarkii",1118
"MiMammal.0321.2Brn.Dn.2","Hyperoartia","Lampetra sp. CBM:ZF:17561",2176
"MiMammal.0321.2Brn.Dn.3","Actinopteri","Oncorhynchus clarkii",5531
"MiMammal.0321.2Brn.Dn.3","Hyperoartia","Lampetra sp. CBM:ZF:17561",624
"MiMammal.0321.2Brn.Dn.3","Mammalia","Didelphis virginiana",13
"MiMammal.0321.2Brn.Up.1","Mammalia","Lynx rufus",18646
"MiMammal.0321.2Brn.Up.1TR2","Mammalia","Lynx rufus",133953
"MiMammal.0321.2Brn.Up.1TR3","Mammalia","Lynx rufus",90655
"MiMammal.0321.2Brn.Up.2","Mammalia","Lynx rufus",28861
"MiMammal.0321.2Brn.Up.3","Mammalia","Lynx rufus",63091
"MiMammal.0321.3Chk.Dn.1","Actinopteri","Oncorhynchus clarkii",1863
"MiMammal.0321.3Chk.Dn.1","Actinopteri","Oncorhynchus mykiss",570
"MiMammal.0321.3Chk.Dn.1","Aves","Branta canadensis",2634
"MiMammal.0321.3Chk.Dn.2","Actinopteri","Oncorhynchus clarkii",72930
"MiMammal.0321.3Chk.Dn.2","Aves","Pipilo maculatus",874
"MiMammal.0321.3Chk.Dn.2","Mammalia","Bos taurus",281
"MiMammal.0321.3Chk.Dn.3","Actinopteri","Oncorhynchus clarkii",54506
"MiMammal.0321.3Chk.Dn.3","Actinopteri","Oncorhynchus mykiss",264
"MiMammal.0321.3Chk.Up.1","Actinopteri","Oncorhynchus clarkii",26960
"MiMammal.0321.3Chk.Up.1","Aves","Junco hyemalis",649
"MiMammal.0321.3Chk.Up.1","Mammalia","Didelphis virginiana",2678
"MiMammal.0321.3Chk.Up.2","Actinopteri","Oncorhynchus clarkii",12949
"MiMammal.0321.3Chk.Up.2","Mammalia","Didelphis virginiana",5571
"MiMammal.0321.3Chk.Up.3","Actinopteri","Oncorhynchus clarkii",7514
"MiMammal.0321.3Chk.Up.3","Aves","Branta canadensis",561
"MiMammal.0321.3Chk.Up.3","Aves","Cairina moschata",268
"MiMammal.0321.4Pad.Dn.1","Actinopteri","Oncorhynchus clarkii",1688
"MiMammal.0321.4Pad.Dn.1","Actinopteri","Oncorhynchus kisutch",24
"MiMammal.0321.4Pad.Dn.1","Actinopteri","Oncorhynchus mykiss",355
"MiMammal.0321.4Pad.Dn.1","Actinopteri","Perca flavescens",335
"MiMammal.0321.4Pad.Dn.1","Mammalia","Canis lupus",2268
"MiMammal.0321.4Pad.Dn.2","Actinopteri","Oncorhynchus clarkii",298
"MiMammal.0321.4Pad.Dn.2","Actinopteri","Oncorhynchus kisutch",138
"MiMammal.0321.4Pad.Dn.2","Actinopteri","Oncorhynchus mykiss",132
"MiMammal.0321.4Pad.Dn.2","Aves","Melospiza melodia",1634
"MiMammal.0321.4Pad.Dn.2","Mammalia","Canis lupus",2408
"MiMammal.0321.4Pad.Dn.2","Mammalia","Didelphis virginiana",9
"MiMammal.0321.4Pad.Dn.3","Actinopteri","Oncorhynchus clarkii",2534
"MiMammal.0321.4Pad.Dn.3","Actinopteri","Oncorhynchus kisutch",822
"MiMammal.0321.4Pad.Dn.3","Actinopteri","Oncorhynchus mykiss",1227
"MiMammal.0321.4Pad.Dn.3","Mammalia","Canis lupus",14087
"MiMammal.0321.4Pad.Up11.1","Actinopteri","Oncorhynchus clarkii",2826
"MiMammal.0321.4Pad.Up11.1","Actinopteri","Oncorhynchus mykiss",7600
"MiMammal.0321.4Pad.Up11.1","Aves","Melospiza melodia",1270
"MiMammal.0321.4Pad.Up11.1","Mammalia","Neovison vison",3006
"MiMammal.0321.4Pad.Up11.2","Actinopteri","Oncorhynchus clarkii",343
"MiMammal.0321.4Pad.Up11.2","Actinopteri","Oncorhynchus mykiss",961
"MiMammal.0321.4Pad.Up11.2","Actinopteri","Perca flavescens",2088
"MiMammal.0321.4Pad.Up11.2","Mammalia","Lynx rufus",8
"MiMammal.0321.4Pad.Up11.3","Actinopteri","Oncorhynchus clarkii",639
"MiMammal.0321.4Pad.Up11.3","Actinopteri","Oncorhynchus mykiss",1901
"MiMammal.0321.4Pad.Up11.3","Actinopteri","Perca flavescens",462
"MiMammal.0321.4Pad.Up5.1","Actinopteri","Oncorhynchus mykiss",953
"MiMammal.0321.4Pad.Up5.2","Actinopteri","Perca flavescens",780
"MiMammal.0321.4Pad.Up5.3","Actinopteri","Perca flavescens",1421
"MiMammal.0321.4Pad.Up5.3","Aves","Melospiza melodia",4440
"MiMammal.0321.4Pad.Up5.3","Mammalia","Sus scrofa",4052
"MiMammal.0321.5Sqm.Dn.1","Actinopteri","Ameiurus nebulosus",742
"MiMammal.0321.5Sqm.Dn.1","Actinopteri","Oncorhynchus clarkii",4902
"MiMammal.0321.5Sqm.Dn.1","Actinopteri","Pimephales promelas",1240
"MiMammal.0321.5Sqm.Dn.1","Aves","Branta canadensis",2175
"MiMammal.0321.5Sqm.Dn.2","Actinopteri","Oncorhynchus clarkii",1542
"MiMammal.0321.5Sqm.Dn.2","Actinopteri","Oncorhynchus mykiss",37
"MiMammal.0321.5Sqm.Dn.2","Actinopteri","Pimephales promelas",256
"MiMammal.0321.5Sqm.Dn.2","Aves","Melospiza melodia",648
"MiMammal.0321.5Sqm.Dn.2","Hyperoartia","Lampetra sp. CBM:ZF:17561",3
"MiMammal.0321.5Sqm.Dn.3","Actinopteri","Ameiurus nebulosus",439
"MiMammal.0321.5Sqm.Dn.3","Actinopteri","Oncorhynchus clarkii",322
"MiMammal.0321.5Sqm.Dn.3","Actinopteri","Pimephales promelas",196
"MiMammal.0321.5Sqm.Dn.3","Mammalia","Sus scrofa",1012
"MiMammal.0321.5Sqm.Up.1","Actinopteri","Ameiurus nebulosus",2322
"MiMammal.0321.5Sqm.Up.1","Actinopteri","Oncorhynchus clarkii",1414
"MiMammal.0321.5Sqm.Up.1","Actinopteri","Pimephales promelas",1087
"MiMammal.0321.5Sqm.Up.1","Aves","Branta canadensis",1777
"MiMammal.0321.5Sqm.Up.1","Aves","Melospiza melodia",12090
"MiMammal.0321.5Sqm.Up.1","Mammalia","Didelphis virginiana",4201
"MiMammal.0321.5Sqm.Up.2","Actinopteri","Oncorhynchus clarkii",3505
"MiMammal.0321.5Sqm.Up.2","Actinopteri","Oncorhynchus kisutch",2485
"MiMammal.0321.5Sqm.Up.2","Actinopteri","Oncorhynchus mykiss",494
"MiMammal.0321.5Sqm.Up.2","Actinopteri","Pimephales promelas",4914
"MiMammal.0321.5Sqm.Up.2","Aves","Melospiza melodia",9001
"MiMammal.0321.5Sqm.Up.2","Hyperoartia","Lampetra sp. CBM:ZF:17561",993
"MiMammal.0321.5Sqm.Up.2","Mammalia","Sus scrofa",1872
"MiMammal.0321.5Sqm.Up.3","Actinopteri","Oncorhynchus clarkii",612
"MiMammal.0321.5Sqm.Up.3","Actinopteri","Oncorhynchus mykiss",32
"MiMammal.0321.5Sqm.Up.3","Actinopteri","Pimephales promelas",230
"MiMammal.0321.5Sqm.Up.3","Aves","Branta canadensis",337
"MiMammal.0321.5Sqm.Up.3","Mammalia","Canis lupus",407
"MiMammal.0421.1Prt.Dn.1","Actinopteri","Oncorhynchus clarkii",995
"MiMammal.0421.1Prt.Dn.1","Actinopteri","Oncorhynchus kisutch",862
"MiMammal.0421.1Prt.Dn.1","Aves","Melospiza melodia",94
"MiMammal.0421.1Prt.Dn.1","Hyperoartia","Lampetra sp. CBM:ZF:17561",10
"MiMammal.0421.1Prt.Dn.1","Mammalia","Felis catus",1131
"MiMammal.0421.1Prt.Dn.2","Actinopteri","Oncorhynchus clarkii",867
"MiMammal.0421.1Prt.Dn.2","Actinopteri","Oncorhynchus kisutch",1209
"MiMammal.0421.1Prt.Dn.2","Aves","Aix sponsa",13
"MiMammal.0421.1Prt.Dn.2","Aves","Tachycineta thalassina",41
"MiMammal.0421.1Prt.Dn.2","Hyperoartia","Lampetra sp. CBM:ZF:17561",55
"MiMammal.0421.1Prt.Dn.2","Mammalia","Didelphis virginiana",2004
"MiMammal.0421.1Prt.Dn.2","Mammalia","Lynx rufus",14
"MiMammal.0421.1Prt.Dn.3","Actinopteri","Oncorhynchus clarkii",5172
"MiMammal.0421.1Prt.Dn.3","Actinopteri","Oncorhynchus kisutch",4322
"MiMammal.0421.1Prt.Dn.3","Aves","Aix sponsa",264
"MiMammal.0421.1Prt.Dn.3","Hyperoartia","Lampetra sp. CBM:ZF:17561",519
"MiMammal.0421.1Prt.Dn.3","Mammalia","Didelphis virginiana",13663
"MiMammal.0421.1Prt.Up.1","Actinopteri","Oncorhynchus clarkii",6284
"MiMammal.0421.1Prt.Up.1","Actinopteri","Oncorhynchus kisutch",6554
"MiMammal.0421.1Prt.Up.1","Hyperoartia","Lampetra sp. CBM:ZF:17561",20
"MiMammal.0421.1Prt.Up.1","Mammalia","Didelphis virginiana",12063
"MiMammal.0421.1Prt.Up.2","Actinopteri","Oncorhynchus clarkii",8569
"MiMammal.0421.1Prt.Up.2","Actinopteri","Oncorhynchus kisutch",3584
"MiMammal.0421.1Prt.Up.2","Aves","Aix sponsa",118
"MiMammal.0421.1Prt.Up.2","Aves","Haemorhous mexicanus",2689
"MiMammal.0421.1Prt.Up.2","Hyperoartia","Lampetra sp. CBM:ZF:17561",60
"MiMammal.0421.1Prt.Up.2","Mammalia","Didelphis virginiana",12079
"MiMammal.0421.1Prt.Up.3","Actinopteri","Oncorhynchus clarkii",1487
"MiMammal.0421.1Prt.Up.3","Actinopteri","Oncorhynchus kisutch",1264
"MiMammal.0421.1Prt.Up.3","Aves","Aix sponsa",342
"MiMammal.0421.1Prt.Up.3","Hyperoartia","Lampetra sp. CBM:ZF:17561",582
"MiMammal.0421.1Prt.Up.3","Mammalia","Didelphis virginiana",5141
"MiMammal.0421.1Prt.Up.3","Mammalia","Lynx rufus",13
"MiMammal.0421.2Brn.Dn.1","Actinopteri","Oncorhynchus clarkii",942
"MiMammal.0421.2Brn.Dn.1","Mammalia","Didelphis virginiana",4
"MiMammal.0421.2Brn.Dn.2","Actinopteri","Oncorhynchus clarkii",228
"MiMammal.0421.2Brn.Dn.3","Actinopteri","Oncorhynchus clarkii",1638
"MiMammal.0421.2Brn.Dn.3","Actinopteri","Oncorhynchus kisutch",2984
"MiMammal.0421.2Brn.Up.2","Actinopteri","Oncorhynchus clarkii",70
"MiMammal.0421.2Brn.Up.2","Actinopteri","Oncorhynchus kisutch",55
"MiMammal.0421.2Brn.Up.2","Actinopteri","Oncorhynchus mykiss",236
"MiMammal.0421.2Brn.Up.2","Actinopteri","Perca flavescens",334
"MiMammal.0421.2Brn.Up.2","Aves","Melospiza melodia",430
"MiMammal.0421.2Brn.Up.2","Mammalia","Aplodontia rufa",1072
"MiMammal.0421.2Brn.Up.3","Mammalia","Scapanus orarius",5747
"MiMammal.0421.3Chk.Dn.1","Actinopteri","Oncorhynchus clarkii",1563
"MiMammal.0421.3Chk.Dn.1","Aves","Branta canadensis",1478
"MiMammal.0421.3Chk.Dn.1","Mammalia","Didelphis virginiana",2910
"MiMammal.0421.3Chk.Dn.2","Actinopteri","Oncorhynchus clarkii",2433
"MiMammal.0421.3Chk.Dn.2","Mammalia","Lynx rufus",2193
"MiMammal.0421.3Chk.Dn.3","Actinopteri","Oncorhynchus clarkii",1539
"MiMammal.0421.3Chk.Dn.3","Aves","Melospiza melodia",138
"MiMammal.0421.3Chk.Dn.3","Mammalia","Canis lupus",583
"MiMammal.0421.3Chk.Dn.3","Mammalia","Didelphis virginiana",1206
"MiMammal.0421.3Chk.Up.1","Actinopteri","Oncorhynchus clarkii",1011
"MiMammal.0421.3Chk.Up.1","Mammalia","Didelphis virginiana",16398
"MiMammal.0421.3Chk.Up.1TR2","Actinopteri","Oncorhynchus clarkii",1020
"MiMammal.0421.3Chk.Up.1TR2","Amphibia","Taricha granulosa",1317
"MiMammal.0421.3Chk.Up.1TR2","Mammalia","Didelphis virginiana",17820
"MiMammal.0421.3Chk.Up.1TR2","Mammalia","Lynx rufus",2172
"MiMammal.0421.3Chk.Up.1TR3","Actinopteri","Oncorhynchus clarkii",2127
"MiMammal.0421.3Chk.Up.1TR3","Mammalia","Didelphis virginiana",10546
"MiMammal.0421.3Chk.Up.2","Actinopteri","Oncorhynchus clarkii",7643
"MiMammal.0421.3Chk.Up.2","Aves","Regulus satrapa",242
"MiMammal.0421.3Chk.Up.2","Mammalia","Didelphis virginiana",11853
"MiMammal.0421.3Chk.Up.3","Actinopteri","Oncorhynchus clarkii",428
"MiMammal.0421.3Chk.Up.3","Actinopteri","Oncorhynchus mykiss",86
"MiMammal.0421.3Chk.Up.3","Aves","Melospiza melodia",151
"MiMammal.0421.3Chk.Up.3","Mammalia","Didelphis virginiana",298
"MiMammal.0421.4Pad.Dn.1","Actinopteri","Oncorhynchus clarkii",826
"MiMammal.0421.4Pad.Dn.1","Actinopteri","Oncorhynchus kisutch",135
"MiMammal.0421.4Pad.Dn.1","Actinopteri","Oncorhynchus mykiss",648
"MiMammal.0421.4Pad.Dn.1","Actinopteri","Perca flavescens",1873
"MiMammal.0421.4Pad.Dn.1","Mammalia","Canis lupus",3752
"MiMammal.0421.4Pad.Dn.2","Actinopteri","Oncorhynchus clarkii",1380
"MiMammal.0421.4Pad.Dn.2","Actinopteri","Oncorhynchus kisutch",930
"MiMammal.0421.4Pad.Dn.2","Actinopteri","Oncorhynchus mykiss",3574
"MiMammal.0421.4Pad.Dn.2","Actinopteri","Perca flavescens",5400
"MiMammal.0421.4Pad.Dn.2","Aves","Melospiza melodia",8542
"MiMammal.0421.4Pad.Dn.3","Actinopteri","Oncorhynchus clarkii",390
"MiMammal.0421.4Pad.Dn.3","Actinopteri","Oncorhynchus kisutch",255
"MiMammal.0421.4Pad.Dn.3","Actinopteri","Oncorhynchus mykiss",353
"MiMammal.0421.4Pad.Dn.3","Actinopteri","Perca flavescens",962
"MiMammal.0421.4Pad.Up11.1","Actinopteri","Oncorhynchus kisutch",15
"MiMammal.0421.4Pad.Up11.1","Actinopteri","Oncorhynchus mykiss",2583
"MiMammal.0421.4Pad.Up11.1","Actinopteri","Perca flavescens",819
"MiMammal.0421.4Pad.Up11.2","Actinopteri","Oncorhynchus clarkii",3644
"MiMammal.0421.4Pad.Up11.2","Actinopteri","Oncorhynchus mykiss",7183
"MiMammal.0421.4Pad.Up11.2","Actinopteri","Perca flavescens",10846
"MiMammal.0421.4Pad.Up11.3","Actinopteri","Micropterus salmoides",10
"MiMammal.0421.4Pad.Up11.3","Actinopteri","Oncorhynchus clarkii",1626
"MiMammal.0421.4Pad.Up11.3","Actinopteri","Oncorhynchus kisutch",77
"MiMammal.0421.4Pad.Up11.3","Actinopteri","Oncorhynchus mykiss",1774
"MiMammal.0421.4Pad.Up11.3","Actinopteri","Perca flavescens",2693
"MiMammal.0421.4Pad.Up11.3","Aves","Melospiza melodia",749
"MiMammal.0421.4Pad.Up5.1","Actinopteri","Oncorhynchus clarkii",309
"MiMammal.0421.4Pad.Up5.1","Actinopteri","Oncorhynchus mykiss",153
"MiMammal.0421.4Pad.Up5.1","Actinopteri","Perca flavescens",7777
"MiMammal.0421.4Pad.Up5.1","Mammalia","Canis lupus",24412
"MiMammal.0421.4Pad.Up5.2","Actinopteri","Oncorhynchus clarkii",1840
"MiMammal.0421.4Pad.Up5.2","Actinopteri","Oncorhynchus mykiss",336
"MiMammal.0421.4Pad.Up5.2","Actinopteri","Perca flavescens",7901
"MiMammal.0421.4Pad.Up5.2","Aves","Tachycineta bicolor",4205
"MiMammal.0421.4Pad.Up5.2","Mammalia","Canis lupus",7158
"MiMammal.0421.4Pad.Up5.2","Mammalia","Neurotrichus gibbsii",85771
"MiMammal.0421.4Pad.Up5.3","Actinopteri","Oncorhynchus clarkii",148
"MiMammal.0421.4Pad.Up5.3","Actinopteri","Oncorhynchus mykiss",270
"MiMammal.0421.4Pad.Up5.3","Actinopteri","Perca flavescens",2086
"MiMammal.0421.5Sqm.Dn.1","Actinopteri","Ameiurus nebulosus",343
"MiMammal.0421.5Sqm.Dn.1","Actinopteri","Oncorhynchus clarkii",404
"MiMammal.0421.5Sqm.Dn.1","Actinopteri","Oncorhynchus kisutch",23
"MiMammal.0421.5Sqm.Dn.1","Actinopteri","Pimephales promelas",198
"MiMammal.0421.5Sqm.Dn.1","Aves","Branta canadensis",98
"MiMammal.0421.5Sqm.Dn.1","Aves","Meleagris gallopavo",55
"MiMammal.0421.5Sqm.Dn.1","Aves","Melospiza melodia",197
"MiMammal.0421.5Sqm.Dn.1","Mammalia","Canis lupus",208
"MiMammal.0421.5Sqm.Dn.1","Mammalia","Didelphis virginiana",409
"MiMammal.0421.5Sqm.Dn.1","Mammalia","Neurotrichus gibbsii",485
"MiMammal.0421.5Sqm.Dn.2","Actinopteri","Ameiurus nebulosus",1311
"MiMammal.0421.5Sqm.Dn.2","Actinopteri","Oncorhynchus clarkii",868
"MiMammal.0421.5Sqm.Dn.2","Actinopteri","Oncorhynchus kisutch",17
"MiMammal.0421.5Sqm.Dn.2","Actinopteri","Oncorhynchus mykiss",46
"MiMammal.0421.5Sqm.Dn.2","Actinopteri","Pimephales promelas",1523
"MiMammal.0421.5Sqm.Dn.2","Aves","Branta canadensis",124
"MiMammal.0421.5Sqm.Dn.3","Actinopteri","Ameiurus nebulosus",570
"MiMammal.0421.5Sqm.Dn.3","Actinopteri","Oncorhynchus clarkii",957
"MiMammal.0421.5Sqm.Dn.3","Actinopteri","Oncorhynchus kisutch",10
"MiMammal.0421.5Sqm.Dn.3","Actinopteri","Pimephales promelas",1414
"MiMammal.0421.5Sqm.Up.1","Actinopteri","Ameiurus nebulosus",9
"MiMammal.0421.5Sqm.Up.1","Actinopteri","Oncorhynchus clarkii",121
"MiMammal.0421.5Sqm.Up.1","Actinopteri","Oncorhynchus kisutch",32
"MiMammal.0421.5Sqm.Up.1","Actinopteri","Oncorhynchus mykiss",33
"MiMammal.0421.5Sqm.Up.1","Actinopteri","Pimephales promelas",200
"MiMammal.0421.5Sqm.Up.1","Aves","Branta canadensis",60
"MiMammal.0421.5Sqm.Up.1","Aves","Junco hyemalis",20
"MiMammal.0421.5Sqm.Up.2","Actinopteri","Ameiurus nebulosus",1958
"MiMammal.0421.5Sqm.Up.2","Actinopteri","Oncorhynchus clarkii",1725
"MiMammal.0421.5Sqm.Up.2","Actinopteri","Oncorhynchus kisutch",197
"MiMammal.0421.5Sqm.Up.2","Actinopteri","Oncorhynchus mykiss",78
"MiMammal.0421.5Sqm.Up.2","Actinopteri","Pimephales promelas",2429
"MiMammal.0421.5Sqm.Up.2","Aves","Branta canadensis",317
"MiMammal.0421.5Sqm.Up.2","Aves","Junco hyemalis",35
"MiMammal.0421.5Sqm.Up.2","Mammalia","Bos taurus",290
"MiMammal.0421.5Sqm.Up.3","Actinopteri","Ameiurus nebulosus",499
"MiMammal.0421.5Sqm.Up.3","Actinopteri","Oncorhynchus clarkii",550
"MiMammal.0421.5Sqm.Up.3","Actinopteri","Oncorhynchus kisutch",58
"MiMammal.0421.5Sqm.Up.3","Actinopteri","Oncorhynchus mykiss",20
"MiMammal.0421.5Sqm.Up.3","Actinopteri","Pimephales promelas",657
"MiMammal.0421.5Sqm.Up.3","Aves","Branta canadensis",502
"MiMammal.0421.5Sqm.Up.3","Aves","Melospiza melodia",296
"MiMammal.0421.5Sqm.Up.3","Aves","Pipilo maculatus",138
"MiMammal.0421.5Sqm.Up.3","Mammalia","Sus scrofa",435
"MiMammal.0421.Kangaroo","Mammalia","Osphranter robustus",323
"MiMammal.0421.Kangaroo","Mammalia","Osphranter rufus",168960
"MiMammal.0521.2Brn.Dn.3","Actinopteri","Oncorhynchus clarkii",6356
"MiMammal.0521.2Brn.Dn.3","Actinopteri","Oncorhynchus kisutch",9127
"MiMammal.0521.2Brn.Dn.3","Aves","Turdus migratorius",8
"MiMammal.0521.2Brn.Dn.3","Hyperoartia","Lampetra sp. CBM:ZF:17561",116
"MiMammal.0521.2Brn.Dn.3","Mammalia","Canis lupus",1934
"MiMammal.0521.3Chk.Dn.1","Actinopteri","Oncorhynchus clarkii",14202
"MiMammal.0521.3Chk.Dn.1","Aves","Piranga ludoviciana",315
"MiMammal.0521.3Chk.Up.2","Actinopteri","Oncorhynchus clarkii",13428
"MiMammal.0521.3Chk.Up.2","Mammalia","Canis lupus",3434
"MiMammal.0521.3Chk.Up.2","Mammalia","Didelphis virginiana",8634
"MiMammal.0521.4Pad.Up11.2","Actinopteri","Oncorhynchus clarkii",611
"MiMammal.0521.4Pad.Up11.2","Actinopteri","Oncorhynchus kisutch",319
"MiMammal.0521.4Pad.Up11.2","Actinopteri","Oncorhynchus mykiss",388
"MiMammal.0521.4Pad.Up11.2","Actinopteri","Perca flavescens",137
"MiMammal.0521.4Pad.Up11.2","Aves","Melospiza melodia",274
"MiMammal.0521.4Pad.Up11.2","Aves","Piranga ludoviciana",175
"MiMammal.0521.4Pad.Up11.2","Aves","Zonotrichia leucophrys",241
"MiMammal.0521.4Pad.Up11.2","Mammalia","Canis lupus",5309
"MiMammal.0521.4Pad.Up11.3","Actinopteri","Oncorhynchus clarkii",224
"MiMammal.0521.4Pad.Up11.3","Actinopteri","Oncorhynchus kisutch",127
"MiMammal.0521.4Pad.Up11.3","Actinopteri","Oncorhynchus mykiss",454
"MiMammal.0521.4Pad.Up11.3","Actinopteri","Perca flavescens",26
"MiMammal.0521.4Pad.Up11.3","Aves","Melospiza melodia",6
"MiMammal.0621.1Prt.Dn.3","Actinopteri","Oncorhynchus clarkii",3701
"MiMammal.0621.1Prt.Dn.3","Actinopteri","Oncorhynchus kisutch",690
"MiMammal.0621.1Prt.Dn.3","Hyperoartia","Lampetra sp. CBM:ZF:17561",3858
"MiMammal.0621.1Prt.Up.1","Actinopteri","Oncorhynchus clarkii",3189
"MiMammal.0621.1Prt.Up.1","Actinopteri","Oncorhynchus kisutch",2338
"MiMammal.0621.1Prt.Up.1","Aves","Pheucticus melanocephalus",1601
"MiMammal.0621.1Prt.Up.1","Hyperoartia","Lampetra sp. CBM:ZF:17561",2086
"MiMammal.0621.1Prt.Up.3","Actinopteri","Oncorhynchus clarkii",7906
"MiMammal.0621.1Prt.Up.3","Actinopteri","Oncorhynchus kisutch",1344
"MiMammal.0621.1Prt.Up.3","Hyperoartia","Lampetra sp. CBM:ZF:17561",2427
"MiMammal.0621.1Prt.Up.3.TR2","Actinopteri","Oncorhynchus clarkii",7928
"MiMammal.0621.1Prt.Up.3.TR2","Actinopteri","Oncorhynchus kisutch",3085
"MiMammal.0621.1Prt.Up.3.TR2","Hyperoartia","Lampetra sp. CBM:ZF:17561",381
"MiMammal.0621.1Prt.Up.3.TR3","Actinopteri","Oncorhynchus clarkii",9528
"MiMammal.0621.1Prt.Up.3.TR3","Actinopteri","Oncorhynchus kisutch",2532
"MiMammal.0621.1Prt.Up.3.TR3","Hyperoartia","Lampetra sp. CBM:ZF:17561",1747
"MiMammal.0621.3Chk.Dn.1","Actinopteri","Oncorhynchus clarkii",16956
"MiMammal.0621.3Chk.Dn.1","Actinopteri","Oncorhynchus mykiss",638
"MiMammal.0621.3Chk.Up.2","Actinopteri","Oncorhynchus clarkii",23537
"MiMammal.0621.3Chk.Up.2","Aves","Pheucticus melanocephalus",286
"MiMammal.0621.3Chk.Up.2","Mammalia","Scapanus orarius",343
"MiMammal.0621.3Chk.Up.2","Mammalia","Tamiasciurus hudsonicus",327
"MiMammal.0621.3Chk.Up.3","Actinopteri","Oncorhynchus clarkii",37454
"MiMammal.0621.3Chk.Up.3","Mammalia","Tamiasciurus hudsonicus",228
"MiMammal.0621.4Pad.Up5.2","Actinopteri","Oncorhynchus kisutch",29
"MiMammal.0621.4Pad.Up5.2","Aves","Melospiza melodia",12
"MiMammal.0621.4Pad.Up5.2","Aves","Pheucticus melanocephalus",10
"MiMammal.0621.4Pad.Up5.2","Mammalia","Canis lupus",24
"MiMammal.0621.4Pad.Up5.3","Actinopteri","Oncorhynchus kisutch",3
"MiMammal.0621.5Sqm.Dn.1","Actinopteri","Ameiurus nebulosus",1546
"MiMammal.0621.5Sqm.Dn.1","Actinopteri","Oncorhynchus clarkii",17666
"MiMammal.0621.5Sqm.Dn.1","Actinopteri","Oncorhynchus kisutch",4806
"MiMammal.0621.5Sqm.Dn.1","Actinopteri","Oncorhynchus mykiss",69
"MiMammal.0621.5Sqm.Dn.1","Actinopteri","Pimephales promelas",306
"MiMammal.0621.5Sqm.Dn.1","Aves","Bombycilla cedrorum",21
"MiMammal.0621.5Sqm.Dn.1","Aves","Haemorhous mexicanus",528
"MiMammal.0621.5Sqm.Dn.1","Aves","Junco hyemalis",766
"MiMammal.0621.5Sqm.Dn.1","Aves","Melospiza melodia",14184
"MiMammal.0621.5Sqm.Dn.1","Aves","Poecile atricapillus",66
"MiMammal.0621.5Sqm.Dn.1","Hyperoartia","Lampetra sp. CBM:ZF:17561",2275
"MiMammal.0621.5Sqm.Dn.3","Actinopteri","Ameiurus nebulosus",306
"MiMammal.0621.5Sqm.Dn.3","Actinopteri","Oncorhynchus clarkii",9922
"MiMammal.0621.5Sqm.Dn.3","Actinopteri","Oncorhynchus kisutch",1238
"MiMammal.0621.5Sqm.Dn.3","Actinopteri","Oncorhynchus mykiss",146
"MiMammal.0621.5Sqm.Dn.3","Actinopteri","Pimephales promelas",39
"MiMammal.0621.5Sqm.Dn.3","Aves","Haemorhous mexicanus",507
"MiMammal.0621.5Sqm.Dn.3","Aves","Junco hyemalis",508
"MiMammal.0621.5Sqm.Dn.3","Aves","Melospiza melodia",3598
"MiMammal.0621.5Sqm.Dn.3","Aves","Pheucticus melanocephalus",73
"MiMammal.0621.5Sqm.Dn.3","Aves","Poecile atricapillus",120
"MiMammal.0621.5Sqm.Dn.3","Aves","Turdus migratorius",28
"MiMammal.0621.5Sqm.Dn.3","Hyperoartia","Lampetra sp. CBM:ZF:17561",472
"MiMammal.0721.1Prt.Dn.2","Actinopteri","Oncorhynchus clarkii",4437
"MiMammal.0721.1Prt.Dn.2","Actinopteri","Oncorhynchus kisutch",1313
"MiMammal.0721.1Prt.Dn.2","Aves","Melospiza melodia",200
"MiMammal.0721.1Prt.Dn.2","Aves","Sturnus vulgaris",22
"MiMammal.0721.1Prt.Dn.2","Hyperoartia","Lampetra sp. CBM:ZF:17561",248
"MiMammal.0721.1Prt.Dn.2","Mammalia","Didelphis virginiana",29271
"MiMammal.0721.1Prt.Dn.2","Mammalia","Sus scrofa",514
"MiMammal.0721.1Prt.Dn.3","Actinopteri","Oncorhynchus clarkii",3490
"MiMammal.0721.1Prt.Dn.3","Actinopteri","Oncorhynchus kisutch",1577
"MiMammal.0721.1Prt.Dn.3","Aves","Melospiza melodia",116
"MiMammal.0721.1Prt.Dn.3","Hyperoartia","Lampetra sp. CBM:ZF:17561",1026
"MiMammal.0721.1Prt.Dn.3","Mammalia","Didelphis virginiana",35610
"MiMammal.0721.2Brn.Dn.2","Actinopteri","Oncorhynchus clarkii",3682
"MiMammal.0721.2Brn.Dn.2","Actinopteri","Oncorhynchus kisutch",1454
"MiMammal.0721.2Brn.Dn.2","Mammalia","Didelphis virginiana",26212
"MiMammal.0721.3Chk.Up.2","Actinopteri","Oncorhynchus clarkii",17098
"MiMammal.0721.3Chk.Up.2","Actinopteri","Oncorhynchus mykiss",221
"MiMammal.0721.3Chk.Up.2","Aves","Melospiza melodia",196
"MiMammal.0721.3Chk.Up.2","Mammalia","Didelphis virginiana",10503
"MiMammal.0721.3Chk.Up.3","Actinopteri","Oncorhynchus clarkii",14012
"MiMammal.0721.3Chk.Up.3","Actinopteri","Oncorhynchus mykiss",459
"MiMammal.0721.3Chk.Up.3","Aves","Megaceryle alcyon",45
"MiMammal.0721.3Chk.Up.3","Mammalia","Canis lupus",77
"MiMammal.0721.3Chk.Up.3","Mammalia","Didelphis virginiana",10089
"MiMammal.0721.4Pad.Dn.3","Actinopteri","Gasterosteus aculeatus",1024
"MiMammal.0721.4Pad.Dn.3","Actinopteri","Oncorhynchus clarkii",801
"MiMammal.0721.4Pad.Dn.3","Actinopteri","Oncorhynchus kisutch",117
"MiMammal.0721.4Pad.Dn.3","Actinopteri","Oncorhynchus mykiss",2284
"MiMammal.0721.4Pad.Up11.1","Actinopteri","Oncorhynchus clarkii",2867
"MiMammal.0721.4Pad.Up11.1","Actinopteri","Oncorhynchus kisutch",2859
"MiMammal.0721.4Pad.Up11.1","Actinopteri","Oncorhynchus mykiss",12324
"MiMammal.0721.4Pad.Up11.1","Actinopteri","Perca flavescens",125
"MiMammal.0721.4Pad.Up11.1","Aves","Melospiza melodia",1370
"MiMammal.0721.4Pad.Up11.1","Aves","Pipilo maculatus",226
"MiMammal.0721.4Pad.Up5.2","Actinopteri","Oncorhynchus kisutch",1134
"MiMammal.0721.4Pad.Up5.2","Actinopteri","Perca flavescens",35
"MiMammal.0721.4Pad.Up5.2","Aves","Melospiza melodia",791
"MiMammal.0721.4Pad.Up5.2","Aves","Pipilo maculatus",36
"MiMammal.0721.4Pad.Up5.2","Aves","Turdus migratorius",5
"MiMammal.0721.5Sqm.Dn.3","Actinopteri","Oncorhynchus clarkii",10571
"MiMammal.0721.5Sqm.Dn.3","Actinopteri","Oncorhynchus kisutch",2690
"MiMammal.0721.5Sqm.Dn.3","Aves","Turdus migratorius",2
"MiMammal.0721.5Sqm.Up.2","Actinopteri","Oncorhynchus clarkii",21800
"MiMammal.0721.5Sqm.Up.2","Actinopteri","Oncorhynchus kisutch",10516
"MiMammal.0721.5Sqm.Up.2","Aves","Junco hyemalis",6843
"MiMammal.0721.5Sqm.Up.2","Aves","Melospiza melodia",108
"MiMammal.0721.5Sqm.Up.2","Aves","Pheucticus melanocephalus",261
"MiMammal.0721.5Sqm.Up.2","Aves","Turdus migratorius",154
"MiMammal.0721.5Sqm.Up.2","Hyperoartia","Lampetra sp. CBM:ZF:17561",1777
"MiMammal.0721.5Sqm.Up.2","Mammalia","Canis lupus",145
"MiMammal.0821.1Prt.Dn.1","Actinopteri","Oncorhynchus clarkii",104
"MiMammal.0821.1Prt.Dn.1","Actinopteri","Oncorhynchus kisutch",41
"MiMammal.0821.1Prt.Dn.1","Hyperoartia","Lampetra sp. CBM:ZF:17561",5
"MiMammal.0821.1Prt.Dn.1","Mammalia","Didelphis virginiana",1826
"MiMammal.0821.1Prt.Dn.2","Actinopteri","Oncorhynchus clarkii",4263
"MiMammal.0821.1Prt.Dn.2","Actinopteri","Oncorhynchus kisutch",1575
"MiMammal.0821.1Prt.Dn.2","Aves","Piranga ludoviciana",9
"MiMammal.0821.1Prt.Dn.2","Hyperoartia","Lampetra sp. CBM:ZF:17561",72
"MiMammal.0821.1Prt.Dn.2","Mammalia","Didelphis virginiana",25945
"MiMammal.0821.1Prt.Dn.2","Mammalia","Felis catus",3765
"MiMammal.0821.1Prt.Dn.3","Actinopteri","Oncorhynchus clarkii",1127
"MiMammal.0821.1Prt.Dn.3","Actinopteri","Oncorhynchus kisutch",495
"MiMammal.0821.1Prt.Dn.3","Hyperoartia","Lampetra sp. CBM:ZF:17561",266
"MiMammal.0821.1Prt.Dn.3","Mammalia","Didelphis virginiana",30891
"MiMammal.0821.1Prt.Up.1","Actinopteri","Oncorhynchus clarkii",1270
"MiMammal.0821.1Prt.Up.1","Actinopteri","Oncorhynchus kisutch",15
"MiMammal.0821.1Prt.Up.1","Aves","Meleagris gallopavo",812
"MiMammal.0821.1Prt.Up.1","Hyperoartia","Lampetra sp. CBM:ZF:17561",35
"MiMammal.0821.1Prt.Up.1","Mammalia","Didelphis virginiana",28517
"MiMammal.0821.1Prt.Up.2","Actinopteri","Oncorhynchus clarkii",1527
"MiMammal.0821.1Prt.Up.2","Actinopteri","Oncorhynchus kisutch",230
"MiMammal.0821.1Prt.Up.2","Hyperoartia","Lampetra sp. CBM:ZF:17561",825
"MiMammal.0821.1Prt.Up.2","Mammalia","Didelphis virginiana",5722
"MiMammal.0821.1Prt.Up.3","Actinopteri","Oncorhynchus clarkii",1144
"MiMammal.0821.1Prt.Up.3","Actinopteri","Oncorhynchus kisutch",724
"MiMammal.0821.1Prt.Up.3","Mammalia","Didelphis virginiana",16563
"MiMammal.0821.1Prt.Up.3","Mammalia","Scapanus orarius",1616
"MiMammal.0821.2Brn.Dn.1","Actinopteri","Oncorhynchus clarkii",21535
"MiMammal.0821.2Brn.Dn.1","Actinopteri","Oncorhynchus kisutch",5176
"MiMammal.0821.2Brn.Dn.1","Aves","Poecile atricapillus",70
"MiMammal.0821.2Brn.Dn.2","Actinopteri","Oncorhynchus clarkii",9256
"MiMammal.0821.2Brn.Dn.2","Actinopteri","Oncorhynchus kisutch",3135
"MiMammal.0821.2Brn.Dn.2","Aves","Melospiza melodia",2903
"MiMammal.0821.2Brn.Dn.3","Actinopteri","Oncorhynchus clarkii",17698
"MiMammal.0821.2Brn.Dn.3","Actinopteri","Oncorhynchus kisutch",6664
"MiMammal.0821.2Brn.Dn.3","Mammalia","Canis lupus",1109
"MiMammal.0821.2Brn.Up.2","Aves","Pheucticus melanocephalus",158
"MiMammal.0821.2Brn.Up.2","Aves","Piranga ludoviciana",421
"MiMammal.0821.2Brn.Up.3","Aves","Turdus migratorius",15
"MiMammal.0821.2Brn.Up.3","Mammalia","Aplodontia rufa",60
"MiMammal.0821.2Brn.Up.3","Mammalia","Canis lupus",392
"MiMammal.0821.3Chk.Dn.1","Actinopteri","Oncorhynchus clarkii",49416
"MiMammal.0821.3Chk.Dn.1","Actinopteri","Oncorhynchus mykiss",1165
"MiMammal.0821.3Chk.Dn.2","Actinopteri","Oncorhynchus clarkii",23792
"MiMammal.0821.3Chk.Dn.2","Actinopteri","Oncorhynchus mykiss",755
"MiMammal.0821.3Chk.Dn.2","Mammalia","Canis lupus",233
"MiMammal.0821.3Chk.Dn.3","Actinopteri","Oncorhynchus clarkii",42196
"MiMammal.0821.3Chk.Up.1","Actinopteri","Oncorhynchus clarkii",19668
"MiMammal.0821.3Chk.Up.2","Actinopteri","Oncorhynchus clarkii",33270
"MiMammal.0821.3Chk.Up.2","Aves","Megaceryle alcyon",277
"MiMammal.0821.3Chk.Up.2","Aves","Melospiza melodia",327
"MiMammal.0821.3Chk.Up.3","Actinopteri","Oncorhynchus clarkii",81989
"MiMammal.0821.3Chk.Up.3","Aves","Melospiza melodia",183
"MiMammal.0821.3Chk.Up.3","Mammalia","Sus scrofa",189
"MiMammal.0821.4Pad.Dn.1","Actinopteri","Gasterosteus aculeatus",1218
"MiMammal.0821.4Pad.Dn.1","Actinopteri","Oncorhynchus clarkii",785
"MiMammal.0821.4Pad.Dn.1","Actinopteri","Oncorhynchus kisutch",112
"MiMammal.0821.4Pad.Dn.1","Actinopteri","Oncorhynchus mykiss",228
"MiMammal.0821.4Pad.Dn.1","Aves","Melospiza melodia",499
"MiMammal.0821.4Pad.Dn.2","Actinopteri","Gasterosteus aculeatus",1489
"MiMammal.0821.4Pad.Dn.2","Actinopteri","Oncorhynchus clarkii",1209
"MiMammal.0821.4Pad.Dn.2","Actinopteri","Oncorhynchus mykiss",413
"MiMammal.0821.4Pad.Dn.2","Aves","Melospiza melodia",107
"MiMammal.0821.4Pad.Dn.2","Mammalia","Felis catus",106
"MiMammal.0821.4Pad.Dn.3","Actinopteri","Gasterosteus aculeatus",1875
"MiMammal.0821.4Pad.Dn.3","Actinopteri","Oncorhynchus clarkii",723
"MiMammal.0821.4Pad.Dn.3","Actinopteri","Oncorhynchus kisutch",74
"MiMammal.0821.4Pad.Dn.3","Actinopteri","Oncorhynchus mykiss",749
"MiMammal.0821.4Pad.Dn.3","Aves","Sturnus vulgaris",4
"MiMammal.0821.4Pad.Up11.1","Actinopteri","Oncorhynchus clarkii",544
"MiMammal.0821.4Pad.Up11.1","Actinopteri","Oncorhynchus kisutch",556
"MiMammal.0821.4Pad.Up11.1","Actinopteri","Oncorhynchus mykiss",5055
"MiMammal.0821.4Pad.Up11.1","Actinopteri","Perca flavescens",16
"MiMammal.0821.4Pad.Up11.1","Aves","Poecile atricapillus",44
"MiMammal.0821.4Pad.Up11.2","Actinopteri","Oncorhynchus clarkii",1730
"MiMammal.0821.4Pad.Up11.2","Actinopteri","Oncorhynchus kisutch",2041
"MiMammal.0821.4Pad.Up11.2","Actinopteri","Oncorhynchus mykiss",16921
"MiMammal.0821.4Pad.Up11.2","Actinopteri","Perca flavescens",80
"MiMammal.0821.4Pad.Up11.2","Aves","Bombycilla cedrorum",149
"MiMammal.0821.4Pad.Up11.2","Aves","Melospiza melodia",337
"MiMammal.0821.4Pad.Up11.3","Actinopteri","Oncorhynchus clarkii",340
"MiMammal.0821.4Pad.Up11.3","Actinopteri","Oncorhynchus kisutch",636
"MiMammal.0821.4Pad.Up11.3","Actinopteri","Oncorhynchus mykiss",6439
"MiMammal.0821.4Pad.Up11.3","Aves","Melospiza melodia",25
"MiMammal.0821.4Pad.Up11.3","Mammalia","Sus scrofa",15843
"MiMammal.0821.4Pad.Up5.1","Actinopteri","Oncorhynchus kisutch",3101
"MiMammal.0821.4Pad.Up5.1","Actinopteri","Perca flavescens",389
"MiMammal.0821.4Pad.Up5.1","Aves","Melospiza melodia",12000
"MiMammal.0821.4Pad.Up5.2","Actinopteri","Oncorhynchus kisutch",8186
"MiMammal.0821.4Pad.Up5.2","Aves","Pipilo maculatus",10161
"MiMammal.0821.4Pad.Up5.2","Mammalia","Canis lupus",13125
"MiMammal.0821.4Pad.Up5.2TR2","Actinopteri","Gasterosteus aculeatus",1782
"MiMammal.0821.4Pad.Up5.2TR2","Actinopteri","Oncorhynchus clarkii",336
"MiMammal.0821.4Pad.Up5.2TR2","Actinopteri","Oncorhynchus mykiss",49
"MiMammal.0821.4Pad.Up5.2TR2","Mammalia","Sus scrofa",986
"MiMammal.0821.4Pad.Up5.2TR3","Actinopteri","Gasterosteus aculeatus",779
"MiMammal.0821.4Pad.Up5.2TR3","Actinopteri","Oncorhynchus clarkii",129
"MiMammal.0821.4Pad.Up5.2TR3","Actinopteri","Oncorhynchus mykiss",400
"MiMammal.0821.4Pad.Up5.2TR3","Aves","Melospiza melodia",180
"MiMammal.0821.4Pad.Up5.3","Actinopteri","Oncorhynchus clarkii",563
"MiMammal.0821.4Pad.Up5.3","Actinopteri","Oncorhynchus kisutch",5473
"MiMammal.0821.4Pad.Up5.3","Actinopteri","Perca flavescens",294
"MiMammal.0821.4Pad.Up5.3","Aves","Melospiza melodia",6432
"MiMammal.0821.4Pad.Up5.3","Aves","Poecile atricapillus",140
"MiMammal.0821.4Pad.Up5.3","Hyperoartia","Lampetra sp. CBM:ZF:17561",63
"MiMammal.0821.5Sqm.Dn.1","Actinopteri","Oncorhynchus clarkii",9820
"MiMammal.0821.5Sqm.Dn.1","Actinopteri","Oncorhynchus kisutch",525
"MiMammal.0821.5Sqm.Dn.1","Aves","Melospiza melodia",135
"MiMammal.0821.5Sqm.Dn.1","Aves","Pipilo maculatus",81
"MiMammal.0821.5Sqm.Dn.1","Aves","Piranga ludoviciana",9
"MiMammal.0821.5Sqm.Dn.1","Hyperoartia","Lampetra sp. CBM:ZF:17561",39
"MiMammal.0821.5Sqm.Dn.2","Actinopteri","Oncorhynchus clarkii",23414
"MiMammal.0821.5Sqm.Dn.2","Actinopteri","Oncorhynchus kisutch",1234
"MiMammal.0821.5Sqm.Dn.2","Aves","Pipilo maculatus",349
"MiMammal.0821.5Sqm.Dn.2","Hyperoartia","Lampetra sp. CBM:ZF:17561",181
"MiMammal.0821.5Sqm.Dn.2","Mammalia","Canis lupus",590
"MiMammal.0821.5Sqm.Up.1","Actinopteri","Oncorhynchus clarkii",25900
"MiMammal.0821.5Sqm.Up.1","Actinopteri","Oncorhynchus kisutch",11064
"MiMammal.0821.5Sqm.Up.1","Aves","Melospiza melodia",3089
"MiMammal.0821.5Sqm.Up.1","Aves","Pheucticus melanocephalus",25
"MiMammal.0821.5Sqm.Up.1","Aves","Poecile atricapillus",34
"MiMammal.0821.5Sqm.Up.1","Aves","Turdus migratorius",25
"MiMammal.0821.5Sqm.Up.1","Hyperoartia","Lampetra sp. CBM:ZF:17561",2586
"MiMammal.0821.5Sqm.Up.2","Actinopteri","Oncorhynchus clarkii",13478
"MiMammal.0821.5Sqm.Up.2","Actinopteri","Oncorhynchus kisutch",5675
"MiMammal.0821.5Sqm.Up.2","Aves","Melospiza melodia",823
"MiMammal.0821.5Sqm.Up.2","Hyperoartia","Lampetra sp. CBM:ZF:17561",1985
"MiMammal.0821.5Sqm.Up.2","Mammalia","Sus scrofa",16
"MiMammal.0821.5Sqm.Up.3","Actinopteri","Oncorhynchus clarkii",48390
"MiMammal.0821.5Sqm.Up.3","Actinopteri","Oncorhynchus kisutch",22157
"MiMammal.0821.5Sqm.Up.3","Aves","Melospiza melodia",3482
"MiMammal.0821.5Sqm.Up.3","Hyperoartia","Lampetra sp. CBM:ZF:17561",3688
"MiMammal.0821.Kangaroo","Mammalia","Didelphis virginiana",3
"MiMammal.0821.Kangaroo","Mammalia","Osphranter rufus",95554
"MiMammal.Kangaroo.Run.6","Mammalia","Osphranter robustus",94
"MiMammal.Kangaroo.Run.6","Mammalia","Osphranter rufus",40793
