Sample_ID,Sample_name,Locus,Set,Index,PrimerF,PrimerR,file1,file2,x,y
NGN0366,MiMammal.0621.2Brn.Dn.3,MiMammal,B,97,GGGTTGGTAAATTTCGTGCCAGC,CATAGTGGGGTATCTAATCCCAGTTTG,MiMammal-0621-2Brn-Dn-3_S1_L001_R1_001.fastq,MiMammal-0621-2Brn-Dn-3_S1_L001_R2_001.fastq,MiMammal-0621-2Brn-Dn-3,1
NGN0367,MiMammal.0621.2Brn.Up.1,MiMammal,B,98,GGGTTGGTAAATTTCGTGCCAGC,CATAGTGGGGTATCTAATCCCAGTTTG,MiMammal-0621-2Brn-Up-1_S2_L001_R1_001.fastq,MiMammal-0621-2Brn-Up-1_S2_L001_R2_001.fastq,MiMammal-0621-2Brn-Up-1,2
NGN0368,MiMammal.0621.3Chk.Dn.2,MiMammal,B,99,GGGTTGGTAAATTTCGTGCCAGC,CATAGTGGGGTATCTAATCCCAGTTTG,MiMammal-0621-3Chk-Dn-2_S3_L001_R1_001.fastq,MiMammal-0621-3Chk-Dn-2_S3_L001_R2_001.fastq,MiMammal-0621-3Chk-Dn-2,3
NGN0369,MiMammal.0621.4Pad.Dn.1,MiMammal,B,100,GGGTTGGTAAATTTCGTGCCAGC,CATAGTGGGGTATCTAATCCCAGTTTG,MiMammal-0621-4Pad-Dn-1_S4_L001_R1_001.fastq,MiMammal-0621-4Pad-Dn-1_S4_L001_R2_001.fastq,MiMammal-0621-4Pad-Dn-1,4
NGN0370,MiMammal.0621.4Pad.Dn.3,MiMammal,B,101,GGGTTGGTAAATTTCGTGCCAGC,CATAGTGGGGTATCTAATCCCAGTTTG,MiMammal-0621-4Pad-Dn-3_S5_L001_R1_001.fastq,MiMammal-0621-4Pad-Dn-3_S5_L001_R2_001.fastq,MiMammal-0621-4Pad-Dn-3,5
NGN0371,MiMammal.0621.4Pad.Up11.1,MiMammal,B,102,GGGTTGGTAAATTTCGTGCCAGC,CATAGTGGGGTATCTAATCCCAGTTTG,MiMammal-0621-4Pad-Up11-1_S6_L001_R1_001.fastq,MiMammal-0621-4Pad-Up11-1_S6_L001_R2_001.fastq,MiMammal-0621-4Pad-Up11-1,6
NGN0372,MiMammal.0621.4Pad.Up11.2,MiMammal,B,103,GGGTTGGTAAATTTCGTGCCAGC,CATAGTGGGGTATCTAATCCCAGTTTG,MiMammal-0621-4Pad-Up11-2_S7_L001_R1_001.fastq,MiMammal-0621-4Pad-Up11-2_S7_L001_R2_001.fastq,MiMammal-0621-4Pad-Up11-2,7
NGN0373,MiMammal.0621.4Pad.Up11.3,MiMammal,B,104,GGGTTGGTAAATTTCGTGCCAGC,CATAGTGGGGTATCTAATCCCAGTTTG,MiMammal-0621-4Pad-Up11-3_S8_L001_R1_001.fastq,MiMammal-0621-4Pad-Up11-3_S8_L001_R2_001.fastq,MiMammal-0621-4Pad-Up11-3,8
NGN0374,MiMammal.0621.5Sqm.Dn.2,MiMammal,B,105,GGGTTGGTAAATTTCGTGCCAGC,CATAGTGGGGTATCTAATCCCAGTTTG,MiMammal-0621-5Sqm-Dn-2_S9_L001_R1_001.fastq,MiMammal-0621-5Sqm-Dn-2_S9_L001_R2_001.fastq,MiMammal-0621-5Sqm-Dn-2,9
NGN0375,MiMammal.0621.5Sqm.Up.1,MiMammal,B,106,GGGTTGGTAAATTTCGTGCCAGC,CATAGTGGGGTATCTAATCCCAGTTTG,MiMammal-0621-5Sqm-Up-1_S10_L001_R1_001.fastq,MiMammal-0621-5Sqm-Up-1_S10_L001_R2_001.fastq,MiMammal-0621-5Sqm-Up-1,10
NGN0376,MiMammal.0621.5Sqm.Up.3,MiMammal,B,107,GGGTTGGTAAATTTCGTGCCAGC,CATAGTGGGGTATCTAATCCCAGTTTG,MiMammal-0621-5Sqm-Up-3_S11_L001_R1_001.fastq,MiMammal-0621-5Sqm-Up-3_S11_L001_R2_001.fastq,MiMammal-0621-5Sqm-Up-3,11
NGN0377,MiMammal.0721.1Prt.Up.2,MiMammal,B,108,GGGTTGGTAAATTTCGTGCCAGC,CATAGTGGGGTATCTAATCCCAGTTTG,MiMammal-0721-1Prt-Up-2_S12_L001_R1_001.fastq,MiMammal-0721-1Prt-Up-2_S12_L001_R2_001.fastq,MiMammal-0721-1Prt-Up-2,12
NGN0378,MiMammal.0721.1Prt.Up.3,MiMammal,B,109,GGGTTGGTAAATTTCGTGCCAGC,CATAGTGGGGTATCTAATCCCAGTTTG,MiMammal-0721-1Prt-Up-3_S13_L001_R1_001.fastq,MiMammal-0721-1Prt-Up-3_S13_L001_R2_001.fastq,MiMammal-0721-1Prt-Up-3,13
NGN0379,MiMammal.0721.2Brn.Dn.3,MiMammal,B,110,GGGTTGGTAAATTTCGTGCCAGC,CATAGTGGGGTATCTAATCCCAGTTTG,MiMammal-0721-2Brn-Dn-3_S14_L001_R1_001.fastq,MiMammal-0721-2Brn-Dn-3_S14_L001_R2_001.fastq,MiMammal-0721-2Brn-Dn-3,14
NGN0380,MiMammal.0721.3Chk.Dn.2,MiMammal,B,111,GGGTTGGTAAATTTCGTGCCAGC,CATAGTGGGGTATCTAATCCCAGTTTG,MiMammal-0721-3Chk-Dn-2_S15_L001_R1_001.fastq,MiMammal-0721-3Chk-Dn-2_S15_L001_R2_001.fastq,MiMammal-0721-3Chk-Dn-2,15
NGN0381,MiMammal.0721.3Chk.Dn.3,MiMammal,B,112,GGGTTGGTAAATTTCGTGCCAGC,CATAGTGGGGTATCTAATCCCAGTTTG,MiMammal-0721-3Chk-Dn-3_S16_L001_R1_001.fastq,MiMammal-0721-3Chk-Dn-3_S16_L001_R2_001.fastq,MiMammal-0721-3Chk-Dn-3,16
NGN0382,MiMammal.0721.3Chk.Up.1,MiMammal,B,113,GGGTTGGTAAATTTCGTGCCAGC,CATAGTGGGGTATCTAATCCCAGTTTG,MiMammal-0721-3Chk-Up-1_S17_L001_R1_001.fastq,MiMammal-0721-3Chk-Up-1_S17_L001_R2_001.fastq,MiMammal-0721-3Chk-Up-1,17
NGN0383,MiMammal.0721.4Pad.Dn.1,MiMammal,B,114,GGGTTGGTAAATTTCGTGCCAGC,CATAGTGGGGTATCTAATCCCAGTTTG,MiMammal-0721-4Pad-Dn-1_S18_L001_R1_001.fastq,MiMammal-0721-4Pad-Dn-1_S18_L001_R2_001.fastq,MiMammal-0721-4Pad-Dn-1,18
NGN0384,MiMammal.0721.4Pad.Up11.2,MiMammal,B,115,GGGTTGGTAAATTTCGTGCCAGC,CATAGTGGGGTATCTAATCCCAGTTTG,MiMammal-0721-4Pad-Up11-2_S19_L001_R1_001.fastq,MiMammal-0721-4Pad-Up11-2_S19_L001_R2_001.fastq,MiMammal-0721-4Pad-Up11-2,19
NGN0385,MiMammal.0721.4Pad.Up11.3,MiMammal,B,116,GGGTTGGTAAATTTCGTGCCAGC,CATAGTGGGGTATCTAATCCCAGTTTG,MiMammal-0721-4Pad-Up11-3_S20_L001_R1_001.fastq,MiMammal-0721-4Pad-Up11-3_S20_L001_R2_001.fastq,MiMammal-0721-4Pad-Up11-3,20
NGN0386,MiMammal.0721.5Sqm.Dn.2,MiMammal,B,117,GGGTTGGTAAATTTCGTGCCAGC,CATAGTGGGGTATCTAATCCCAGTTTG,MiMammal-0721-5Sqm-Dn-2_S21_L001_R1_001.fastq,MiMammal-0721-5Sqm-Dn-2_S21_L001_R2_001.fastq,MiMammal-0721-5Sqm-Dn-2,21
NGN0387,MiMammal.0721.5Sqm.Up.1,MiMammal,B,118,GGGTTGGTAAATTTCGTGCCAGC,CATAGTGGGGTATCTAATCCCAGTTTG,MiMammal-0721-5Sqm-Up-1_S22_L001_R1_001.fastq,MiMammal-0721-5Sqm-Up-1_S22_L001_R2_001.fastq,MiMammal-0721-5Sqm-Up-1,22
NGN0388,MiMammal.0721.5Sqm.Up.3,MiMammal,B,119,GGGTTGGTAAATTTCGTGCCAGC,CATAGTGGGGTATCTAATCCCAGTTTG,MiMammal-0721-5Sqm-Up-3_S23_L001_R1_001.fastq,MiMammal-0721-5Sqm-Up-3_S23_L001_R2_001.fastq,MiMammal-0721-5Sqm-Up-3,23
NGN0389,MiMammal.0721.5Sqm.Up.1.TR2,MiMammal,B,120,GGGTTGGTAAATTTCGTGCCAGC,CATAGTGGGGTATCTAATCCCAGTTTG,MiMammal-0721-5Sqm-Up-1-TR2_S24_L001_R1_001.fastq,MiMammal-0721-5Sqm-Up-1-TR2_S24_L001_R2_001.fastq,MiMammal-0721-5Sqm-Up-1-TR2,24
NGN0390,MiMammal.0721.5Sqm.Up.1.TR3,MiMammal,B,121,GGGTTGGTAAATTTCGTGCCAGC,CATAGTGGGGTATCTAATCCCAGTTTG,MiMammal-0721-5Sqm-Up-1-TR3_S25_L001_R1_001.fastq,MiMammal-0721-5Sqm-Up-1-TR3_S25_L001_R2_001.fastq,MiMammal-0721-5Sqm-Up-1-TR3,25
NGN0391,MiMammal.0521.1Prt.Dn.1,MiMammal,B,122,GGGTTGGTAAATTTCGTGCCAGC,CATAGTGGGGTATCTAATCCCAGTTTG,MiMammal-0521-1Prt-Dn-1_S26_L001_R1_001.fastq,MiMammal-0521-1Prt-Dn-1_S26_L001_R2_001.fastq,MiMammal-0521-1Prt-Dn-1,26
NGN0392,MiMammal.0521.1Prt.Up.1,MiMammal,B,123,GGGTTGGTAAATTTCGTGCCAGC,CATAGTGGGGTATCTAATCCCAGTTTG,MiMammal-0521-1Prt-Up-1_S27_L001_R1_001.fastq,MiMammal-0521-1Prt-Up-1_S27_L001_R2_001.fastq,MiMammal-0521-1Prt-Up-1,27
NGN0393,MiMammal.0521.1Prt.Up.3,MiMammal,B,124,GGGTTGGTAAATTTCGTGCCAGC,CATAGTGGGGTATCTAATCCCAGTTTG,MiMammal-0521-1Prt-Up-3_S28_L001_R1_001.fastq,MiMammal-0521-1Prt-Up-3_S28_L001_R2_001.fastq,MiMammal-0521-1Prt-Up-3,28
NGN0394,MiMammal.0521.2Brn.Dn.2,MiMammal,B,125,GGGTTGGTAAATTTCGTGCCAGC,CATAGTGGGGTATCTAATCCCAGTTTG,MiMammal-0521-2Brn-Dn-2_S29_L001_R1_001.fastq,MiMammal-0521-2Brn-Dn-2_S29_L001_R2_001.fastq,MiMammal-0521-2Brn-Dn-2,29
NGN0395,MiMammal.0521.2Brn.Up.2,MiMammal,B,126,GGGTTGGTAAATTTCGTGCCAGC,CATAGTGGGGTATCTAATCCCAGTTTG,MiMammal-0521-2Brn-Up-2_S30_L001_R1_001.fastq,MiMammal-0521-2Brn-Up-2_S30_L001_R2_001.fastq,MiMammal-0521-2Brn-Up-2,30
NGN0396,MiMammal.0521.2Brn.Up.3,MiMammal,B,127,GGGTTGGTAAATTTCGTGCCAGC,CATAGTGGGGTATCTAATCCCAGTTTG,MiMammal-0521-2Brn-Up-3_S31_L001_R1_001.fastq,MiMammal-0521-2Brn-Up-3_S31_L001_R2_001.fastq,MiMammal-0521-2Brn-Up-3,31
NGN0397,MiMammal.0521.3Chk.Up.1,MiMammal,B,128,GGGTTGGTAAATTTCGTGCCAGC,CATAGTGGGGTATCTAATCCCAGTTTG,MiMammal-0521-3Chk-Up-1_S32_L001_R1_001.fastq,MiMammal-0521-3Chk-Up-1_S32_L001_R2_001.fastq,MiMammal-0521-3Chk-Up-1,32
NGN0398,MiMammal.0521.3Chk.Up.3,MiMammal,B,129,GGGTTGGTAAATTTCGTGCCAGC,CATAGTGGGGTATCTAATCCCAGTTTG,MiMammal-0521-3Chk-Up-3_S33_L001_R1_001.fastq,MiMammal-0521-3Chk-Up-3_S33_L001_R2_001.fastq,MiMammal-0521-3Chk-Up-3,33
NGN0399,MiMammal.0521.4Pad.Dn.3,MiMammal,B,130,GGGTTGGTAAATTTCGTGCCAGC,CATAGTGGGGTATCTAATCCCAGTTTG,MiMammal-0521-4Pad-Dn-3_S34_L001_R1_001.fastq,MiMammal-0521-4Pad-Dn-3_S34_L001_R2_001.fastq,MiMammal-0521-4Pad-Dn-3,34
NGN0400,MiMammal.0521.4Pad.Up5.2,MiMammal,B,131,GGGTTGGTAAATTTCGTGCCAGC,CATAGTGGGGTATCTAATCCCAGTTTG,MiMammal-0521-4Pad-Up5-2_S35_L001_R1_001.fastq,MiMammal-0521-4Pad-Up5-2_S35_L001_R2_001.fastq,MiMammal-0521-4Pad-Up5-2,35
NGN0401,MiMammal.0521.5Sqm.Dn.1,MiMammal,B,132,GGGTTGGTAAATTTCGTGCCAGC,CATAGTGGGGTATCTAATCCCAGTTTG,MiMammal-0521-5Sqm-Dn-1_S36_L001_R1_001.fastq,MiMammal-0521-5Sqm-Dn-1_S36_L001_R2_001.fastq,MiMammal-0521-5Sqm-Dn-1,36
NGN0402,MiMammal.0521.5Sqm.Dn.2,MiMammal,B,133,GGGTTGGTAAATTTCGTGCCAGC,CATAGTGGGGTATCTAATCCCAGTTTG,MiMammal-0521-5Sqm-Dn-2_S37_L001_R1_001.fastq,MiMammal-0521-5Sqm-Dn-2_S37_L001_R2_001.fastq,MiMammal-0521-5Sqm-Dn-2,37
NGN0403,MiMammal.0521.5Sqm.Up.2,MiMammal,B,134,GGGTTGGTAAATTTCGTGCCAGC,CATAGTGGGGTATCTAATCCCAGTTTG,MiMammal-0521-5Sqm-Up-2_S38_L001_R1_001.fastq,MiMammal-0521-5Sqm-Up-2_S38_L001_R2_001.fastq,MiMammal-0521-5Sqm-Up-2,38
NGN0404,MiMammal.0521.5Sqm.Up.3,MiMammal,B,135,GGGTTGGTAAATTTCGTGCCAGC,CATAGTGGGGTATCTAATCCCAGTTTG,MiMammal-0521-5Sqm-Up-3_S39_L001_R1_001.fastq,MiMammal-0521-5Sqm-Up-3_S39_L001_R2_001.fastq,MiMammal-0521-5Sqm-Up-3,39
NGN0405,MiMammal.Kangaroo.Run.5,MiMammal,B,136,GGGTTGGTAAATTTCGTGCCAGC,CATAGTGGGGTATCTAATCCCAGTTTG,MiMammal-Kangaroo-Run-5_S40_L001_R1_001.fastq,MiMammal-Kangaroo-Run-5_S40_L001_R2_001.fastq,MiMammal-Kangaroo-Run-5,40
NGN0406,MiFish.0621.1Prt.Dn.2,MiFish,B,137,GCCGGTAAAACTCGTGCCAGC,CATAGTGGGGTATCTAATCCCAGTTTG,MiFish-0621-1Prt-Dn-2_S41_L001_R1_001.fastq,MiFish-0621-1Prt-Dn-2_S41_L001_R2_001.fastq,MiFish-0621-1Prt-Dn-2,41
NGN0407,MiFish.0621.1Prt.Up.2,MiFish,B,138,GCCGGTAAAACTCGTGCCAGC,CATAGTGGGGTATCTAATCCCAGTTTG,MiFish-0621-1Prt-Up-2_S42_L001_R1_001.fastq,MiFish-0621-1Prt-Up-2_S42_L001_R2_001.fastq,MiFish-0621-1Prt-Up-2,42
NGN0408,MiFish.0621.3Chk.Dn.3,MiFish,B,139,GCCGGTAAAACTCGTGCCAGC,CATAGTGGGGTATCTAATCCCAGTTTG,MiFish-0621-3Chk-Dn-3_S43_L001_R1_001.fastq,MiFish-0621-3Chk-Dn-3_S43_L001_R2_001.fastq,MiFish-0621-3Chk-Dn-3,43
NGN0409,MiFish.0621.4Pad.Up11.2,MiFish,B,140,GCCGGTAAAACTCGTGCCAGC,CATAGTGGGGTATCTAATCCCAGTTTG,MiFish-0621-4Pad-Up11-2_S44_L001_R1_001.fastq,MiFish-0621-4Pad-Up11-2_S44_L001_R2_001.fastq,MiFish-0621-4Pad-Up11-2,44
NGN0410,MiFish.0621.4Pad.Up11.3,MiFish,B,141,GCCGGTAAAACTCGTGCCAGC,CATAGTGGGGTATCTAATCCCAGTTTG,MiFish-0621-4Pad-Up11-3_S45_L001_R1_001.fastq,MiFish-0621-4Pad-Up11-3_S45_L001_R2_001.fastq,MiFish-0621-4Pad-Up11-3,45
NGN0411,MiFish.0621.5Sqm.Dn.1,MiFish,B,142,GCCGGTAAAACTCGTGCCAGC,CATAGTGGGGTATCTAATCCCAGTTTG,MiFish-0621-5Sqm-Dn-1_S46_L001_R1_001.fastq,MiFish-0621-5Sqm-Dn-1_S46_L001_R2_001.fastq,MiFish-0621-5Sqm-Dn-1,46
NGN0412,MiFish.0621.5Sqm.Up.2,MiFish,B,143,GCCGGTAAAACTCGTGCCAGC,CATAGTGGGGTATCTAATCCCAGTTTG,MiFish-0621-5Sqm-Up-2_S47_L001_R1_001.fastq,MiFish-0621-5Sqm-Up-2_S47_L001_R2_001.fastq,MiFish-0621-5Sqm-Up-2,47
NGN0413,MiFish.0721.1Prt.Dn.1,MiFish,B,144,GCCGGTAAAACTCGTGCCAGC,CATAGTGGGGTATCTAATCCCAGTTTG,MiFish-0721-1Prt-Dn-1_S48_L001_R1_001.fastq,MiFish-0721-1Prt-Dn-1_S48_L001_R2_001.fastq,MiFish-0721-1Prt-Dn-1,48
NGN0414,MiFish.0721.1Prt.Up.3,MiFish,B,145,GCCGGTAAAACTCGTGCCAGC,CATAGTGGGGTATCTAATCCCAGTTTG,MiFish-0721-1Prt-Up-3_S49_L001_R1_001.fastq,MiFish-0721-1Prt-Up-3_S49_L001_R2_001.fastq,MiFish-0721-1Prt-Up-3,49
NGN0415,MiFish.0721.2Brn.Dn.1,MiFish,B,146,GCCGGTAAAACTCGTGCCAGC,CATAGTGGGGTATCTAATCCCAGTTTG,MiFish-0721-2Brn-Dn-1_S50_L001_R1_001.fastq,MiFish-0721-2Brn-Dn-1_S50_L001_R2_001.fastq,MiFish-0721-2Brn-Dn-1,50
NGN0416,MiFish.0721.2Brn.Up.3,MiFish,B,147,GCCGGTAAAACTCGTGCCAGC,CATAGTGGGGTATCTAATCCCAGTTTG,MiFish-0721-2Brn-Up-3_S51_L001_R1_001.fastq,MiFish-0721-2Brn-Up-3_S51_L001_R2_001.fastq,MiFish-0721-2Brn-Up-3,51
NGN0417,MiFish.0721.3Chk.Dn.1,MiFish,B,148,GCCGGTAAAACTCGTGCCAGC,CATAGTGGGGTATCTAATCCCAGTTTG,MiFish-0721-3Chk-Dn-1_S52_L001_R1_001.fastq,MiFish-0721-3Chk-Dn-1_S52_L001_R2_001.fastq,MiFish-0721-3Chk-Dn-1,52
NGN0418,MiFish.0721.3Chk.Dn.2,MiFish,B,149,GCCGGTAAAACTCGTGCCAGC,CATAGTGGGGTATCTAATCCCAGTTTG,MiFish-0721-3Chk-Dn-2_S53_L001_R1_001.fastq,MiFish-0721-3Chk-Dn-2_S53_L001_R2_001.fastq,MiFish-0721-3Chk-Dn-2,53
NGN0419,MiFish.0721.3Chk.Dn.3,MiFish,B,150,GCCGGTAAAACTCGTGCCAGC,CATAGTGGGGTATCTAATCCCAGTTTG,MiFish-0721-3Chk-Dn-3_S54_L001_R1_001.fastq,MiFish-0721-3Chk-Dn-3_S54_L001_R2_001.fastq,MiFish-0721-3Chk-Dn-3,54
NGN0420,MiFish.0721.3Chk.Up.3,MiFish,B,151,GCCGGTAAAACTCGTGCCAGC,CATAGTGGGGTATCTAATCCCAGTTTG,MiFish-0721-3Chk-Up-3_S55_L001_R1_001.fastq,MiFish-0721-3Chk-Up-3_S55_L001_R2_001.fastq,MiFish-0721-3Chk-Up-3,55
NGN0421,MiFish.0721.4Pad.Dn.1,MiFish,B,152,GCCGGTAAAACTCGTGCCAGC,CATAGTGGGGTATCTAATCCCAGTTTG,MiFish-0721-4Pad-Dn-1_S56_L001_R1_001.fastq,MiFish-0721-4Pad-Dn-1_S56_L001_R2_001.fastq,MiFish-0721-4Pad-Dn-1,56
NGN0422,MiFish.0721.4Pad.Up11.1,MiFish,B,153,GCCGGTAAAACTCGTGCCAGC,CATAGTGGGGTATCTAATCCCAGTTTG,MiFish-0721-4Pad-Up11-1_S57_L001_R1_001.fastq,MiFish-0721-4Pad-Up11-1_S57_L001_R2_001.fastq,MiFish-0721-4Pad-Up11-1,57
NGN0423,MiFish.0721.4Pad.Up11.2,MiFish,B,154,GCCGGTAAAACTCGTGCCAGC,CATAGTGGGGTATCTAATCCCAGTTTG,MiFish-0721-4Pad-Up11-2_S58_L001_R1_001.fastq,MiFish-0721-4Pad-Up11-2_S58_L001_R2_001.fastq,MiFish-0721-4Pad-Up11-2,58
NGN0424,MiFish.0721.4Pad.Up5.1,MiFish,B,155,GCCGGTAAAACTCGTGCCAGC,CATAGTGGGGTATCTAATCCCAGTTTG,MiFish-0721-4Pad-Up5-1_S59_L001_R1_001.fastq,MiFish-0721-4Pad-Up5-1_S59_L001_R2_001.fastq,MiFish-0721-4Pad-Up5-1,59
NGN0425,MiFish.0721.4Pad.Up5.2,MiFish,B,156,GCCGGTAAAACTCGTGCCAGC,CATAGTGGGGTATCTAATCCCAGTTTG,MiFish-0721-4Pad-Up5-2_S60_L001_R1_001.fastq,MiFish-0721-4Pad-Up5-2_S60_L001_R2_001.fastq,MiFish-0721-4Pad-Up5-2,60
NGN0426,MiFish.0721.4Pad.Up5.3,MiFish,B,157,GCCGGTAAAACTCGTGCCAGC,CATAGTGGGGTATCTAATCCCAGTTTG,MiFish-0721-4Pad-Up5-3_S61_L001_R1_001.fastq,MiFish-0721-4Pad-Up5-3_S61_L001_R2_001.fastq,MiFish-0721-4Pad-Up5-3,61
NGN0427,MiFish.0721.5Sqm.Dn.1,MiFish,B,158,GCCGGTAAAACTCGTGCCAGC,CATAGTGGGGTATCTAATCCCAGTTTG,MiFish-0721-5Sqm-Dn-1_S62_L001_R1_001.fastq,MiFish-0721-5Sqm-Dn-1_S62_L001_R2_001.fastq,MiFish-0721-5Sqm-Dn-1,62
NGN0428,MiFish.0721.5Sqm.Up.1,MiFish,B,159,GCCGGTAAAACTCGTGCCAGC,CATAGTGGGGTATCTAATCCCAGTTTG,MiFish-0721-5Sqm-Up-1_S63_L001_R1_001.fastq,MiFish-0721-5Sqm-Up-1_S63_L001_R2_001.fastq,MiFish-0721-5Sqm-Up-1,63
NGN0429,MiFish.0721.5Sqm.Up.3,MiFish,B,160,GCCGGTAAAACTCGTGCCAGC,CATAGTGGGGTATCTAATCCCAGTTTG,MiFish-0721-5Sqm-Up-3_S64_L001_R1_001.fastq,MiFish-0721-5Sqm-Up-3_S64_L001_R2_001.fastq,MiFish-0721-5Sqm-Up-3,64
NGN0430,MiFish.0721.4Pad.Up5.1.TR2,MiFish,B,161,GCCGGTAAAACTCGTGCCAGC,CATAGTGGGGTATCTAATCCCAGTTTG,MiFish-0721-4Pad-Up5-1-TR2_S65_L001_R1_001.fastq,MiFish-0721-4Pad-Up5-1-TR2_S65_L001_R2_001.fastq,MiFish-0721-4Pad-Up5-1-TR2,65
NGN0431,MiFish.0721.4Pad.Up5.1.TR3,MiFish,B,162,GCCGGTAAAACTCGTGCCAGC,CATAGTGGGGTATCTAATCCCAGTTTG,MiFish-0721-4Pad-Up5-1-TR3_S66_L001_R1_001.fastq,MiFish-0721-4Pad-Up5-1-TR3_S66_L001_R2_001.fastq,MiFish-0721-4Pad-Up5-1-TR3,66
NGN0432,MiFish.0521.1Prt.Dn.1,MiFish,B,163,GCCGGTAAAACTCGTGCCAGC,CATAGTGGGGTATCTAATCCCAGTTTG,MiFish-0521-1Prt-Dn-1_S67_L001_R1_001.fastq,MiFish-0521-1Prt-Dn-1_S67_L001_R2_001.fastq,MiFish-0521-1Prt-Dn-1,67
NGN0433,MiFish.0521.1Prt.Up.1,MiFish,B,164,GCCGGTAAAACTCGTGCCAGC,CATAGTGGGGTATCTAATCCCAGTTTG,MiFish-0521-1Prt-Up-1_S68_L001_R1_001.fastq,MiFish-0521-1Prt-Up-1_S68_L001_R2_001.fastq,MiFish-0521-1Prt-Up-1,68
NGN0434,MiFish.0521.2Brn.Dn.3,MiFish,B,165,GCCGGTAAAACTCGTGCCAGC,CATAGTGGGGTATCTAATCCCAGTTTG,MiFish-0521-2Brn-Dn-3_S69_L001_R1_001.fastq,MiFish-0521-2Brn-Dn-3_S69_L001_R2_001.fastq,MiFish-0521-2Brn-Dn-3,69
NGN0435,MiFish.0521.3Chk.Dn.1,MiFish,B,166,GCCGGTAAAACTCGTGCCAGC,CATAGTGGGGTATCTAATCCCAGTTTG,MiFish-0521-3Chk-Dn-1_S70_L001_R1_001.fastq,MiFish-0521-3Chk-Dn-1_S70_L001_R2_001.fastq,MiFish-0521-3Chk-Dn-1,70
NGN0436,MiFish.0521.3Chk.Up.3,MiFish,B,167,GCCGGTAAAACTCGTGCCAGC,CATAGTGGGGTATCTAATCCCAGTTTG,MiFish-0521-3Chk-Up-3_S71_L001_R1_001.fastq,MiFish-0521-3Chk-Up-3_S71_L001_R2_001.fastq,MiFish-0521-3Chk-Up-3,71
NGN0437,MiFish.0521.4Pad.Dn.1,MiFish,B,168,GCCGGTAAAACTCGTGCCAGC,CATAGTGGGGTATCTAATCCCAGTTTG,MiFish-0521-4Pad-Dn-1_S72_L001_R1_001.fastq,MiFish-0521-4Pad-Dn-1_S72_L001_R2_001.fastq,MiFish-0521-4Pad-Dn-1,72
NGN0438,MiFish.0521.4Pad.Up11.1,MiFish,B,169,GCCGGTAAAACTCGTGCCAGC,CATAGTGGGGTATCTAATCCCAGTTTG,MiFish-0521-4Pad-Up11-1_S73_L001_R1_001.fastq,MiFish-0521-4Pad-Up11-1_S73_L001_R2_001.fastq,MiFish-0521-4Pad-Up11-1,73
NGN0439,MiFish.0521.4Pad.Up5.1,MiFish,B,170,GCCGGTAAAACTCGTGCCAGC,CATAGTGGGGTATCTAATCCCAGTTTG,MiFish-0521-4Pad-Up5-1_S74_L001_R1_001.fastq,MiFish-0521-4Pad-Up5-1_S74_L001_R2_001.fastq,MiFish-0521-4Pad-Up5-1,74
NGN0440,MiFish.0521.5Sqm.Dn.1,MiFish,B,171,GCCGGTAAAACTCGTGCCAGC,CATAGTGGGGTATCTAATCCCAGTTTG,MiFish-0521-5Sqm-Dn-1_S75_L001_R1_001.fastq,MiFish-0521-5Sqm-Dn-1_S75_L001_R2_001.fastq,MiFish-0521-5Sqm-Dn-1,75
NGN0441,MiFish.0521.5Sqm.Dn.2,MiFish,B,172,GCCGGTAAAACTCGTGCCAGC,CATAGTGGGGTATCTAATCCCAGTTTG,MiFish-0521-5Sqm-Dn-2_S76_L001_R1_001.fastq,MiFish-0521-5Sqm-Dn-2_S76_L001_R2_001.fastq,MiFish-0521-5Sqm-Dn-2,76
NGN0442,MiFish.0521.5Sqm.Up.2,MiFish,B,173,GCCGGTAAAACTCGTGCCAGC,CATAGTGGGGTATCTAATCCCAGTTTG,MiFish-0521-5Sqm-Up-2_S77_L001_R1_001.fastq,MiFish-0521-5Sqm-Up-2_S77_L001_R2_001.fastq,MiFish-0521-5Sqm-Up-2,77
NGN0443,MiFish.0521.5Sqm.Up.3,MiFish,B,174,GCCGGTAAAACTCGTGCCAGC,CATAGTGGGGTATCTAATCCCAGTTTG,MiFish-0521-5Sqm-Up-3_S78_L001_R1_001.fastq,MiFish-0521-5Sqm-Up-3_S78_L001_R2_001.fastq,MiFish-0521-5Sqm-Up-3,78
NGN0444,MiFish.Kangaroo.Run.5,MiFish,B,175,GCCGGTAAAACTCGTGCCAGC,CATAGTGGGGTATCTAATCCCAGTTTG,MiFish-Kangaroo-Run-5_S79_L001_R1_001.fastq,MiFish-Kangaroo-Run-5_S79_L001_R2_001.fastq,MiFish-Kangaroo-Run-5,79
NGN0445,COI.0621.1Prt.Dn.2,COI,B,176,GGWACWRGWTGRACWNTNTAYCCYCC,TANACYTCNGGRTGNCCRAARAAYCA,COI-0621-1Prt-Dn-2_S80_L001_R1_001.fastq,COI-0621-1Prt-Dn-2_S80_L001_R2_001.fastq,COI-0621-1Prt-Dn-2,80
NGN0446,COI.0621.1Prt.Up.1,COI,B,177,GGWACWRGWTGRACWNTNTAYCCYCC,TANACYTCNGGRTGNCCRAARAAYCA,COI-0621-1Prt-Up-1_S81_L001_R1_001.fastq,COI-0621-1Prt-Up-1_S81_L001_R2_001.fastq,COI-0621-1Prt-Up-1,81
NGN0447,COI.0621.1Prt.Up.2,COI,B,178,GGWACWRGWTGRACWNTNTAYCCYCC,TANACYTCNGGRTGNCCRAARAAYCA,COI-0621-1Prt-Up-2_S82_L001_R1_001.fastq,COI-0621-1Prt-Up-2_S82_L001_R2_001.fastq,COI-0621-1Prt-Up-2,82
NGN0448,COI.0621.3Chk.Dn.2,COI,B,179,GGWACWRGWTGRACWNTNTAYCCYCC,TANACYTCNGGRTGNCCRAARAAYCA,COI-0621-3Chk-Dn-2_S83_L001_R1_001.fastq,COI-0621-3Chk-Dn-2_S83_L001_R2_001.fastq,COI-0621-3Chk-Dn-2,83
NGN0449,COI.0621.3Chk.Dn.3,COI,B,180,GGWACWRGWTGRACWNTNTAYCCYCC,TANACYTCNGGRTGNCCRAARAAYCA,COI-0621-3Chk-Dn-3_S84_L001_R1_001.fastq,COI-0621-3Chk-Dn-3_S84_L001_R2_001.fastq,COI-0621-3Chk-Dn-3,84
NGN0450,COI.0621.4Pad.Dn.1,COI,B,181,GGWACWRGWTGRACWNTNTAYCCYCC,TANACYTCNGGRTGNCCRAARAAYCA,COI-0621-4Pad-Dn-1_S85_L001_R1_001.fastq,COI-0621-4Pad-Dn-1_S85_L001_R2_001.fastq,COI-0621-4Pad-Dn-1,85
NGN0451,COI.0621.4Pad.Dn.2,COI,B,182,GGWACWRGWTGRACWNTNTAYCCYCC,TANACYTCNGGRTGNCCRAARAAYCA,COI-0621-4Pad-Dn-2_S86_L001_R1_001.fastq,COI-0621-4Pad-Dn-2_S86_L001_R2_001.fastq,COI-0621-4Pad-Dn-2,86
NGN0452,COI.0621.4Pad.Up11.2,COI,B,183,GGWACWRGWTGRACWNTNTAYCCYCC,TANACYTCNGGRTGNCCRAARAAYCA,COI-0621-4Pad-Up11-2_S87_L001_R1_001.fastq,COI-0621-4Pad-Up11-2_S87_L001_R2_001.fastq,COI-0621-4Pad-Up11-2,87
NGN0453,COI.0621.5Sqm.Dn.1,COI,B,184,GGWACWRGWTGRACWNTNTAYCCYCC,TANACYTCNGGRTGNCCRAARAAYCA,COI-0621-5Sqm-Dn-1_S88_L001_R1_001.fastq,COI-0621-5Sqm-Dn-1_S88_L001_R2_001.fastq,COI-0621-5Sqm-Dn-1,88
NGN0454,COI.0621.5Sqm.Up.1,COI,B,185,GGWACWRGWTGRACWNTNTAYCCYCC,TANACYTCNGGRTGNCCRAARAAYCA,COI-0621-5Sqm-Up-1_S89_L001_R1_001.fastq,COI-0621-5Sqm-Up-1_S89_L001_R2_001.fastq,COI-0621-5Sqm-Up-1,89
NGN0455,COI.0621.5Sqm.Up.3,COI,B,186,GGWACWRGWTGRACWNTNTAYCCYCC,TANACYTCNGGRTGNCCRAARAAYCA,COI-0621-5Sqm-Up-3_S90_L001_R1_001.fastq,COI-0621-5Sqm-Up-3_S90_L001_R2_001.fastq,COI-0621-5Sqm-Up-3,90
NGN0456,COI.0621.4Pad.Dn.1.TR2,COI,B,187,GGWACWRGWTGRACWNTNTAYCCYCC,TANACYTCNGGRTGNCCRAARAAYCA,COI-0621-4Pad-Dn-1-TR2_S91_L001_R1_001.fastq,COI-0621-4Pad-Dn-1-TR2_S91_L001_R2_001.fastq,COI-0621-4Pad-Dn-1-TR2,91
NGN0457,COI.0621.4Pad.Dn.1.TR3,COI,B,188,GGWACWRGWTGRACWNTNTAYCCYCC,TANACYTCNGGRTGNCCRAARAAYCA,COI-0621-4Pad-Dn-1-TR3_S92_L001_R1_001.fastq,COI-0621-4Pad-Dn-1-TR3_S92_L001_R2_001.fastq,COI-0621-4Pad-Dn-1-TR3,92
NGN0458,COI.0721.1Prt.Up.3,COI,B,189,GGWACWRGWTGRACWNTNTAYCCYCC,TANACYTCNGGRTGNCCRAARAAYCA,COI-0721-1Prt-Up-3_S93_L001_R1_001.fastq,COI-0721-1Prt-Up-3_S93_L001_R2_001.fastq,COI-0721-1Prt-Up-3,93
NGN0459,COI.0721.2Brn.Dn.3,COI,B,190,GGWACWRGWTGRACWNTNTAYCCYCC,TANACYTCNGGRTGNCCRAARAAYCA,COI-0721-2Brn-Dn-3_S94_L001_R1_001.fastq,COI-0721-2Brn-Dn-3_S94_L001_R2_001.fastq,COI-0721-2Brn-Dn-3,94
NGN0460,COI.0721.2Brn.Up.1,COI,B,191,GGWACWRGWTGRACWNTNTAYCCYCC,TANACYTCNGGRTGNCCRAARAAYCA,COI-0721-2Brn-Up-1_S95_L001_R1_001.fastq,COI-0721-2Brn-Up-1_S95_L001_R2_001.fastq,COI-0721-2Brn-Up-1,95
NGN0461,COI.0721.3Chk.Up.2,COI,B,192,GGWACWRGWTGRACWNTNTAYCCYCC,TANACYTCNGGRTGNCCRAARAAYCA,COI-0721-3Chk-Up-2_S96_L001_R1_001.fastq,COI-0721-3Chk-Up-2_S96_L001_R2_001.fastq,COI-0721-3Chk-Up-2,96
NGN0462,COI.0721.4Pad.Dn.2,COI,A,1,GGWACWRGWTGRACWNTNTAYCCYCC,TANACYTCNGGRTGNCCRAARAAYCA,COI-0721-4Pad-Dn-2_S97_L001_R1_001.fastq,COI-0721-4Pad-Dn-2_S97_L001_R2_001.fastq,COI-0721-4Pad-Dn-2,97
NGN0463,COI.0721.4Pad.Up11.1,COI,A,2,GGWACWRGWTGRACWNTNTAYCCYCC,TANACYTCNGGRTGNCCRAARAAYCA,COI-0721-4Pad-Up11-1_S98_L001_R1_001.fastq,COI-0721-4Pad-Up11-1_S98_L001_R2_001.fastq,COI-0721-4Pad-Up11-1,98
NGN0464,COI.0721.4Pad.Up5.1,COI,A,3,GGWACWRGWTGRACWNTNTAYCCYCC,TANACYTCNGGRTGNCCRAARAAYCA,COI-0721-4Pad-Up5-1_S99_L001_R1_001.fastq,COI-0721-4Pad-Up5-1_S99_L001_R2_001.fastq,COI-0721-4Pad-Up5-1,99
NGN0465,COI.0721.5Sqm.Up.3,COI,A,4,GGWACWRGWTGRACWNTNTAYCCYCC,TANACYTCNGGRTGNCCRAARAAYCA,COI-0721-5Sqm-Up-3_S100_L001_R1_001.fastq,COI-0721-5Sqm-Up-3_S100_L001_R2_001.fastq,COI-0721-5Sqm-Up-3,100
NGN0466,COI.0721.2Brn.Dn.3.TR2,COI,A,5,GGWACWRGWTGRACWNTNTAYCCYCC,TANACYTCNGGRTGNCCRAARAAYCA,COI-0721-2Brn-Dn-3-TR2_S101_L001_R1_001.fastq,COI-0721-2Brn-Dn-3-TR2_S101_L001_R2_001.fastq,COI-0721-2Brn-Dn-3-TR2,101
NGN0467,COI.0721.2Brn.Dn.3.TR3,COI,A,6,GGWACWRGWTGRACWNTNTAYCCYCC,TANACYTCNGGRTGNCCRAARAAYCA,COI-0721-2Brn-Dn-3-TR3_S102_L001_R1_001.fastq,COI-0721-2Brn-Dn-3-TR3_S102_L001_R2_001.fastq,COI-0721-2Brn-Dn-3-TR3,102
NGN0468,COI.0521.2Brn.Dn.1,COI,A,7,GGWACWRGWTGRACWNTNTAYCCYCC,TANACYTCNGGRTGNCCRAARAAYCA,COI-0521-2Brn-Dn-1_S103_L001_R1_001.fastq,COI-0521-2Brn-Dn-1_S103_L001_R2_001.fastq,COI-0521-2Brn-Dn-1,103
NGN0469,COI.0521.3Chk.Up.1,COI,A,8,GGWACWRGWTGRACWNTNTAYCCYCC,TANACYTCNGGRTGNCCRAARAAYCA,COI-0521-3Chk-Up-1_S104_L001_R1_001.fastq,COI-0521-3Chk-Up-1_S104_L001_R2_001.fastq,COI-0521-3Chk-Up-1,104
NGN0470,COI.0521.4Pad.Up11.1,COI,A,9,GGWACWRGWTGRACWNTNTAYCCYCC,TANACYTCNGGRTGNCCRAARAAYCA,COI-0521-4Pad-Up11-1_S105_L001_R1_001.fastq,COI-0521-4Pad-Up11-1_S105_L001_R2_001.fastq,COI-0521-4Pad-Up11-1,105
NGN0471,COI.0521.5Sqm.Dn.1,COI,A,10,GGWACWRGWTGRACWNTNTAYCCYCC,TANACYTCNGGRTGNCCRAARAAYCA,COI-0521-5Sqm-Dn-1_S106_L001_R1_001.fastq,COI-0521-5Sqm-Dn-1_S106_L001_R2_001.fastq,COI-0521-5Sqm-Dn-1,106
NGN0472,COI.0521.5Sqm.Dn.2,COI,A,11,GGWACWRGWTGRACWNTNTAYCCYCC,TANACYTCNGGRTGNCCRAARAAYCA,COI-0521-5Sqm-Dn-2_S107_L001_R1_001.fastq,COI-0521-5Sqm-Dn-2_S107_L001_R2_001.fastq,COI-0521-5Sqm-Dn-2,107
NGN0473,COI.0521.5Sqm.Dn.3,COI,A,12,GGWACWRGWTGRACWNTNTAYCCYCC,TANACYTCNGGRTGNCCRAARAAYCA,COI-0521-5Sqm-Dn-3_S108_L001_R1_001.fastq,COI-0521-5Sqm-Dn-3_S108_L001_R2_001.fastq,COI-0521-5Sqm-Dn-3,108
NGN0474,COI.0521.5Sqm.Up.1,COI,A,13,GGWACWRGWTGRACWNTNTAYCCYCC,TANACYTCNGGRTGNCCRAARAAYCA,COI-0521-5Sqm-Up-1_S109_L001_R1_001.fastq,COI-0521-5Sqm-Up-1_S109_L001_R2_001.fastq,COI-0521-5Sqm-Up-1,109
NGN0475,COI.Kangaroo.Run.5,COI,A,14,GGWACWRGWTGRACWNTNTAYCCYCC,TANACYTCNGGRTGNCCRAARAAYCA,COI-Kangaroo-Run-5_S110_L001_R1_001.fastq,COI-Kangaroo-Run-5_S110_L001_R2_001.fastq,COI-Kangaroo-Run-5,110
NGN0476,COI.0521.5Sqm.Up.2.TR2,COI,A,15,GGWACWRGWTGRACWNTNTAYCCYCC,TANACYTCNGGRTGNCCRAARAAYCA,COI-0521-5Sqm-Up-2-TR2_S111_L001_R1_001.fastq,COI-0521-5Sqm-Up-2-TR2_S111_L001_R2_001.fastq,COI-0521-5Sqm-Up-2-TR2,111
NGN0477,COI.0521.5Sqm.Up.2.TR3,COI,A,16,GGWACWRGWTGRACWNTNTAYCCYCC,TANACYTCNGGRTGNCCRAARAAYCA,COI-0521-5Sqm-Up-2-TR3_S112_L001_R1_001.fastq,COI-0521-5Sqm-Up-2-TR3_S112_L001_R2_001.fastq,COI-0521-5Sqm-Up-2-TR3,112
NGN0478,Ac16S.PadUp11.4.0321,Ac16S,A,34,CCTTTTGCATCATGATTTAGC,CAGGTGGCTGCTTTTAGGC,Ac16S-PadUp11-4-0321_S113_L001_R1_001.fastq,Ac16S-PadUp11-4-0321_S113_L001_R2_001.fastq,Ac16S-PadUp11-4-0321,113
NGN0479,Ac16S.PadUp11.5.0321,Ac16S,A,35,CCTTTTGCATCATGATTTAGC,CAGGTGGCTGCTTTTAGGC,Ac16S-PadUp11-5-0321_S114_L001_R1_001.fastq,Ac16S-PadUp11-5-0321_S114_L001_R2_001.fastq,Ac16S-PadUp11-5-0321,114
NGN0480,Ac16S.PadUp11.6.0321,Ac16S,A,36,CCTTTTGCATCATGATTTAGC,CAGGTGGCTGCTTTTAGGC,Ac16S-PadUp11-6-0321_S115_L001_R1_001.fastq,Ac16S-PadUp11-6-0321_S115_L001_R2_001.fastq,Ac16S-PadUp11-6-0321,115
NGN0481,Ac16S.PadUp5.4.0321,Ac16S,A,37,CCTTTTGCATCATGATTTAGC,CAGGTGGCTGCTTTTAGGC,Ac16S-PadUp5-4-0321_S116_L001_R1_001.fastq,Ac16S-PadUp5-4-0321_S116_L001_R2_001.fastq,Ac16S-PadUp5-4-0321,116
NGN0482,Ac16S.PadUp5.5.0321,Ac16S,A,38,CCTTTTGCATCATGATTTAGC,CAGGTGGCTGCTTTTAGGC,Ac16S-PadUp5-5-0321_S117_L001_R1_001.fastq,Ac16S-PadUp5-5-0321_S117_L001_R2_001.fastq,Ac16S-PadUp5-5-0321,117
NGN0483,Ac16S.PadUp5.6.0321,Ac16S,A,39,CCTTTTGCATCATGATTTAGC,CAGGTGGCTGCTTTTAGGC,Ac16S-PadUp5-6-0321_S118_L001_R1_001.fastq,Ac16S-PadUp5-6-0321_S118_L001_R2_001.fastq,Ac16S-PadUp5-6-0321,118
NGN0484,Ac16S.PadUp11.1.0421,Ac16S,A,40,CCTTTTGCATCATGATTTAGC,CAGGTGGCTGCTTTTAGGC,Ac16S-PadUp11-1-0421_S119_L001_R1_001.fastq,Ac16S-PadUp11-1-0421_S119_L001_R2_001.fastq,Ac16S-PadUp11-1-0421,119
NGN0485,Ac16S.PadUp11.2.0421,Ac16S,A,41,CCTTTTGCATCATGATTTAGC,CAGGTGGCTGCTTTTAGGC,Ac16S-PadUp11-2-0421_S120_L001_R1_001.fastq,Ac16S-PadUp11-2-0421_S120_L001_R2_001.fastq,Ac16S-PadUp11-2-0421,120
NGN0486,Ac16S.PadUp11.3.0421,Ac16S,A,42,CCTTTTGCATCATGATTTAGC,CAGGTGGCTGCTTTTAGGC,Ac16S-PadUp11-3-0421_S121_L001_R1_001.fastq,Ac16S-PadUp11-3-0421_S121_L001_R2_001.fastq,Ac16S-PadUp11-3-0421,121
NGN0487,Ac16S.PadUp5.1.0421,Ac16S,A,43,CCTTTTGCATCATGATTTAGC,CAGGTGGCTGCTTTTAGGC,Ac16S-PadUp5-1-0421_S122_L001_R1_001.fastq,Ac16S-PadUp5-1-0421_S122_L001_R2_001.fastq,Ac16S-PadUp5-1-0421,122
NGN0488,Ac16S.PadUp5.2.0421,Ac16S,A,44,CCTTTTGCATCATGATTTAGC,CAGGTGGCTGCTTTTAGGC,Ac16S-PadUp5-2-0421_S123_L001_R1_001.fastq,Ac16S-PadUp5-2-0421_S123_L001_R2_001.fastq,Ac16S-PadUp5-2-0421,123
NGN0489,Ac16S.PadUp5.3.0421,Ac16S,A,45,CCTTTTGCATCATGATTTAGC,CAGGTGGCTGCTTTTAGGC,Ac16S-PadUp5-3-0421_S124_L001_R1_001.fastq,Ac16S-PadUp5-3-0421_S124_L001_R2_001.fastq,Ac16S-PadUp5-3-0421,124
NGN0490,Ac16S.ChkDn1.0321,Ac16S,A,46,CCTTTTGCATCATGATTTAGC,CAGGTGGCTGCTTTTAGGC,Ac16S-ChkDn1-0321_S125_L001_R1_001.fastq,Ac16S-ChkDn1-0321_S125_L001_R2_001.fastq,Ac16S-ChkDn1-0321,125
NGN0491,Ac16S.ChkDn2.0321,Ac16S,A,47,CCTTTTGCATCATGATTTAGC,CAGGTGGCTGCTTTTAGGC,Ac16S-ChkDn2-0321_S126_L001_R1_001.fastq,Ac16S-ChkDn2-0321_S126_L001_R2_001.fastq,Ac16S-ChkDn2-0321,126
NGN0492,Ac16S.ChkDn3.0321,Ac16S,A,48,CCTTTTGCATCATGATTTAGC,CAGGTGGCTGCTTTTAGGC,Ac16S-ChkDn3-0321_S127_L001_R1_001.fastq,Ac16S-ChkDn3-0321_S127_L001_R2_001.fastq,Ac16S-ChkDn3-0321,127
NGN0493,Ac16S.ChkUp1.0321,Ac16S,A,49,CCTTTTGCATCATGATTTAGC,CAGGTGGCTGCTTTTAGGC,Ac16S-ChkUp1-0321_S128_L001_R1_001.fastq,Ac16S-ChkUp1-0321_S128_L001_R2_001.fastq,Ac16S-ChkUp1-0321,128
NGN0494,Ac16S.ChkUp2.0321,Ac16S,A,50,CCTTTTGCATCATGATTTAGC,CAGGTGGCTGCTTTTAGGC,Ac16S-ChkUp2-0321_S129_L001_R1_001.fastq,Ac16S-ChkUp2-0321_S129_L001_R2_001.fastq,Ac16S-ChkUp2-0321,129
NGN0495,Ac16S.ChkUp3.0321,Ac16S,A,51,CCTTTTGCATCATGATTTAGC,CAGGTGGCTGCTTTTAGGC,Ac16S-ChkUp3-0321_S130_L001_R1_001.fastq,Ac16S-ChkUp3-0321_S130_L001_R2_001.fastq,Ac16S-ChkUp3-0321,130