Sample_name,file1,file2,Index_number,i7_Index_Name,i5_Index_Name,PrimerF,PrimerR,Locus,number,Community,Sample_type,Tech_rep
RS-97,RS-97_S1_L001_R1_001.fastq,RS-97_S1_L001_R2_001.fastq,97,UDP0097,UDP0097,GCCGGTAAAACTCGTGCCAGC,CATAGTGGGGTATCTAATCCCAGTTTG,MiFish,1,MCA,Mock,1
RS-98,RS-98_S2_L001_R1_001.fastq,RS-98_S2_L001_R2_001.fastq,98,UDP0098,UDP0098,GCCGGTAAAACTCGTGCCAGC,CATAGTGGGGTATCTAATCCCAGTTTG,MiFish,2,MCA,Mock,2
RS-99,RS-99_S3_L001_R1_001.fastq,RS-99_S3_L001_R2_001.fastq,99,UDP0099,UDP0099,GCCGGTAAAACTCGTGCCAGC,CATAGTGGGGTATCTAATCCCAGTTTG,MiFish,3,MCA,Mock,3
RS-100,RS-100_S4_L001_R1_001.fastq,RS-100_S4_L001_R2_001.fastq,100,UDP0100,UDP0100,GCCGGTAAAACTCGTGCCAGC,CATAGTGGGGTATCTAATCCCAGTTTG,MiFish,4,MCAgB,Mock,1
RS-101,RS-101_S5_L001_R1_001.fastq,RS-101_S5_L001_R2_001.fastq,101,UDP0101,UDP0101,GCCGGTAAAACTCGTGCCAGC,CATAGTGGGGTATCTAATCCCAGTTTG,MiFish,5,MCAgB,Mock,2
RS-102,RS-102_S6_L001_R1_001.fastq,RS-102_S6_L001_R2_001.fastq,102,UDP0102,UDP0102,GCCGGTAAAACTCGTGCCAGC,CATAGTGGGGTATCTAATCCCAGTTTG,MiFish,6,MCAgB,Mock,3
RS-103,RS-103_S7_L001_R1_001.fastq,RS-103_S7_L001_R2_001.fastq,103,UDP0103,UDP0103,GCCGGTAAAACTCGTGCCAGC,CATAGTGGGGTATCTAATCCCAGTTTG,MiFish,7,MCB,Mock,1
RS-104,RS-104_S8_L001_R1_001.fastq,RS-104_S8_L001_R2_001.fastq,104,UDP0104,UDP0104,GCCGGTAAAACTCGTGCCAGC,CATAGTGGGGTATCTAATCCCAGTTTG,MiFish,8,MCB,Mock,2
RS-105,RS-105_S9_L001_R1_001.fastq,RS-105_S9_L001_R2_001.fastq,105,UDP0105,UDP0105,GCCGGTAAAACTCGTGCCAGC,CATAGTGGGGTATCTAATCCCAGTTTG,MiFish,9,MCB,Mock,3
RS-106,RS-106_S10_L001_R1_001.fastq,RS-106_S10_L001_R2_001.fastq,106,UDP0106,UDP0106,GCCGGTAAAACTCGTGCCAGC,CATAGTGGGGTATCTAATCCCAGTTTG,MiFish,10,MCBgB,Mock,1
RS-107,RS-107_S11_L001_R1_001.fastq,RS-107_S11_L001_R2_001.fastq,107,UDP0107,UDP0107,GCCGGTAAAACTCGTGCCAGC,CATAGTGGGGTATCTAATCCCAGTTTG,MiFish,11,MCBgB,Mock,2
RS-108,RS-108_S12_L001_R1_001.fastq,RS-108_S12_L001_R2_001.fastq,108,UDP0108,UDP0108,GCCGGTAAAACTCGTGCCAGC,CATAGTGGGGTATCTAATCCCAGTTTG,MiFish,12,MCBgB,Mock,3
RS-109,RS-109_S13_L001_R1_001.fastq,RS-109_S13_L001_R2_001.fastq,109,UDP0109,UDP0109,GCCGGTAAAACTCGTGCCAGC,CATAGTGGGGTATCTAATCCCAGTTTG,MiFish,13,MCC,Mock,1
RS-110,RS-110_S14_L001_R1_001.fastq,RS-110_S14_L001_R2_001.fastq,110,UDP0110,UDP0110,GCCGGTAAAACTCGTGCCAGC,CATAGTGGGGTATCTAATCCCAGTTTG,MiFish,14,MCC,Mock,2
RS-111,RS-111_S15_L001_R1_001.fastq,RS-111_S15_L001_R2_001.fastq,111,UDP0111,UDP0111,GCCGGTAAAACTCGTGCCAGC,CATAGTGGGGTATCTAATCCCAGTTTG,MiFish,15,MCC,Mock,3
RS-112,RS-112_S16_L001_R1_001.fastq,RS-112_S16_L001_R2_001.fastq,112,UDP0112,UDP0112,GCCGGTAAAACTCGTGCCAGC,CATAGTGGGGTATCTAATCCCAGTTTG,MiFish,16,MCCgB,Mock,1
RS-113,RS-113_S17_L001_R1_001.fastq,RS-113_S17_L001_R2_001.fastq,113,UDP0113,UDP0113,GCCGGTAAAACTCGTGCCAGC,CATAGTGGGGTATCTAATCCCAGTTTG,MiFish,17,MCCgB,Mock,2
RS-114,RS-114_S18_L001_R1_001.fastq,RS-114_S18_L001_R2_001.fastq,114,UDP0114,UDP0114,GCCGGTAAAACTCGTGCCAGC,CATAGTGGGGTATCTAATCCCAGTTTG,MiFish,18,MCCgB,Mock,3
RS-115,RS-115_S19_L001_R1_001.fastq,RS-115_S19_L001_R2_001.fastq,115,UDP0115,UDP0115,GCCGGTAAAACTCGTGCCAGC,CATAGTGGGGTATCTAATCCCAGTTTG,MiFish,19,MCZ,Mock,1
RS-116,RS-116_S20_L001_R1_001.fastq,RS-116_S20_L001_R2_001.fastq,116,UDP0116,UDP0116,GCCGGTAAAACTCGTGCCAGC,CATAGTGGGGTATCTAATCCCAGTTTG,MiFish,20,MCZ,Mock,2
RS-117,RS-117_S21_L001_R1_001.fastq,RS-117_S21_L001_R2_001.fastq,117,UDP0117,UDP0117,GCCGGTAAAACTCGTGCCAGC,CATAGTGGGGTATCTAATCCCAGTTTG,MiFish,21,MCZ,Mock,3
RS-118,RS-118_S22_L001_R1_001.fastq,RS-118_S22_L001_R2_001.fastq,118,UDP0118,UDP0118,GCCGGTAAAACTCGTGCCAGC,CATAGTGGGGTATCTAATCCCAGTTTG,MiFish,22,gB,gblock,1
RS-119,RS-119_S23_L001_R1_001.fastq,RS-119_S23_L001_R2_001.fastq,119,UDP0119,UDP0119,GCCGGTAAAACTCGTGCCAGC,CATAGTGGGGTATCTAATCCCAGTTTG,MiFish,23,gB,gblock,2
RS-120,RS-120_S24_L001_R1_001.fastq,RS-120_S24_L001_R2_001.fastq,120,UDP0120,UDP0120,GCCGGTAAAACTCGTGCCAGC,CATAGTGGGGTATCTAATCCCAGTTTG,MiFish,24,gB,gblock,3
RS-121,RS-121_S25_L001_R1_001.fastq,RS-121_S25_L001_R2_001.fastq,121,UDP0121,UDP0121,GGWACWRGWTGRACWNTNTAYCCYCC,TANACYTCNGGRTGNCCRAARAAYCA,COI,25,MCA,Mock,1
RS-122,RS-122_S26_L001_R1_001.fastq,RS-122_S26_L001_R2_001.fastq,122,UDP0122,UDP0122,GGWACWRGWTGRACWNTNTAYCCYCC,TANACYTCNGGRTGNCCRAARAAYCA,COI,26,MCA,Mock,2
RS-123,RS-123_S27_L001_R1_001.fastq,RS-123_S27_L001_R2_001.fastq,123,UDP0123,UDP0123,GGWACWRGWTGRACWNTNTAYCCYCC,TANACYTCNGGRTGNCCRAARAAYCA,COI,27,MCA,Mock,3
RS-124,RS-124_S28_L001_R1_001.fastq,RS-124_S28_L001_R2_001.fastq,124,UDP0124,UDP0124,GGWACWRGWTGRACWNTNTAYCCYCC,TANACYTCNGGRTGNCCRAARAAYCA,COI,28,MCAgB,Mock,1
RS-125,RS-125_S29_L001_R1_001.fastq,RS-125_S29_L001_R2_001.fastq,125,UDP0125,UDP0125,GGWACWRGWTGRACWNTNTAYCCYCC,TANACYTCNGGRTGNCCRAARAAYCA,COI,29,MCAgB,Mock,2
RS-126,RS-126_S30_L001_R1_001.fastq,RS-126_S30_L001_R2_001.fastq,126,UDP0126,UDP0126,GGWACWRGWTGRACWNTNTAYCCYCC,TANACYTCNGGRTGNCCRAARAAYCA,COI,30,MCAgB,Mock,3
RS-127,RS-127_S31_L001_R1_001.fastq,RS-127_S31_L001_R2_001.fastq,127,UDP0127,UDP0127,GGWACWRGWTGRACWNTNTAYCCYCC,TANACYTCNGGRTGNCCRAARAAYCA,COI,31,MCB,Mock,1
RS-128,RS-128_S32_L001_R1_001.fastq,RS-128_S32_L001_R2_001.fastq,128,UDP0128,UDP0128,GGWACWRGWTGRACWNTNTAYCCYCC,TANACYTCNGGRTGNCCRAARAAYCA,COI,32,MCB,Mock,2
RS-129,RS-129_S33_L001_R1_001.fastq,RS-129_S33_L001_R2_001.fastq,129,UDP0129,UDP0129,GGWACWRGWTGRACWNTNTAYCCYCC,TANACYTCNGGRTGNCCRAARAAYCA,COI,33,MCB,Mock,3
RS-130,RS-130_S34_L001_R1_001.fastq,RS-130_S34_L001_R2_001.fastq,130,UDP0130,UDP0130,GGWACWRGWTGRACWNTNTAYCCYCC,TANACYTCNGGRTGNCCRAARAAYCA,COI,34,MCBgB,Mock,1
RS-131,RS-131_S35_L001_R1_001.fastq,RS-131_S35_L001_R2_001.fastq,131,UDP0131,UDP0131,GGWACWRGWTGRACWNTNTAYCCYCC,TANACYTCNGGRTGNCCRAARAAYCA,COI,35,MCBgB,Mock,2
RS-132,RS-132_S36_L001_R1_001.fastq,RS-132_S36_L001_R2_001.fastq,132,UDP0132,UDP0132,GGWACWRGWTGRACWNTNTAYCCYCC,TANACYTCNGGRTGNCCRAARAAYCA,COI,36,MCBgB,Mock,3
RS-133,RS-133_S37_L001_R1_001.fastq,RS-133_S37_L001_R2_001.fastq,133,UDP0133,UDP0133,GGWACWRGWTGRACWNTNTAYCCYCC,TANACYTCNGGRTGNCCRAARAAYCA,COI,37,MCC,Mock,1
RS-134,RS-134_S38_L001_R1_001.fastq,RS-134_S38_L001_R2_001.fastq,134,UDP0134,UDP0134,GGWACWRGWTGRACWNTNTAYCCYCC,TANACYTCNGGRTGNCCRAARAAYCA,COI,38,MCC,Mock,2
RS-135,RS-135_S39_L001_R1_001.fastq,RS-135_S39_L001_R2_001.fastq,135,UDP0135,UDP0135,GGWACWRGWTGRACWNTNTAYCCYCC,TANACYTCNGGRTGNCCRAARAAYCA,COI,39,MCC,Mock,3
RS-136,RS-136_S40_L001_R1_001.fastq,RS-136_S40_L001_R2_001.fastq,136,UDP0136,UDP0136,GGWACWRGWTGRACWNTNTAYCCYCC,TANACYTCNGGRTGNCCRAARAAYCA,COI,40,MCCgB,Mock,1
RS-137,RS-137_S41_L001_R1_001.fastq,RS-137_S41_L001_R2_001.fastq,137,UDP0137,UDP0137,GGWACWRGWTGRACWNTNTAYCCYCC,TANACYTCNGGRTGNCCRAARAAYCA,COI,41,MCCgB,Mock,2
RS-138,RS-138_S42_L001_R1_001.fastq,RS-138_S42_L001_R2_001.fastq,138,UDP0138,UDP0138,GGWACWRGWTGRACWNTNTAYCCYCC,TANACYTCNGGRTGNCCRAARAAYCA,COI,42,MCCgB,Mock,3
RS-139,RS-139_S43_L001_R1_001.fastq,RS-139_S43_L001_R2_001.fastq,139,UDP0139,UDP0139,GGWACWRGWTGRACWNTNTAYCCYCC,TANACYTCNGGRTGNCCRAARAAYCA,COI,43,MCZ,Mock,1
RS-140,RS-140_S44_L001_R1_001.fastq,RS-140_S44_L001_R2_001.fastq,140,UDP0140,UDP0140,GGWACWRGWTGRACWNTNTAYCCYCC,TANACYTCNGGRTGNCCRAARAAYCA,COI,44,MCZ,Mock,2
RS-141,RS-141_S45_L001_R1_001.fastq,RS-141_S45_L001_R2_001.fastq,141,UDP0141,UDP0141,GGWACWRGWTGRACWNTNTAYCCYCC,TANACYTCNGGRTGNCCRAARAAYCA,COI,45,MCZ,Mock,3
RS-142,RS-142_S46_L001_R1_001.fastq,RS-142_S46_L001_R2_001.fastq,142,UDP0142,UDP0142,GGWACWRGWTGRACWNTNTAYCCYCC,TANACYTCNGGRTGNCCRAARAAYCA,COI,46,gB,gblock,1
RS-143,RS-143_S47_L001_R1_001.fastq,RS-143_S47_L001_R2_001.fastq,143,UDP0143,UDP0143,GGWACWRGWTGRACWNTNTAYCCYCC,TANACYTCNGGRTGNCCRAARAAYCA,COI,47,gB,gblock,2
RS-144,RS-144_S48_L001_R1_001.fastq,RS-144_S48_L001_R2_001.fastq,144,UDP0144,UDP0144,GGWACWRGWTGRACWNTNTAYCCYCC,TANACYTCNGGRTGNCCRAARAAYCA,COI,48,gB,gblock,3
RS-145,RS-145_S49_L001_R1_001.fastq,RS-145_S49_L001_R2_001.fastq,145,UDP0145,UDP0145,GGGTTGGTAAATTTCGTGCCAGC,CATAGTGGGGTATCTAATCCCAGTTTG,MiMammal,49,MCA,Mock,1
RS-146,RS-146_S50_L001_R1_001.fastq,RS-146_S50_L001_R2_001.fastq,146,UDP0146,UDP0146,GGGTTGGTAAATTTCGTGCCAGC,CATAGTGGGGTATCTAATCCCAGTTTG,MiMammal,50,MCA,Mock,2
RS-147,RS-147_S51_L001_R1_001.fastq,RS-147_S51_L001_R2_001.fastq,147,UDP0147,UDP0147,GGGTTGGTAAATTTCGTGCCAGC,CATAGTGGGGTATCTAATCCCAGTTTG,MiMammal,51,MCA,Mock,3
RS-148,RS-148_S52_L001_R1_001.fastq,RS-148_S52_L001_R2_001.fastq,148,UDP0148,UDP0148,GGGTTGGTAAATTTCGTGCCAGC,CATAGTGGGGTATCTAATCCCAGTTTG,MiMammal,52,MCAgB,Mock,1
RS-149,RS-149_S53_L001_R1_001.fastq,RS-149_S53_L001_R2_001.fastq,149,UDP0149,UDP0149,GGGTTGGTAAATTTCGTGCCAGC,CATAGTGGGGTATCTAATCCCAGTTTG,MiMammal,53,MCAgB,Mock,2
RS-150,RS-150_S54_L001_R1_001.fastq,RS-150_S54_L001_R2_001.fastq,150,UDP0150,UDP0150,GGGTTGGTAAATTTCGTGCCAGC,CATAGTGGGGTATCTAATCCCAGTTTG,MiMammal,54,MCAgB,Mock,3
RS-151,RS-151_S55_L001_R1_001.fastq,RS-151_S55_L001_R2_001.fastq,151,UDP0151,UDP0151,GGGTTGGTAAATTTCGTGCCAGC,CATAGTGGGGTATCTAATCCCAGTTTG,MiMammal,55,MCB,Mock,1
RS-152,RS-152_S56_L001_R1_001.fastq,RS-152_S56_L001_R2_001.fastq,152,UDP0152,UDP0152,GGGTTGGTAAATTTCGTGCCAGC,CATAGTGGGGTATCTAATCCCAGTTTG,MiMammal,56,MCB,Mock,2
RS-153,RS-153_S57_L001_R1_001.fastq,RS-153_S57_L001_R2_001.fastq,153,UDP0153,UDP0153,GGGTTGGTAAATTTCGTGCCAGC,CATAGTGGGGTATCTAATCCCAGTTTG,MiMammal,57,MCB,Mock,3
RS-154,RS-154_S58_L001_R1_001.fastq,RS-154_S58_L001_R2_001.fastq,154,UDP0154,UDP0154,GGGTTGGTAAATTTCGTGCCAGC,CATAGTGGGGTATCTAATCCCAGTTTG,MiMammal,58,MCBgB,Mock,1
RS-155,RS-155_S59_L001_R1_001.fastq,RS-155_S59_L001_R2_001.fastq,155,UDP0155,UDP0155,GGGTTGGTAAATTTCGTGCCAGC,CATAGTGGGGTATCTAATCCCAGTTTG,MiMammal,59,MCBgB,Mock,2
RS-156,RS-156_S60_L001_R1_001.fastq,RS-156_S60_L001_R2_001.fastq,156,UDP0156,UDP0156,GGGTTGGTAAATTTCGTGCCAGC,CATAGTGGGGTATCTAATCCCAGTTTG,MiMammal,60,MCBgB,Mock,3
RS-157,RS-157_S61_L001_R1_001.fastq,RS-157_S61_L001_R2_001.fastq,157,UDP0157,UDP0157,GGGTTGGTAAATTTCGTGCCAGC,CATAGTGGGGTATCTAATCCCAGTTTG,MiMammal,61,MCC,Mock,1
RS-158,RS-158_S62_L001_R1_001.fastq,RS-158_S62_L001_R2_001.fastq,158,UDP0158,UDP0158,GGGTTGGTAAATTTCGTGCCAGC,CATAGTGGGGTATCTAATCCCAGTTTG,MiMammal,62,MCC,Mock,2
RS-159,RS-159_S63_L001_R1_001.fastq,RS-159_S63_L001_R2_001.fastq,159,UDP0159,UDP0159,GGGTTGGTAAATTTCGTGCCAGC,CATAGTGGGGTATCTAATCCCAGTTTG,MiMammal,63,MCC,Mock,3
RS-160,RS-160_S64_L001_R1_001.fastq,RS-160_S64_L001_R2_001.fastq,160,UDP0160,UDP0160,GGGTTGGTAAATTTCGTGCCAGC,CATAGTGGGGTATCTAATCCCAGTTTG,MiMammal,64,MCCgB,Mock,1
RS-161,RS-161_S65_L001_R1_001.fastq,RS-161_S65_L001_R2_001.fastq,161,UDP0161,UDP0161,GGGTTGGTAAATTTCGTGCCAGC,CATAGTGGGGTATCTAATCCCAGTTTG,MiMammal,65,MCCgB,Mock,2
RS-162,RS-162_S66_L001_R1_001.fastq,RS-162_S66_L001_R2_001.fastq,162,UDP0162,UDP0162,GGGTTGGTAAATTTCGTGCCAGC,CATAGTGGGGTATCTAATCCCAGTTTG,MiMammal,66,MCCgB,Mock,3
RS-163,RS-163_S67_L001_R1_001.fastq,RS-163_S67_L001_R2_001.fastq,163,UDP0163,UDP0163,GGGTTGGTAAATTTCGTGCCAGC,CATAGTGGGGTATCTAATCCCAGTTTG,MiMammal,67,gB,gblock,1
RS-164,RS-164_S68_L001_R1_001.fastq,RS-164_S68_L001_R2_001.fastq,164,UDP0164,UDP0164,GGGTTGGTAAATTTCGTGCCAGC,CATAGTGGGGTATCTAATCCCAGTTTG,MiMammal,68,gB,gblock,2
RS-165,RS-165_S69_L001_R1_001.fastq,RS-165_S69_L001_R2_001.fastq,165,UDP0165,UDP0165,GGGTTGGTAAATTTCGTGCCAGC,CATAGTGGGGTATCTAATCCCAGTTTG,MiMammal,69,gB,gblock,3