Sample_ID,Sample_name,Locus,Set,Index,i7_Index_Name,i5_Index_Name,Well,PrimerF,PrimerR,file1,file2
NGN0173,COI.0421.1Prt.Dn.2,COI,A,79,UDP0079,UDP0079,G10,TANACYTCNGGRTGNCCRAARAAYCA,GGWACWRGWTGRACWNTNTAYCCYCC,NGN0173_S79_L001_R1_001.fastq,NGN0173_S79_L001_R2_001.fastq
NGN0174,COI.0421.1Prt.Up.1,COI,A,80,UDP0080,UDP0080,H10,TANACYTCNGGRTGNCCRAARAAYCA,GGWACWRGWTGRACWNTNTAYCCYCC,NGN0174_S80_L001_R1_001.fastq,NGN0174_S80_L001_R2_001.fastq
NGN0175,COI.0421.1Prt.Up.3,COI,A,81,UDP0081,UDP0081,A11,TANACYTCNGGRTGNCCRAARAAYCA,GGWACWRGWTGRACWNTNTAYCCYCC,NGN0175_S81_L001_R1_001.fastq,NGN0175_S81_L001_R2_001.fastq
NGN0176,COI.0421.2Brn.Up.1,COI,A,82,UDP0082,UDP0082,B11,GGWACWRGWTGRACWNTNTAYCCYCC,TANACYTCNGGRTGNCCRAARAAYCA,NGN0176_S82_L001_R1_001.fastq,NGN0176_S82_L001_R2_001.fastq
NGN0177,COI.0421.2Brn.Up.3,COI,A,83,UDP0083,UDP0083,C11,GGWACWRGWTGRACWNTNTAYCCYCC,TANACYTCNGGRTGNCCRAARAAYCA,NGN0177_S83_L001_R1_001.fastq,NGN0177_S83_L001_R2_001.fastq
NGN0178,COI.0421.3Chk.Dn.1,COI,A,84,UDP0084,UDP0084,D11,GGWACWRGWTGRACWNTNTAYCCYCC,TANACYTCNGGRTGNCCRAARAAYCA,NGN0178_S84_L001_R1_001.fastq,NGN0178_S84_L001_R2_001.fastq
NGN0179,COI.0421.4Pad.Up11.3,COI,A,86,UDP0086,UDP0086,F11,GGWACWRGWTGRACWNTNTAYCCYCC,TANACYTCNGGRTGNCCRAARAAYCA,NGN0179_S86_L001_R1_001.fastq,NGN0179_S86_L001_R2_001.fastq
NGN0180,COI.0421.5Sqm.Dn.2,COI,A,88,UDP0088,UDP0088,H11,GGWACWRGWTGRACWNTNTAYCCYCC,TANACYTCNGGRTGNCCRAARAAYCA,NGN0180_S88_L001_R1_001.fastq,NGN0180_S88_L001_R2_001.fastq
NGN0181,COI.0421.5Sqm.Up.2,COI,A,89,UDP0089,UDP0089,A12,GGWACWRGWTGRACWNTNTAYCCYCC,TANACYTCNGGRTGNCCRAARAAYCA,NGN0181_S89_L001_R1_001.fastq,NGN0181_S89_L001_R2_001.fastq
NGN0182,COI.0821.3Chk.Up.2,COI,A,90,UDP0090,UDP0090,B12,GGWACWRGWTGRACWNTNTAYCCYCC,TANACYTCNGGRTGNCCRAARAAYCA,NGN0182_S90_L001_R1_001.fastq,NGN0182_S90_L001_R2_001.fastq
NGN0183,COI.0821.4Pad.Dn.1,COI,A,91,UDP0091,UDP0091,C12,GGWACWRGWTGRACWNTNTAYCCYCC,TANACYTCNGGRTGNCCRAARAAYCA,NGN0183_S91_L001_R1_001.fastq,NGN0183_S91_L001_R2_001.fastq
NGN0184,COI.0821.4Pad.Up11.1,COI,A,92,UDP0092,UDP0092,D12,GGWACWRGWTGRACWNTNTAYCCYCC,TANACYTCNGGRTGNCCRAARAAYCA,NGN0184_S92_L001_R1_001.fastq,NGN0184_S92_L001_R2_001.fastq
NGN0185,COI.0821.4Pad.Up5.2,COI,A,93,UDP0093,UDP0093,E12,GGWACWRGWTGRACWNTNTAYCCYCC,TANACYTCNGGRTGNCCRAARAAYCA,NGN0185_S93_L001_R1_001.fastq,NGN0185_S93_L001_R2_001.fastq
NGN0186,COI.Kangaroo.Run.2,COI,A,94,UDP0094,UDP0094,F12,GGWACWRGWTGRACWNTNTAYCCYCC,TANACYTCNGGRTGNCCRAARAAYCA,NGN0186_S94_L001_R1_001.fastq,NGN0186_S94_L001_R2_001.fastq