sample_num,Sample_ID,Sample_name,Locus,Set,Index,I7_Index_ID,index,I5_Index_ID,index2,PrimerF,PrimerR,file1,file2
1,NGN0744,MiFish-0921-1Prt-Dn-2,MiFish,B,97,UDP0097,TGCCGGTCAG,UDP0097,CCTGATACAA,GCCGGTAAAACTCGTGCCAGC,CATAGTGGGGTATCTAATCCCAGTTTG,MiFish-0921-1Prt-Dn-2_S1_L001_R1_001.fastq,MiFish-0921-1Prt-Dn-2_S1_L001_R2_001.fastq
2,NGN0745,MiFish-0921-1Prt-Up-3,MiFish,B,98,UDP0098,CACTCAATTC,UDP0098,TTAAGTTGTG,GCCGGTAAAACTCGTGCCAGC,CATAGTGGGGTATCTAATCCCAGTTTG,MiFish-0921-1Prt-Up-3_S2_L001_R1_001.fastq,MiFish-0921-1Prt-Up-3_S2_L001_R2_001.fastq
3,NGN0746,MiFish-0921-2Brn-Dn-2,MiFish,B,99,UDP0099,TCTCACACGC,UDP0099,CGGACAGTGA,GCCGGTAAAACTCGTGCCAGC,CATAGTGGGGTATCTAATCCCAGTTTG,MiFish-0921-2Brn-Dn-2_S3_L001_R1_001.fastq,MiFish-0921-2Brn-Dn-2_S3_L001_R2_001.fastq
4,NGN0747,MiFish-0921-2Brn-Up-2,MiFish,B,100,UDP0100,TCAATGGAGA,UDP0100,GCACTACAAC,GCCGGTAAAACTCGTGCCAGC,CATAGTGGGGTATCTAATCCCAGTTTG,MiFish-0921-2Brn-Up-2_S4_L001_R1_001.fastq,MiFish-0921-2Brn-Up-2_S4_L001_R2_001.fastq
5,NGN0748,MiFish-0921-2Brn-Up-3,MiFish,B,101,UDP0101,ATATGCATGT,UDP0101,TGGTGCCTGG,GCCGGTAAAACTCGTGCCAGC,CATAGTGGGGTATCTAATCCCAGTTTG,MiFish-0921-2Brn-Up-3_S5_L001_R1_001.fastq,MiFish-0921-2Brn-Up-3_S5_L001_R2_001.fastq
6,NGN0749,MiFish-0921-3Chk-Dn-1,MiFish,B,102,UDP0102,ATGGCGCCTG,UDP0102,TCCACGGCCT,GCCGGTAAAACTCGTGCCAGC,CATAGTGGGGTATCTAATCCCAGTTTG,MiFish-0921-3Chk-Dn-1_S6_L001_R1_001.fastq,MiFish-0921-3Chk-Dn-1_S6_L001_R2_001.fastq
7,NGN0750,MiFish-0921-3Chk-Dn-2,MiFish,B,103,UDP0103,TCCGTTATGT,UDP0103,TTGTAGTGTA,GCCGGTAAAACTCGTGCCAGC,CATAGTGGGGTATCTAATCCCAGTTTG,MiFish-0921-3Chk-Dn-2_S7_L001_R1_001.fastq,MiFish-0921-3Chk-Dn-2_S7_L001_R2_001.fastq
8,NGN0751,MiFish-0921-3Chk-Dn-3,MiFish,B,104,UDP0104,GGTCTATTAA,UDP0104,CCACGACACG,GCCGGTAAAACTCGTGCCAGC,CATAGTGGGGTATCTAATCCCAGTTTG,MiFish-0921-3Chk-Dn-3_S8_L001_R1_001.fastq,MiFish-0921-3Chk-Dn-3_S8_L001_R2_001.fastq
9,NGN0752,MiFish-0921-3Chk-Up-1,MiFish,B,105,UDP0105,CAGCAATCGT,UDP0105,TGTGATGTAT,GCCGGTAAAACTCGTGCCAGC,CATAGTGGGGTATCTAATCCCAGTTTG,MiFish-0921-3Chk-Up-1_S9_L001_R1_001.fastq,MiFish-0921-3Chk-Up-1_S9_L001_R2_001.fastq
10,NGN0753,MiFish-0921-3Chk-Up-3,MiFish,B,106,UDP0106,TTCTGTAGAA,UDP0106,GAGCGCAATA,GCCGGTAAAACTCGTGCCAGC,CATAGTGGGGTATCTAATCCCAGTTTG,MiFish-0921-3Chk-Up-3_S10_L001_R1_001.fastq,MiFish-0921-3Chk-Up-3_S10_L001_R2_001.fastq
11,NGN0754,MiFish-0921-4Pad-Dn-1,MiFish,B,107,UDP0107,GAACGCAATA,UDP0107,ATCTTACTGT,GCCGGTAAAACTCGTGCCAGC,CATAGTGGGGTATCTAATCCCAGTTTG,MiFish-0921-4Pad-Dn-1_S11_L001_R1_001.fastq,MiFish-0921-4Pad-Dn-1_S11_L001_R2_001.fastq
12,NGN0755,MiFish-0921-4Pad-Dn-2,MiFish,B,108,UDP0108,AGTACTCATG,UDP0108,ATGTCGTGGT,GCCGGTAAAACTCGTGCCAGC,CATAGTGGGGTATCTAATCCCAGTTTG,MiFish-0921-4Pad-Dn-2_S12_L001_R1_001.fastq,MiFish-0921-4Pad-Dn-2_S12_L001_R2_001.fastq
13,NGN0756,MiFish-0921-4Pad-Up11-1,MiFish,B,109,UDP0109,GGTAGAATTA,UDP0109,GTAGCCATCA,GCCGGTAAAACTCGTGCCAGC,CATAGTGGGGTATCTAATCCCAGTTTG,MiFish-0921-4Pad-Up11-1_S13_L001_R1_001.fastq,MiFish-0921-4Pad-Up11-1_S13_L001_R2_001.fastq
14,NGN0757,MiFish-0921-4Pad-Up5-2,MiFish,B,110,UDP0110,TAATTAGCGT,UDP0110,TGGTTAAGAA,GCCGGTAAAACTCGTGCCAGC,CATAGTGGGGTATCTAATCCCAGTTTG,MiFish-0921-4Pad-Up5-2_S14_L001_R1_001.fastq,MiFish-0921-4Pad-Up5-2_S14_L001_R2_001.fastq
15,NGN0758,MiFish-0921-5Sqm-Dn-2,MiFish,B,111,UDP0111,ATTAACAAGG,UDP0111,TGTTGTTCGT,GCCGGTAAAACTCGTGCCAGC,CATAGTGGGGTATCTAATCCCAGTTTG,MiFish-0921-5Sqm-Dn-2_S15_L001_R1_001.fastq,MiFish-0921-5Sqm-Dn-2_S15_L001_R2_001.fastq
16,NGN0759,MiFish-0921-5Sqm-Dn-3,MiFish,B,112,UDP0112,TGATGGCTAC,UDP0112,CCAACAACAT,GCCGGTAAAACTCGTGCCAGC,CATAGTGGGGTATCTAATCCCAGTTTG,MiFish-0921-5Sqm-Dn-3_S16_L001_R1_001.fastq,MiFish-0921-5Sqm-Dn-3_S16_L001_R2_001.fastq
17,NGN0760,MiFish-1021-1Prt-Dn-1,MiFish,B,113,UDP0113,GAATTACAAG,UDP0113,ACCGGCTCAG,GCCGGTAAAACTCGTGCCAGC,CATAGTGGGGTATCTAATCCCAGTTTG,MiFish-1021-1Prt-Dn-1_S17_L001_R1_001.fastq,MiFish-1021-1Prt-Dn-1_S17_L001_R2_001.fastq
18,NGN0761,MiFish-1021-1Prt-Dn-2,MiFish,B,114,UDP0114,TAGAATTGGA,UDP0114,GTTAATCTGA,GCCGGTAAAACTCGTGCCAGC,CATAGTGGGGTATCTAATCCCAGTTTG,MiFish-1021-1Prt-Dn-2_S18_L001_R1_001.fastq,MiFish-1021-1Prt-Dn-2_S18_L001_R2_001.fastq
19,NGN0762,MiFish-1021-1Prt-Up-2,MiFish,B,115,UDP0115,AGGCAGCTCT,UDP0115,CGGCTAACGT,GCCGGTAAAACTCGTGCCAGC,CATAGTGGGGTATCTAATCCCAGTTTG,MiFish-1021-1Prt-Up-2_S19_L001_R1_001.fastq,MiFish-1021-1Prt-Up-2_S19_L001_R2_001.fastq
20,NGN0763,MiFish-1021-2Brn-Up-1,MiFish,B,116,UDP0116,ATCGGCGAAG,UDP0116,TCCAAGAATT,GCCGGTAAAACTCGTGCCAGC,CATAGTGGGGTATCTAATCCCAGTTTG,MiFish-1021-2Brn-Up-1_S20_L001_R1_001.fastq,MiFish-1021-2Brn-Up-1_S20_L001_R2_001.fastq
21,NGN0764,MiFish-1021-2Brn-Up-2,MiFish,B,117,UDP0117,CCGTGACCGA,UDP0117,CCGAACGTTG,GCCGGTAAAACTCGTGCCAGC,CATAGTGGGGTATCTAATCCCAGTTTG,MiFish-1021-2Brn-Up-2_S21_L001_R1_001.fastq,MiFish-1021-2Brn-Up-2_S21_L001_R2_001.fastq
22,NGN0765,MiFish-1021-3Chk-Dn-1,MiFish,B,118,UDP0118,ATACTTGTTC,UDP0118,TAACCGCCGA,GCCGGTAAAACTCGTGCCAGC,CATAGTGGGGTATCTAATCCCAGTTTG,MiFish-1021-3Chk-Dn-1_S22_L001_R1_001.fastq,MiFish-1021-3Chk-Dn-1_S22_L001_R2_001.fastq
23,NGN0766,MiFish-1021-3Chk-Dn-2,MiFish,B,119,UDP0119,TCCGCCAATT,UDP0119,CTCCGTGCTG,GCCGGTAAAACTCGTGCCAGC,CATAGTGGGGTATCTAATCCCAGTTTG,MiFish-1021-3Chk-Dn-2_S23_L001_R1_001.fastq,MiFish-1021-3Chk-Dn-2_S23_L001_R2_001.fastq
24,NGN0767,MiFish-1021-3Chk-Up-2,MiFish,B,120,UDP0120,AGGACAGGCC,UDP0120,CATTCCAGCT,GCCGGTAAAACTCGTGCCAGC,CATAGTGGGGTATCTAATCCCAGTTTG,MiFish-1021-3Chk-Up-2_S24_L001_R1_001.fastq,MiFish-1021-3Chk-Up-2_S24_L001_R2_001.fastq
25,NGN0768,MiFish-1021-3Chk-Up-3,MiFish,B,121,UDP0121,AGAGAACCTA,UDP0121,GGTTATGCTA,GCCGGTAAAACTCGTGCCAGC,CATAGTGGGGTATCTAATCCCAGTTTG,MiFish-1021-3Chk-Up-3_S25_L001_R1_001.fastq,MiFish-1021-3Chk-Up-3_S25_L001_R2_001.fastq
26,NGN0769,MiFish-1021-4Pad-Dn-1,MiFish,B,122,UDP0122,GATATTGTGT,UDP0122,ACCACACGGT,GCCGGTAAAACTCGTGCCAGC,CATAGTGGGGTATCTAATCCCAGTTTG,MiFish-1021-4Pad-Dn-1_S26_L001_R1_001.fastq,MiFish-1021-4Pad-Dn-1_S26_L001_R2_001.fastq
27,NGN0770,MiFish-1021-4Pad-Dn-3,MiFish,B,123,UDP0123,CGTACAGGAA,UDP0123,TAGGTTCTCT,GCCGGTAAAACTCGTGCCAGC,CATAGTGGGGTATCTAATCCCAGTTTG,MiFish-1021-4Pad-Dn-3_S27_L001_R1_001.fastq,MiFish-1021-4Pad-Dn-3_S27_L001_R2_001.fastq
28,NGN0771,MiFish-1021-4Pad-Up11-3,MiFish,B,124,UDP0124,CTGCGTTACC,UDP0124,TATGGCTCGA,GCCGGTAAAACTCGTGCCAGC,CATAGTGGGGTATCTAATCCCAGTTTG,MiFish-1021-4Pad-Up11-3_S28_L001_R1_001.fastq,MiFish-1021-4Pad-Up11-3_S28_L001_R2_001.fastq
29,NGN0772,MiFish-1021-4Pad-Up5-3,MiFish,B,125,UDP0125,AGGCCGTGGA,UDP0125,CTCGTGCGTT,GCCGGTAAAACTCGTGCCAGC,CATAGTGGGGTATCTAATCCCAGTTTG,MiFish-1021-4Pad-Up5-3_S29_L001_R1_001.fastq,MiFish-1021-4Pad-Up5-3_S29_L001_R2_001.fastq
30,NGN0773,MiFish-1021-5Sqm-Dn-2,MiFish,B,126,UDP0126,AGGAGGTATC,UDP0126,CCAGTTGGCA,GCCGGTAAAACTCGTGCCAGC,CATAGTGGGGTATCTAATCCCAGTTTG,MiFish-1021-5Sqm-Dn-2_S30_L001_R1_001.fastq,MiFish-1021-5Sqm-Dn-2_S30_L001_R2_001.fastq
31,NGN0774,MiFish-1021-5Sqm-Up-2,MiFish,B,127,UDP0127,GCTGACGTTG,UDP0127,TGTTCGCATT,GCCGGTAAAACTCGTGCCAGC,CATAGTGGGGTATCTAATCCCAGTTTG,MiFish-1021-5Sqm-Up-2_S31_L001_R1_001.fastq,MiFish-1021-5Sqm-Up-2_S31_L001_R2_001.fastq
32,NGN0775,MiFish-1021-5Sqm-Up-3,MiFish,B,128,UDP0128,CTAATAACCG,UDP0128,AACCGCATCG,GCCGGTAAAACTCGTGCCAGC,CATAGTGGGGTATCTAATCCCAGTTTG,MiFish-1021-5Sqm-Up-3_S32_L001_R1_001.fastq,MiFish-1021-5Sqm-Up-3_S32_L001_R2_001.fastq
33,NGN0776,MiFish-1121-1Prt-Dn-1,MiFish,B,129,UDP0129,TCTAGGCGCG,UDP0129,CGAAGGTTAA,GCCGGTAAAACTCGTGCCAGC,CATAGTGGGGTATCTAATCCCAGTTTG,MiFish-1121-1Prt-Dn-1_S33_L001_R1_001.fastq,MiFish-1121-1Prt-Dn-1_S33_L001_R2_001.fastq
34,NGN0777,MiFish-1121-2Brn-Dn-1,MiFish,B,130,UDP0130,ATAGCCAAGA,UDP0130,AGTGCCACTG,GCCGGTAAAACTCGTGCCAGC,CATAGTGGGGTATCTAATCCCAGTTTG,MiFish-1121-2Brn-Dn-1_S34_L001_R1_001.fastq,MiFish-1121-2Brn-Dn-1_S34_L001_R2_001.fastq
35,NGN0778,MiFish-1121-2Brn-Dn-2,MiFish,B,131,UDP0131,TTCGGTGTGA,UDP0131,GAACAAGTAT,GCCGGTAAAACTCGTGCCAGC,CATAGTGGGGTATCTAATCCCAGTTTG,MiFish-1121-2Brn-Dn-2_S35_L001_R1_001.fastq,MiFish-1121-2Brn-Dn-2_S35_L001_R2_001.fastq
36,NGN0779,MiFish-1121-2Brn-Up-1,MiFish,B,132,UDP0132,ATGTAACGTT,UDP0132,ACGATTGCTG,GCCGGTAAAACTCGTGCCAGC,CATAGTGGGGTATCTAATCCCAGTTTG,MiFish-1121-2Brn-Up-1_S36_L001_R1_001.fastq,MiFish-1121-2Brn-Up-1_S36_L001_R2_001.fastq
37,NGN0780,MiFish-1121-2Brn-Up-3,MiFish,B,133,UDP0133,AACGAGGCCG,UDP0133,ATACCTGGAT,GCCGGTAAAACTCGTGCCAGC,CATAGTGGGGTATCTAATCCCAGTTTG,MiFish-1121-2Brn-Up-3_S37_L001_R1_001.fastq,MiFish-1121-2Brn-Up-3_S37_L001_R2_001.fastq
38,NGN0781,MiFish-1121-3Chk-Dn-1,MiFish,B,134,UDP0134,TGGTGTTATG,UDP0134,TCCAATTCTA,GCCGGTAAAACTCGTGCCAGC,CATAGTGGGGTATCTAATCCCAGTTTG,MiFish-1121-3Chk-Dn-1_S38_L001_R1_001.fastq,MiFish-1121-3Chk-Dn-1_S38_L001_R2_001.fastq
39,NGN0782,MiFish-1121-3Chk-Dn-2,MiFish,B,135,UDP0135,TGGCCTCTGT,UDP0135,TGAGACAGCG,GCCGGTAAAACTCGTGCCAGC,CATAGTGGGGTATCTAATCCCAGTTTG,MiFish-1121-3Chk-Dn-2_S39_L001_R1_001.fastq,MiFish-1121-3Chk-Dn-2_S39_L001_R2_001.fastq
40,NGN0783,MiFish-1121-3Chk-Dn-3,MiFish,B,136,UDP0136,CCAGGCACCA,UDP0136,ACGCTAATTA,GCCGGTAAAACTCGTGCCAGC,CATAGTGGGGTATCTAATCCCAGTTTG,MiFish-1121-3Chk-Dn-3_S40_L001_R1_001.fastq,MiFish-1121-3Chk-Dn-3_S40_L001_R2_001.fastq
41,NGN0784,MiFish-1121-3Chk-Up-1,MiFish,B,137,UDP0137,CCGGTTCCTA,UDP0137,TATATTCGAG,GCCGGTAAAACTCGTGCCAGC,CATAGTGGGGTATCTAATCCCAGTTTG,MiFish-1121-3Chk-Up-1_S41_L001_R1_001.fastq,MiFish-1121-3Chk-Up-1_S41_L001_R2_001.fastq
42,NGN0785,MiFish-1121-3Chk-Up-3,MiFish,B,138,UDP0138,GGCCAATATT,UDP0138,CGGTCCGATA,GCCGGTAAAACTCGTGCCAGC,CATAGTGGGGTATCTAATCCCAGTTTG,MiFish-1121-3Chk-Up-3_S42_L001_R1_001.fastq,MiFish-1121-3Chk-Up-3_S42_L001_R2_001.fastq
43,NGN0786,MiFish-1121-4Pad-Up11-1,MiFish,B,139,UDP0139,GAATACCTAT,UDP0139,ACAATAGAGT,GCCGGTAAAACTCGTGCCAGC,CATAGTGGGGTATCTAATCCCAGTTTG,MiFish-1121-4Pad-Up11-1_S43_L001_R1_001.fastq,MiFish-1121-4Pad-Up11-1_S43_L001_R2_001.fastq
44,NGN0787,MiFish-1121-4Pad-Up11-3,MiFish,B,140,UDP0140,TACGTGAAGG,UDP0140,CGGTTATTAG,GCCGGTAAAACTCGTGCCAGC,CATAGTGGGGTATCTAATCCCAGTTTG,MiFish-1121-4Pad-Up11-3_S44_L001_R1_001.fastq,MiFish-1121-4Pad-Up11-3_S44_L001_R2_001.fastq
45,NGN0788,MiFish-1121-4Pad-Up5-1,MiFish,B,141,UDP0141,CTTATTGGCC,UDP0141,GATAACAAGT,GCCGGTAAAACTCGTGCCAGC,CATAGTGGGGTATCTAATCCCAGTTTG,MiFish-1121-4Pad-Up5-1_S45_L001_R1_001.fastq,MiFish-1121-4Pad-Up5-1_S45_L001_R2_001.fastq
46,NGN0789,MiFish-1121-4Pad-Up5-2,MiFish,B,142,UDP0142,ACAACTACTG,UDP0142,AGTTATCACA,GCCGGTAAAACTCGTGCCAGC,CATAGTGGGGTATCTAATCCCAGTTTG,MiFish-1121-4Pad-Up5-2_S46_L001_R1_001.fastq,MiFish-1121-4Pad-Up5-2_S46_L001_R2_001.fastq
47,NGN0790,MiFish-1121-5Sqm-Dn-1,MiFish,B,143,UDP0143,GTTGGATGAA,UDP0143,TTCCAGGTAA,GCCGGTAAAACTCGTGCCAGC,CATAGTGGGGTATCTAATCCCAGTTTG,MiFish-1121-5Sqm-Dn-1_S47_L001_R1_001.fastq,MiFish-1121-5Sqm-Dn-1_S47_L001_R2_001.fastq
48,NGN0791,MiFish-1121-5Sqm-Dn-3,MiFish,B,144,UDP0144,AATCCAATTG,UDP0144,CATGTAGAGG,GCCGGTAAAACTCGTGCCAGC,CATAGTGGGGTATCTAATCCCAGTTTG,MiFish-1121-5Sqm-Dn-3_S48_L001_R1_001.fastq,MiFish-1121-5Sqm-Dn-3_S48_L001_R2_001.fastq
49,NGN0792,MiFish-1121-5Sqm-Up-1,MiFish,B,145,UDP0145,TATGATGGCC,UDP0145,GATTGTCATA,GCCGGTAAAACTCGTGCCAGC,CATAGTGGGGTATCTAATCCCAGTTTG,MiFish-1121-5Sqm-Up-1_S49_L001_R1_001.fastq,MiFish-1121-5Sqm-Up-1_S49_L001_R2_001.fastq
50,NGN0793,MiFish-1121-5Sqm-Up-2,MiFish,B,146,UDP0146,CGCAGCAATT,UDP0146,ATTCCGCTAT,GCCGGTAAAACTCGTGCCAGC,CATAGTGGGGTATCTAATCCCAGTTTG,MiFish-1121-5Sqm-Up-2_S50_L001_R1_001.fastq,MiFish-1121-5Sqm-Up-2_S50_L001_R2_001.fastq
51,NGN0794,MiFish-Kangaroo,MiFish,B,147,UDP0147,ACGTTCCTTA,UDP0147,GACCGCTGTG,GCCGGTAAAACTCGTGCCAGC,CATAGTGGGGTATCTAATCCCAGTTTG,MiFish-Kangaroo_S51_L001_R1_001.fastq,MiFish-Kangaroo_S51_L001_R2_001.fastq
52,NGN0795,COI-0921-1Prt-Dn-1,COI,B,148,UDP0148,CCGCGTATAG,UDP0148,TAGGAACCGG,GGWACWRGWTGRACWNTNTAYCCYCC,TANACYTCNGGRTGNCCRAARAAYCA,COI-0921-1Prt-Dn-1_S52_L001_R1_001.fastq,COI-0921-1Prt-Dn-1_S52_L001_R2_001.fastq
53,NGN0796,COI-0921-1Prt-Dn-2,COI,B,149,UDP0149,GATTCTGAAT,UDP0149,AGCGGTGGAC,GGWACWRGWTGRACWNTNTAYCCYCC,TANACYTCNGGRTGNCCRAARAAYCA,COI-0921-1Prt-Dn-2_S53_L001_R1_001.fastq,COI-0921-1Prt-Dn-2_S53_L001_R2_001.fastq
54,NGN0797,COI-0921-1Prt-Up-1,COI,B,150,UDP0150,TAGAGAATAC,UDP0150,TATAGATTCG,GGWACWRGWTGRACWNTNTAYCCYCC,TANACYTCNGGRTGNCCRAARAAYCA,COI-0921-1Prt-Up-1_S54_L001_R1_001.fastq,COI-0921-1Prt-Up-1_S54_L001_R2_001.fastq
55,NGN0798,COI-0921-1Prt-Up-2,COI,B,151,UDP0151,TTGTATCAGG,UDP0151,ACAGAGGCCA,GGWACWRGWTGRACWNTNTAYCCYCC,TANACYTCNGGRTGNCCRAARAAYCA,COI-0921-1Prt-Up-2_S55_L001_R1_001.fastq,COI-0921-1Prt-Up-2_S55_L001_R2_001.fastq
56,NGN0799,COI-0921-2Brn-Dn-1,COI,B,152,UDP0152,CACAGCGGTC,UDP0152,ATTCCTATTG,GGWACWRGWTGRACWNTNTAYCCYCC,TANACYTCNGGRTGNCCRAARAAYCA,COI-0921-2Brn-Dn-1_S56_L001_R1_001.fastq,COI-0921-2Brn-Dn-1_S56_L001_R2_001.fastq
57,NGN0800,COI-0921-2Brn-Dn-2,COI,B,153,UDP0153,CCACGCTGAA,UDP0153,TATTCCTCAG,GGWACWRGWTGRACWNTNTAYCCYCC,TANACYTCNGGRTGNCCRAARAAYCA,COI-0921-2Brn-Dn-2_S57_L001_R1_001.fastq,COI-0921-2Brn-Dn-2_S57_L001_R2_001.fastq
58,NGN0801,COI-0921-2Brn-Up-1,COI,B,154,UDP0154,GTTCGGAGTT,UDP0154,CGCCTTCTGA,GGWACWRGWTGRACWNTNTAYCCYCC,TANACYTCNGGRTGNCCRAARAAYCA,COI-0921-2Brn-Up-1_S58_L001_R1_001.fastq,COI-0921-2Brn-Up-1_S58_L001_R2_001.fastq
59,NGN0802,COI-0921-3Chk-Dn-1,COI,B,155,UDP0155,ATAGCGGAAT,UDP0155,GCGCAGAGTA,GGWACWRGWTGRACWNTNTAYCCYCC,TANACYTCNGGRTGNCCRAARAAYCA,COI-0921-3Chk-Dn-1_S59_L001_R1_001.fastq,COI-0921-3Chk-Dn-1_S59_L001_R2_001.fastq
60,NGN0803,COI-0921-3Chk-Up-2,COI,B,156,UDP0156,GCAATATTCA,UDP0156,GGCGCCAATT,GGWACWRGWTGRACWNTNTAYCCYCC,TANACYTCNGGRTGNCCRAARAAYCA,COI-0921-3Chk-Up-2_S60_L001_R1_001.fastq,COI-0921-3Chk-Up-2_S60_L001_R2_001.fastq
61,NGN0804,COI-0921-4Pad-Dn-2,COI,B,157,UDP0157,CTAGATTGCG,UDP0157,AGATATGGCG,GGWACWRGWTGRACWNTNTAYCCYCC,TANACYTCNGGRTGNCCRAARAAYCA,COI-0921-4Pad-Dn-2_S61_L001_R1_001.fastq,COI-0921-4Pad-Dn-2_S61_L001_R2_001.fastq
62,NGN0805,COI-0921-4Pad-Up11-1,COI,B,158,UDP0158,CGATGCGGTT,UDP0158,CCTGCTTGGT,GGWACWRGWTGRACWNTNTAYCCYCC,TANACYTCNGGRTGNCCRAARAAYCA,COI-0921-4Pad-Up11-1_S62_L001_R1_001.fastq,COI-0921-4Pad-Up11-1_S62_L001_R2_001.fastq
63,NGN0806,COI-0921-4Pad-Up11-2,COI,B,159,UDP0159,TCCGGACTAG,UDP0159,GACGAACAAT,GGWACWRGWTGRACWNTNTAYCCYCC,TANACYTCNGGRTGNCCRAARAAYCA,COI-0921-4Pad-Up11-2_S63_L001_R1_001.fastq,COI-0921-4Pad-Up11-2_S63_L001_R2_001.fastq
64,NGN0807,COI-0921-4Pad-Up11-3,COI,B,160,UDP0160,GTGACGGAGC,UDP0160,TGGCGGTCCA,GGWACWRGWTGRACWNTNTAYCCYCC,TANACYTCNGGRTGNCCRAARAAYCA,COI-0921-4Pad-Up11-3_S64_L001_R1_001.fastq,COI-0921-4Pad-Up11-3_S64_L001_R2_001.fastq
65,NGN0808,COI-0921-4Pad-Up5-2,COI,B,161,UDP0161,AATTCCATCT,UDP0161,CTTCAGTTAC,GGWACWRGWTGRACWNTNTAYCCYCC,TANACYTCNGGRTGNCCRAARAAYCA,COI-0921-4Pad-Up5-2_S65_L001_R1_001.fastq,COI-0921-4Pad-Up5-2_S65_L001_R2_001.fastq
66,NGN0809,COI-0921-4Pad-Up5-3,COI,B,162,UDP0162,TTAACGGTGT,UDP0162,TCCTGACCGT,GGWACWRGWTGRACWNTNTAYCCYCC,TANACYTCNGGRTGNCCRAARAAYCA,COI-0921-4Pad-Up5-3_S66_L001_R1_001.fastq,COI-0921-4Pad-Up5-3_S66_L001_R2_001.fastq
67,NGN0810,COI-0921-5Sqm-Dn-1,COI,B,163,UDP0163,ACTTGTTATC,UDP0163,CGCGCCTAGA,GGWACWRGWTGRACWNTNTAYCCYCC,TANACYTCNGGRTGNCCRAARAAYCA,COI-0921-5Sqm-Dn-1_S67_L001_R1_001.fastq,COI-0921-5Sqm-Dn-1_S67_L001_R2_001.fastq
68,NGN0811,COI-0921-5Sqm-Dn-3,COI,B,164,UDP0164,CGTGTACCAG,UDP0164,AGGATAAGTT,GGWACWRGWTGRACWNTNTAYCCYCC,TANACYTCNGGRTGNCCRAARAAYCA,COI-0921-5Sqm-Dn-3_S68_L001_R1_001.fastq,COI-0921-5Sqm-Dn-3_S68_L001_R2_001.fastq
69,NGN0812,COI-1021-1Prt-Up-2,COI,B,165,UDP0165,TTAACCTTCG,UDP0165,AGGCCAGACA,GGWACWRGWTGRACWNTNTAYCCYCC,TANACYTCNGGRTGNCCRAARAAYCA,COI-1021-1Prt-Up-2_S69_L001_R1_001.fastq,COI-1021-1Prt-Up-2_S69_L001_R2_001.fastq
70,NGN0813,COI-1021-1Prt-Up-3,COI,B,166,UDP0166,CATATGCGAT,UDP0166,CCTTGAACGG,GGWACWRGWTGRACWNTNTAYCCYCC,TANACYTCNGGRTGNCCRAARAAYCA,COI-1021-1Prt-Up-3_S70_L001_R1_001.fastq,COI-1021-1Prt-Up-3_S70_L001_R2_001.fastq
71,NGN0814,COI-1021-2Brn-Dn-3,COI,B,167,UDP0167,AGCCTATGAT,UDP0167,CACCACCTAC,GGWACWRGWTGRACWNTNTAYCCYCC,TANACYTCNGGRTGNCCRAARAAYCA,COI-1021-2Brn-Dn-3_S71_L001_R1_001.fastq,COI-1021-2Brn-Dn-3_S71_L001_R2_001.fastq
72,NGN0815,COI-1021-3Chk-Up-2,COI,B,168,UDP0168,TATGACAATC,UDP0168,TTGCTTGTAT,GGWACWRGWTGRACWNTNTAYCCYCC,TANACYTCNGGRTGNCCRAARAAYCA,COI-1021-3Chk-Up-2_S72_L001_R1_001.fastq,COI-1021-3Chk-Up-2_S72_L001_R2_001.fastq
73,NGN0816,COI-1021-3Chk-Up-3,COI,B,169,UDP0169,ATGTTGTTGG,UDP0169,CAATCTATGA,GGWACWRGWTGRACWNTNTAYCCYCC,TANACYTCNGGRTGNCCRAARAAYCA,COI-1021-3Chk-Up-3_S73_L001_R1_001.fastq,COI-1021-3Chk-Up-3_S73_L001_R2_001.fastq
74,NGN0817,COI-1021-4Pad-Up11-1,COI,B,170,UDP0170,GCACCACCAA,UDP0170,TGGTACTGAT,GGWACWRGWTGRACWNTNTAYCCYCC,TANACYTCNGGRTGNCCRAARAAYCA,COI-1021-4Pad-Up11-1_S74_L001_R1_001.fastq,COI-1021-4Pad-Up11-1_S74_L001_R2_001.fastq
75,NGN0818,COI-1021-4Pad-Up5-1,COI,B,171,UDP0171,AGGCGTTCGC,UDP0171,TTCATCCAAC,GGWACWRGWTGRACWNTNTAYCCYCC,TANACYTCNGGRTGNCCRAARAAYCA,COI-1021-4Pad-Up5-1_S75_L001_R1_001.fastq,COI-1021-4Pad-Up5-1_S75_L001_R2_001.fastq
76,NGN0819,COI-1021-4Pad-Up5-3,COI,B,172,UDP0172,CCTCCGGTTG,UDP0172,CATAACACCA,GGWACWRGWTGRACWNTNTAYCCYCC,TANACYTCNGGRTGNCCRAARAAYCA,COI-1021-4Pad-Up5-3_S76_L001_R1_001.fastq,COI-1021-4Pad-Up5-3_S76_L001_R2_001.fastq
77,NGN0820,COI-1021-5Sqm-Dn-2,COI,B,173,UDP0173,GTCCACCGCT,UDP0173,TCCTATTAGC,GGWACWRGWTGRACWNTNTAYCCYCC,TANACYTCNGGRTGNCCRAARAAYCA,COI-1021-5Sqm-Dn-2_S77_L001_R1_001.fastq,COI-1021-5Sqm-Dn-2_S77_L001_R2_001.fastq
78,NGN0821,COI-1021-5Sqm-Dn-3,COI,B,174,UDP0174,ATTGTTCGTC,UDP0174,TCTCTAGATT,GGWACWRGWTGRACWNTNTAYCCYCC,TANACYTCNGGRTGNCCRAARAAYCA,COI-1021-5Sqm-Dn-3_S78_L001_R1_001.fastq,COI-1021-5Sqm-Dn-3_S78_L001_R2_001.fastq
79,NGN0822,COI-1021-5Sqm-Up-1,COI,B,175,UDP0175,GGACCAGTGG,UDP0175,CGCGAGCCTA,GGWACWRGWTGRACWNTNTAYCCYCC,TANACYTCNGGRTGNCCRAARAAYCA,COI-1021-5Sqm-Up-1_S79_L001_R1_001.fastq,COI-1021-5Sqm-Up-1_S79_L001_R2_001.fastq
80,NGN0823,COI-1021-5Sqm-Up-3,COI,B,176,UDP0176,CCTTCTAACA,UDP0176,GATAAGCTCT,GGWACWRGWTGRACWNTNTAYCCYCC,TANACYTCNGGRTGNCCRAARAAYCA,COI-1021-5Sqm-Up-3_S80_L001_R1_001.fastq,COI-1021-5Sqm-Up-3_S80_L001_R2_001.fastq
81,NGN0824,COI-1121-1Prt-Dn-1,COI,B,177,UDP0177,CTCGAATATA,UDP0177,GAGATGTCGA,GGWACWRGWTGRACWNTNTAYCCYCC,TANACYTCNGGRTGNCCRAARAAYCA,COI-1121-1Prt-Dn-1_S81_L001_R1_001.fastq,COI-1121-1Prt-Dn-1_S81_L001_R2_001.fastq
82,NGN0825,COI-1121-1Prt-Up-3,COI,B,178,UDP0178,GATCGTCGCG,UDP0178,CTGGATATGT,GGWACWRGWTGRACWNTNTAYCCYCC,TANACYTCNGGRTGNCCRAARAAYCA,COI-1121-1Prt-Up-3_S82_L001_R1_001.fastq,COI-1121-1Prt-Up-3_S82_L001_R2_001.fastq
83,NGN0826,COI-1121-2Brn-Dn-3,COI,B,179,UDP0179,TATCCGAGGC,UDP0179,GGCCAATAAG,GGWACWRGWTGRACWNTNTAYCCYCC,TANACYTCNGGRTGNCCRAARAAYCA,COI-1121-2Brn-Dn-3_S83_L001_R1_001.fastq,COI-1121-2Brn-Dn-3_S83_L001_R2_001.fastq
84,NGN0827,COI-1121-2Brn-Up-1,COI,B,180,UDP0180,CGCTGTCTCA,UDP0180,ATTACTCACC,GGWACWRGWTGRACWNTNTAYCCYCC,TANACYTCNGGRTGNCCRAARAAYCA,COI-1121-2Brn-Up-1_S84_L001_R1_001.fastq,COI-1121-2Brn-Up-1_S84_L001_R2_001.fastq
85,NGN0828,COI-1121-3Chk-Dn-1,COI,B,181,UDP0181,AATGCGAACA,UDP0181,AATTGGCGGA,GGWACWRGWTGRACWNTNTAYCCYCC,TANACYTCNGGRTGNCCRAARAAYCA,COI-1121-3Chk-Dn-1_S85_L001_R1_001.fastq,COI-1121-3Chk-Dn-1_S85_L001_R2_001.fastq
86,NGN0829,COI-1121-3Chk-Dn-3,COI,B,182,UDP0182,AATTCTTGGA,UDP0182,TTGTCAACTT,GGWACWRGWTGRACWNTNTAYCCYCC,TANACYTCNGGRTGNCCRAARAAYCA,COI-1121-3Chk-Dn-3_S86_L001_R1_001.fastq,COI-1121-3Chk-Dn-3_S86_L001_R2_001.fastq
87,NGN0830,COI-1121-3Chk-Up-1,COI,B,183,UDP0183,TTCCTACAGC,UDP0183,GGCGAATTCT,GGWACWRGWTGRACWNTNTAYCCYCC,TANACYTCNGGRTGNCCRAARAAYCA,COI-1121-3Chk-Up-1_S87_L001_R1_001.fastq,COI-1121-3Chk-Up-1_S87_L001_R2_001.fastq
88,NGN0831,COI-1121-3Chk-Up-2,COI,B,184,UDP0184,ATCCAGGTAT,UDP0184,CAACGTCAGC,GGWACWRGWTGRACWNTNTAYCCYCC,TANACYTCNGGRTGNCCRAARAAYCA,COI-1121-3Chk-Up-2_S88_L001_R1_001.fastq,COI-1121-3Chk-Up-2_S88_L001_R2_001.fastq
89,NGN0832,COI-1121-3Chk-Up-3,COI,B,185,UDP0185,ACGGTCCAAC,UDP0185,TCTTACATCA,GGWACWRGWTGRACWNTNTAYCCYCC,TANACYTCNGGRTGNCCRAARAAYCA,COI-1121-3Chk-Up-3_S89_L001_R1_001.fastq,COI-1121-3Chk-Up-3_S89_L001_R2_001.fastq
90,NGN0833,COI-1121-4Pad-Dn-2,COI,B,186,UDP0186,GTAACTTGGT,UDP0186,CGCCATACCT,GGWACWRGWTGRACWNTNTAYCCYCC,TANACYTCNGGRTGNCCRAARAAYCA,COI-1121-4Pad-Dn-2_S90_L001_R1_001.fastq,COI-1121-4Pad-Dn-2_S90_L001_R2_001.fastq
91,NGN0834,COI-1121-4Pad-Up11-1,COI,B,187,UDP0187,AGCGCCACAC,UDP0187,CTAATGTCTT,GGWACWRGWTGRACWNTNTAYCCYCC,TANACYTCNGGRTGNCCRAARAAYCA,COI-1121-4Pad-Up11-1_S91_L001_R1_001.fastq,COI-1121-4Pad-Up11-1_S91_L001_R2_001.fastq
92,NGN0835,COI-1121-4Pad-Up11-2,COI,B,188,UDP0188,TGCTACTGCC,UDP0188,CAACCGGAGG,GGWACWRGWTGRACWNTNTAYCCYCC,TANACYTCNGGRTGNCCRAARAAYCA,COI-1121-4Pad-Up11-2_S92_L001_R1_001.fastq,COI-1121-4Pad-Up11-2_S92_L001_R2_001.fastq
93,NGN0836,COI-1121-4Pad-Up11-3,COI,B,189,UDP0189,CAACACCGCA,UDP0189,GGCAGTAGCA,GGWACWRGWTGRACWNTNTAYCCYCC,TANACYTCNGGRTGNCCRAARAAYCA,COI-1121-4Pad-Up11-3_S93_L001_R1_001.fastq,COI-1121-4Pad-Up11-3_S93_L001_R2_001.fastq
94,NGN0837,COI-1121-5Sqm-Dn-2,COI,B,190,UDP0190,CACCTTAATC,UDP0190,TTAGGATAGA,GGWACWRGWTGRACWNTNTAYCCYCC,TANACYTCNGGRTGNCCRAARAAYCA,COI-1121-5Sqm-Dn-2_S94_L001_R1_001.fastq,COI-1121-5Sqm-Dn-2_S94_L001_R2_001.fastq
95,NGN0838,COI-1121-5Sqm-Dn-3,COI,B,191,UDP0191,TTGAATGTTG,UDP0191,CGCAATCTAG,GGWACWRGWTGRACWNTNTAYCCYCC,TANACYTCNGGRTGNCCRAARAAYCA,COI-1121-5Sqm-Dn-3_S95_L001_R1_001.fastq,COI-1121-5Sqm-Dn-3_S95_L001_R2_001.fastq
96,NGN0839,COI-1121-5Sqm-Up-2,COI,B,192,UDP0192,CCGGTAACAC,UDP0192,GAGTTGTACT,GGWACWRGWTGRACWNTNTAYCCYCC,TANACYTCNGGRTGNCCRAARAAYCA,COI-1121-5Sqm-Up-2_S96_L001_R1_001.fastq,COI-1121-5Sqm-Up-2_S96_L001_R2_001.fastq
97,NGN0840,COI-1121-5Sqm-Up-3,COI,A,1,UDP0001,GAACTGAGCG,UDP0001,TCGTGGAGCG,GGWACWRGWTGRACWNTNTAYCCYCC,TANACYTCNGGRTGNCCRAARAAYCA,COI-1121-5Sqm-Up-3_S97_L001_R1_001.fastq,COI-1121-5Sqm-Up-3_S97_L001_R2_001.fastq
98,NGN0841,COI-0921-4Pad-Up11-1-TR2,COI,A,2,UDP0002,AGGTCAGATA,UDP0002,CTACAAGATA,GGWACWRGWTGRACWNTNTAYCCYCC,TANACYTCNGGRTGNCCRAARAAYCA,COI-0921-4Pad-Up11-1-TR2_S98_L001_R1_001.fastq,COI-0921-4Pad-Up11-1-TR2_S98_L001_R2_001.fastq
99,NGN0842,COI-0921-4Pad-Up11-1-TR3,COI,A,3,UDP0003,CGTCTCATAT,UDP0003,TATAGTAGCT,GGWACWRGWTGRACWNTNTAYCCYCC,TANACYTCNGGRTGNCCRAARAAYCA,COI-0921-4Pad-Up11-1-TR3_S99_L001_R1_001.fastq,COI-0921-4Pad-Up11-1-TR3_S99_L001_R2_001.fastq
100,NGN0843,COI-1021-3Chk-Up-2-TR2,COI,A,4,UDP0004,ATTCCATAAG,UDP0004,TGCCTGGTGG,GGWACWRGWTGRACWNTNTAYCCYCC,TANACYTCNGGRTGNCCRAARAAYCA,COI-1021-3Chk-Up-2-TR2_S100_L001_R1_001.fastq,COI-1021-3Chk-Up-2-TR2_S100_L001_R2_001.fastq
101,NGN0844,COI-1021-3Chk-Up-2-TR3,COI,A,5,UDP0005,GACGAGATTA,UDP0005,ACATTATCCT,GGWACWRGWTGRACWNTNTAYCCYCC,TANACYTCNGGRTGNCCRAARAAYCA,COI-1021-3Chk-Up-2-TR3_S101_L001_R1_001.fastq,COI-1021-3Chk-Up-2-TR3_S101_L001_R2_001.fastq
102,NGN0845,COI-Kangaroo,COI,A,6,UDP0006,AACATCGCGC,UDP0006,GTCCACTTGT,GGWACWRGWTGRACWNTNTAYCCYCC,TANACYTCNGGRTGNCCRAARAAYCA,COI-Kangaroo_S102_L001_R1_001.fastq,COI-Kangaroo_S102_L001_R2_001.fastq