Sample_name,file1,file2,PrimerF,PrimerR,Locus
NGN0496,MiMammal_0621_1Prt_Dn_3_S1_L001_R1_001.fastq,MiMammal_0621_1Prt_Dn_3_S1_L001_R2_001.fastq,GGGTTGGTAAATTTCGTGCCAGC,CATAGTGGGGTATCTAATCCCAGTTTG,MiMammal
NGN0497,MiMammal_0621_1Prt_Up_1_S2_L001_R1_001.fastq,MiMammal_0621_1Prt_Up_1_S2_L001_R2_001.fastq,GGGTTGGTAAATTTCGTGCCAGC,CATAGTGGGGTATCTAATCCCAGTTTG,MiMammal
NGN0498,MiMammal_0621_1Prt_Up_3_S3_L001_R1_001.fastq,MiMammal_0621_1Prt_Up_3_S3_L001_R2_001.fastq,GGGTTGGTAAATTTCGTGCCAGC,CATAGTGGGGTATCTAATCCCAGTTTG,MiMammal
NGN0499,MiMammal_0621_2Brn_Up_2_S4_L001_R1_001.fastq,MiMammal_0621_2Brn_Up_2_S4_L001_R2_001.fastq,GGGTTGGTAAATTTCGTGCCAGC,CATAGTGGGGTATCTAATCCCAGTTTG,MiMammal
NGN0500,MiMammal_0621_2Brn_Up_3_S5_L001_R1_001.fastq,MiMammal_0621_2Brn_Up_3_S5_L001_R2_001.fastq,GGGTTGGTAAATTTCGTGCCAGC,CATAGTGGGGTATCTAATCCCAGTTTG,MiMammal
NGN0501,MiMammal_0621_3Chk_Dn_1_S6_L001_R1_001.fastq,MiMammal_0621_3Chk_Dn_1_S6_L001_R2_001.fastq,GGGTTGGTAAATTTCGTGCCAGC,CATAGTGGGGTATCTAATCCCAGTTTG,MiMammal
NGN0502,MiMammal_0621_3Chk_Up_2_S7_L001_R1_001.fastq,MiMammal_0621_3Chk_Up_2_S7_L001_R2_001.fastq,GGGTTGGTAAATTTCGTGCCAGC,CATAGTGGGGTATCTAATCCCAGTTTG,MiMammal
NGN0503,MiMammal_0621_3Chk_Up_3_S8_L001_R1_001.fastq,MiMammal_0621_3Chk_Up_3_S8_L001_R2_001.fastq,GGGTTGGTAAATTTCGTGCCAGC,CATAGTGGGGTATCTAATCCCAGTTTG,MiMammal
NGN0504,MiMammal_0621_4Pad_Up5_2_S9_L001_R1_001.fastq,MiMammal_0621_4Pad_Up5_2_S9_L001_R2_001.fastq,GGGTTGGTAAATTTCGTGCCAGC,CATAGTGGGGTATCTAATCCCAGTTTG,MiMammal
NGN0505,MiMammal_0621_4Pad_Up5_3_S10_L001_R1_001.fastq,MiMammal_0621_4Pad_Up5_3_S10_L001_R2_001.fastq,GGGTTGGTAAATTTCGTGCCAGC,CATAGTGGGGTATCTAATCCCAGTTTG,MiMammal
NGN0506,MiMammal_0621_5Sqm_Dn_1_S11_L001_R1_001.fastq,MiMammal_0621_5Sqm_Dn_1_S11_L001_R2_001.fastq,GGGTTGGTAAATTTCGTGCCAGC,CATAGTGGGGTATCTAATCCCAGTTTG,MiMammal
NGN0507,MiMammal_0621_5Sqm_Dn_3_S12_L001_R1_001.fastq,MiMammal_0621_5Sqm_Dn_3_S12_L001_R2_001.fastq,GGGTTGGTAAATTTCGTGCCAGC,CATAGTGGGGTATCTAATCCCAGTTTG,MiMammal
NGN0508,MiMammal_0621_1Prt_Up_3_TR2_S13_L001_R1_001.fastq,MiMammal_0621_1Prt_Up_3_TR2_S13_L001_R2_001.fastq,GGGTTGGTAAATTTCGTGCCAGC,CATAGTGGGGTATCTAATCCCAGTTTG,MiMammal
NGN0509,MiMammal_0621_1Prt_Up_3_TR3_S14_L001_R1_001.fastq,MiMammal_0621_1Prt_Up_3_TR3_S14_L001_R2_001.fastq,GGGTTGGTAAATTTCGTGCCAGC,CATAGTGGGGTATCTAATCCCAGTTTG,MiMammal
NGN0510,MiMammal_0721_1Prt_Dn_2_S15_L001_R1_001.fastq,MiMammal_0721_1Prt_Dn_2_S15_L001_R2_001.fastq,GGGTTGGTAAATTTCGTGCCAGC,CATAGTGGGGTATCTAATCCCAGTTTG,MiMammal
NGN0511,MiMammal_0721_1Prt_Dn_3_S16_L001_R1_001.fastq,MiMammal_0721_1Prt_Dn_3_S16_L001_R2_001.fastq,GGGTTGGTAAATTTCGTGCCAGC,CATAGTGGGGTATCTAATCCCAGTTTG,MiMammal
NGN0512,MiMammal_0721_2Brn_Dn_2_S17_L001_R1_001.fastq,MiMammal_0721_2Brn_Dn_2_S17_L001_R2_001.fastq,GGGTTGGTAAATTTCGTGCCAGC,CATAGTGGGGTATCTAATCCCAGTTTG,MiMammal
NGN0513,MiMammal_0721_2Brn_Up_1_S18_L001_R1_001.fastq,MiMammal_0721_2Brn_Up_1_S18_L001_R2_001.fastq,GGGTTGGTAAATTTCGTGCCAGC,CATAGTGGGGTATCTAATCCCAGTTTG,MiMammal
NGN0514,MiMammal_0721_2Brn_Up_3_S19_L001_R1_001.fastq,MiMammal_0721_2Brn_Up_3_S19_L001_R2_001.fastq,GGGTTGGTAAATTTCGTGCCAGC,CATAGTGGGGTATCTAATCCCAGTTTG,MiMammal
NGN0515,MiMammal_0721_3Chk_Up_2_S20_L001_R1_001.fastq,MiMammal_0721_3Chk_Up_2_S20_L001_R2_001.fastq,GGGTTGGTAAATTTCGTGCCAGC,CATAGTGGGGTATCTAATCCCAGTTTG,MiMammal
NGN0516,MiMammal_0721_3Chk_Up_3_S21_L001_R1_001.fastq,MiMammal_0721_3Chk_Up_3_S21_L001_R2_001.fastq,GGGTTGGTAAATTTCGTGCCAGC,CATAGTGGGGTATCTAATCCCAGTTTG,MiMammal
NGN0517,MiMammal_0721_4Pad_Dn_3_S22_L001_R1_001.fastq,MiMammal_0721_4Pad_Dn_3_S22_L001_R2_001.fastq,GGGTTGGTAAATTTCGTGCCAGC,CATAGTGGGGTATCTAATCCCAGTTTG,MiMammal
NGN0518,MiMammal_0721_4Pad_Up11_1_S23_L001_R1_001.fastq,MiMammal_0721_4Pad_Up11_1_S23_L001_R2_001.fastq,GGGTTGGTAAATTTCGTGCCAGC,CATAGTGGGGTATCTAATCCCAGTTTG,MiMammal
NGN0519,MiMammal_0721_4Pad_Up5_2_S24_L001_R1_001.fastq,MiMammal_0721_4Pad_Up5_2_S24_L001_R2_001.fastq,GGGTTGGTAAATTTCGTGCCAGC,CATAGTGGGGTATCTAATCCCAGTTTG,MiMammal
NGN0520,MiMammal_0721_5Sqm_Dn_3_S25_L001_R1_001.fastq,MiMammal_0721_5Sqm_Dn_3_S25_L001_R2_001.fastq,GGGTTGGTAAATTTCGTGCCAGC,CATAGTGGGGTATCTAATCCCAGTTTG,MiMammal
NGN0521,MiMammal_0721_5Sqm_Up_2_S26_L001_R1_001.fastq,MiMammal_0721_5Sqm_Up_2_S26_L001_R2_001.fastq,GGGTTGGTAAATTTCGTGCCAGC,CATAGTGGGGTATCTAATCCCAGTTTG,MiMammal
NGN0522,MiMammal_0521_2Brn_Dn_3_S27_L001_R1_001.fastq,MiMammal_0521_2Brn_Dn_3_S27_L001_R2_001.fastq,GGGTTGGTAAATTTCGTGCCAGC,CATAGTGGGGTATCTAATCCCAGTTTG,MiMammal
NGN0523,MiMammal_0521_3Chk_Dn_1_S28_L001_R1_001.fastq,MiMammal_0521_3Chk_Dn_1_S28_L001_R2_001.fastq,GGGTTGGTAAATTTCGTGCCAGC,CATAGTGGGGTATCTAATCCCAGTTTG,MiMammal
NGN0524,MiMammal_0521_3Chk_Up_2_S29_L001_R1_001.fastq,MiMammal_0521_3Chk_Up_2_S29_L001_R2_001.fastq,GGGTTGGTAAATTTCGTGCCAGC,CATAGTGGGGTATCTAATCCCAGTTTG,MiMammal
NGN0525,MiMammal_0521_4Pad_Up11_2_S30_L001_R1_001.fastq,MiMammal_0521_4Pad_Up11_2_S30_L001_R2_001.fastq,GGGTTGGTAAATTTCGTGCCAGC,CATAGTGGGGTATCTAATCCCAGTTTG,MiMammal
NGN0526,MiMammal_0521_4Pad_Up11_3_S31_L001_R1_001.fastq,MiMammal_0521_4Pad_Up11_3_S31_L001_R2_001.fastq,GGGTTGGTAAATTTCGTGCCAGC,CATAGTGGGGTATCTAATCCCAGTTTG,MiMammal
NGN0527,MiMammal_Kangaroo_Run_6_S32_L001_R1_001.fastq,MiMammal_Kangaroo_Run_6_S32_L001_R2_001.fastq,GGGTTGGTAAATTTCGTGCCAGC,CATAGTGGGGTATCTAATCCCAGTTTG,MiMammal
NGN0528,MiFish_0621_1Prt_Dn_1_S33_L001_R1_001.fastq,MiFish_0621_1Prt_Dn_1_S33_L001_R2_001.fastq,GCCGGTAAAACTCGTGCCAGC,CATAGTGGGGTATCTAATCCCAGTTTG,MiFish
NGN0529,MiFish_0621_2Brn_Dn_1_S34_L001_R1_001.fastq,MiFish_0621_2Brn_Dn_1_S34_L001_R2_001.fastq,GCCGGTAAAACTCGTGCCAGC,CATAGTGGGGTATCTAATCCCAGTTTG,MiFish
NGN0530,MiFish_0621_2Brn_Dn_2_S35_L001_R1_001.fastq,MiFish_0621_2Brn_Dn_2_S35_L001_R2_001.fastq,GCCGGTAAAACTCGTGCCAGC,CATAGTGGGGTATCTAATCCCAGTTTG,MiFish
NGN0531,MiFish_0621_2Brn_Up_1_S36_L001_R1_001.fastq,MiFish_0621_2Brn_Up_1_S36_L001_R2_001.fastq,GCCGGTAAAACTCGTGCCAGC,CATAGTGGGGTATCTAATCCCAGTTTG,MiFish
NGN0532,MiFish_0621_2Brn_Up_3_S37_L001_R1_001.fastq,MiFish_0621_2Brn_Up_3_S37_L001_R2_001.fastq,GCCGGTAAAACTCGTGCCAGC,CATAGTGGGGTATCTAATCCCAGTTTG,MiFish
NGN0533,MiFish_0621_3Chk_Dn_1_S38_L001_R1_001.fastq,MiFish_0621_3Chk_Dn_1_S38_L001_R2_001.fastq,GCCGGTAAAACTCGTGCCAGC,CATAGTGGGGTATCTAATCCCAGTTTG,MiFish
NGN0534,MiFish_0621_3Chk_Dn_2_S39_L001_R1_001.fastq,MiFish_0621_3Chk_Dn_2_S39_L001_R2_001.fastq,GCCGGTAAAACTCGTGCCAGC,CATAGTGGGGTATCTAATCCCAGTTTG,MiFish
NGN0535,MiFish_0621_3Chk_Up_3_S40_L001_R1_001.fastq,MiFish_0621_3Chk_Up_3_S40_L001_R2_001.fastq,GCCGGTAAAACTCGTGCCAGC,CATAGTGGGGTATCTAATCCCAGTTTG,MiFish
NGN0536,MiFish_0621_4Pad_Dn_1_S41_L001_R1_001.fastq,MiFish_0621_4Pad_Dn_1_S41_L001_R2_001.fastq,GCCGGTAAAACTCGTGCCAGC,CATAGTGGGGTATCTAATCCCAGTTTG,MiFish
NGN0537,MiFish_0621_4Pad_Dn_2_S42_L001_R1_001.fastq,MiFish_0621_4Pad_Dn_2_S42_L001_R2_001.fastq,GCCGGTAAAACTCGTGCCAGC,CATAGTGGGGTATCTAATCCCAGTTTG,MiFish
NGN0538,MiFish_0621_4Pad_Dn_3_S43_L001_R1_001.fastq,MiFish_0621_4Pad_Dn_3_S43_L001_R2_001.fastq,GCCGGTAAAACTCGTGCCAGC,CATAGTGGGGTATCTAATCCCAGTTTG,MiFish
NGN0539,MiFish_0621_4Pad_Up5_1_S44_L001_R1_001.fastq,MiFish_0621_4Pad_Up5_1_S44_L001_R2_001.fastq,GCCGGTAAAACTCGTGCCAGC,CATAGTGGGGTATCTAATCCCAGTTTG,MiFish
NGN0540,MiFish_0621_4Pad_Up5_2_S45_L001_R1_001.fastq,MiFish_0621_4Pad_Up5_2_S45_L001_R2_001.fastq,GCCGGTAAAACTCGTGCCAGC,CATAGTGGGGTATCTAATCCCAGTTTG,MiFish
NGN0541,MiFish_0621_4Pad_Up5_3_S46_L001_R1_001.fastq,MiFish_0621_4Pad_Up5_3_S46_L001_R2_001.fastq,GCCGGTAAAACTCGTGCCAGC,CATAGTGGGGTATCTAATCCCAGTTTG,MiFish
NGN0542,MiFish_0621_5Sqm_Dn_2_S47_L001_R1_001.fastq,MiFish_0621_5Sqm_Dn_2_S47_L001_R2_001.fastq,GCCGGTAAAACTCGTGCCAGC,CATAGTGGGGTATCTAATCCCAGTTTG,MiFish
NGN0543,MiFish_0621_5Sqm_Up_1_S48_L001_R1_001.fastq,MiFish_0621_5Sqm_Up_1_S48_L001_R2_001.fastq,GCCGGTAAAACTCGTGCCAGC,CATAGTGGGGTATCTAATCCCAGTTTG,MiFish
NGN0544,MiFish_0721_1Prt_Up_2_S49_L001_R1_001.fastq,MiFish_0721_1Prt_Up_2_S49_L001_R2_001.fastq,GCCGGTAAAACTCGTGCCAGC,CATAGTGGGGTATCTAATCCCAGTTTG,MiFish
NGN0545,MiFish_0721_2Brn_Dn_2_S50_L001_R1_001.fastq,MiFish_0721_2Brn_Dn_2_S50_L001_R2_001.fastq,GCCGGTAAAACTCGTGCCAGC,CATAGTGGGGTATCTAATCCCAGTTTG,MiFish
NGN0546,MiFish_0721_3Chk_Up_1_S51_L001_R1_001.fastq,MiFish_0721_3Chk_Up_1_S51_L001_R2_001.fastq,GCCGGTAAAACTCGTGCCAGC,CATAGTGGGGTATCTAATCCCAGTTTG,MiFish
NGN0547,MiFish_0721_3Chk_Up_2_S52_L001_R1_001.fastq,MiFish_0721_3Chk_Up_2_S52_L001_R2_001.fastq,GCCGGTAAAACTCGTGCCAGC,CATAGTGGGGTATCTAATCCCAGTTTG,MiFish
NGN0548,MiFish_0721_4Pad_Up11_3_S53_L001_R1_001.fastq,MiFish_0721_4Pad_Up11_3_S53_L001_R2_001.fastq,GCCGGTAAAACTCGTGCCAGC,CATAGTGGGGTATCTAATCCCAGTTTG,MiFish
NGN0549,MiFish_0721_5Sqm_Dn_3_S54_L001_R1_001.fastq,MiFish_0721_5Sqm_Dn_3_S54_L001_R2_001.fastq,GCCGGTAAAACTCGTGCCAGC,CATAGTGGGGTATCTAATCCCAGTTTG,MiFish
NGN0550,MiFish_0721_5Sqm_Up_2_S55_L001_R1_001.fastq,MiFish_0721_5Sqm_Up_2_S55_L001_R2_001.fastq,GCCGGTAAAACTCGTGCCAGC,CATAGTGGGGTATCTAATCCCAGTTTG,MiFish
NGN0551,MiFish_0521_1Prt_Dn_2_S56_L001_R1_001.fastq,MiFish_0521_1Prt_Dn_2_S56_L001_R2_001.fastq,GCCGGTAAAACTCGTGCCAGC,CATAGTGGGGTATCTAATCCCAGTTTG,MiFish
NGN0552,MiFish_0521_1Prt_Dn_3_S57_L001_R1_001.fastq,MiFish_0521_1Prt_Dn_3_S57_L001_R2_001.fastq,GCCGGTAAAACTCGTGCCAGC,CATAGTGGGGTATCTAATCCCAGTTTG,MiFish
NGN0553,MiFish_0521_1Prt_Up_3_S58_L001_R1_001.fastq,MiFish_0521_1Prt_Up_3_S58_L001_R2_001.fastq,GCCGGTAAAACTCGTGCCAGC,CATAGTGGGGTATCTAATCCCAGTTTG,MiFish
NGN0554,MiFish_0521_2Brn_Dn_2_S59_L001_R1_001.fastq,MiFish_0521_2Brn_Dn_2_S59_L001_R2_001.fastq,GCCGGTAAAACTCGTGCCAGC,CATAGTGGGGTATCTAATCCCAGTTTG,MiFish
NGN0555,MiFish_0521_3Chk_Up_2_S60_L001_R1_001.fastq,MiFish_0521_3Chk_Up_2_S60_L001_R2_001.fastq,GCCGGTAAAACTCGTGCCAGC,CATAGTGGGGTATCTAATCCCAGTTTG,MiFish
NGN0556,MiFish_0521_4Pad_Up11_3_S61_L001_R1_001.fastq,MiFish_0521_4Pad_Up11_3_S61_L001_R2_001.fastq,GCCGGTAAAACTCGTGCCAGC,CATAGTGGGGTATCTAATCCCAGTTTG,MiFish
NGN0557,MiFish_0521_5Sqm_Dn_3_S62_L001_R1_001.fastq,MiFish_0521_5Sqm_Dn_3_S62_L001_R2_001.fastq,GCCGGTAAAACTCGTGCCAGC,CATAGTGGGGTATCTAATCCCAGTTTG,MiFish
NGN0558,MiFish_Kangaroo_Run_6_S63_L001_R1_001.fastq,MiFish_Kangaroo_Run_6_S63_L001_R2_001.fastq,GCCGGTAAAACTCGTGCCAGC,CATAGTGGGGTATCTAATCCCAGTTTG,MiFish
NGN0559,COI_0621_1Prt_Dn_3_S64_L001_R1_001.fastq,COI_0621_1Prt_Dn_3_S64_L001_R2_001.fastq,GGWACWRGWTGRACWNTNTAYCCYCC,TANACYTCNGGRTGNCCRAARAAYCA,COI
NGN0560,COI_0621_2Brn_Dn_1_S65_L001_R1_001.fastq,COI_0621_2Brn_Dn_1_S65_L001_R2_001.fastq,GGWACWRGWTGRACWNTNTAYCCYCC,TANACYTCNGGRTGNCCRAARAAYCA,COI
NGN0561,COI_0621_2Brn_Dn_3_S66_L001_R1_001.fastq,COI_0621_2Brn_Dn_3_S66_L001_R2_001.fastq,GGWACWRGWTGRACWNTNTAYCCYCC,TANACYTCNGGRTGNCCRAARAAYCA,COI
NGN0562,COI_0621_2Brn_Up_1_S67_L001_R1_001.fastq,COI_0621_2Brn_Up_1_S67_L001_R2_001.fastq,GGWACWRGWTGRACWNTNTAYCCYCC,TANACYTCNGGRTGNCCRAARAAYCA,COI
NGN0563,COI_0621_3Chk_Up_1_S68_L001_R1_001.fastq,COI_0621_3Chk_Up_1_S68_L001_R2_001.fastq,GGWACWRGWTGRACWNTNTAYCCYCC,TANACYTCNGGRTGNCCRAARAAYCA,COI
NGN0564,COI_0621_3Chk_Up_2_S69_L001_R1_001.fastq,COI_0621_3Chk_Up_2_S69_L001_R2_001.fastq,GGWACWRGWTGRACWNTNTAYCCYCC,TANACYTCNGGRTGNCCRAARAAYCA,COI
NGN0565,COI_0621_3Chk_Up_3_S70_L001_R1_001.fastq,COI_0621_3Chk_Up_3_S70_L001_R2_001.fastq,GGWACWRGWTGRACWNTNTAYCCYCC,TANACYTCNGGRTGNCCRAARAAYCA,COI
NGN0566,COI_0621_4Pad_Up11_1_S71_L001_R1_001.fastq,COI_0621_4Pad_Up11_1_S71_L001_R2_001.fastq,GGWACWRGWTGRACWNTNTAYCCYCC,TANACYTCNGGRTGNCCRAARAAYCA,COI
NGN0567,COI_0621_4Pad_Up11_3_S72_L001_R1_001.fastq,COI_0621_4Pad_Up11_3_S72_L001_R2_001.fastq,GGWACWRGWTGRACWNTNTAYCCYCC,TANACYTCNGGRTGNCCRAARAAYCA,COI
NGN0568,COI_0621_4Pad_Up5_1_S73_L001_R1_001.fastq,COI_0621_4Pad_Up5_1_S73_L001_R2_001.fastq,GGWACWRGWTGRACWNTNTAYCCYCC,TANACYTCNGGRTGNCCRAARAAYCA,COI
NGN0569,COI_0621_4Pad_Up5_2_S74_L001_R1_001.fastq,COI_0621_4Pad_Up5_2_S74_L001_R2_001.fastq,GGWACWRGWTGRACWNTNTAYCCYCC,TANACYTCNGGRTGNCCRAARAAYCA,COI
NGN0570,COI_0621_4Pad_Up5_3_S75_L001_R1_001.fastq,COI_0621_4Pad_Up5_3_S75_L001_R2_001.fastq,GGWACWRGWTGRACWNTNTAYCCYCC,TANACYTCNGGRTGNCCRAARAAYCA,COI
NGN0571,COI_0621_5Sqm_Dn_3_S76_L001_R1_001.fastq,COI_0621_5Sqm_Dn_3_S76_L001_R2_001.fastq,GGWACWRGWTGRACWNTNTAYCCYCC,TANACYTCNGGRTGNCCRAARAAYCA,COI
NGN0572,COI_0721_1Prt_Dn_1_S77_L001_R1_001.fastq,COI_0721_1Prt_Dn_1_S77_L001_R2_001.fastq,GGWACWRGWTGRACWNTNTAYCCYCC,TANACYTCNGGRTGNCCRAARAAYCA,COI
NGN0573,COI_0721_1Prt_Dn_2_S78_L001_R1_001.fastq,COI_0721_1Prt_Dn_2_S78_L001_R2_001.fastq,GGWACWRGWTGRACWNTNTAYCCYCC,TANACYTCNGGRTGNCCRAARAAYCA,COI
NGN0574,COI_0721_1Prt_Up_1_S79_L001_R1_001.fastq,COI_0721_1Prt_Up_1_S79_L001_R2_001.fastq,GGWACWRGWTGRACWNTNTAYCCYCC,TANACYTCNGGRTGNCCRAARAAYCA,COI
NGN0575,COI_0721_1Prt_Up_2_S80_L001_R1_001.fastq,COI_0721_1Prt_Up_2_S80_L001_R2_001.fastq,GGWACWRGWTGRACWNTNTAYCCYCC,TANACYTCNGGRTGNCCRAARAAYCA,COI
NGN0576,COI_0721_2Brn_Dn_2_S81_L001_R1_001.fastq,COI_0721_2Brn_Dn_2_S81_L001_R2_001.fastq,GGWACWRGWTGRACWNTNTAYCCYCC,TANACYTCNGGRTGNCCRAARAAYCA,COI
NGN0577,COI_0721_2Brn_Up_3_S82_L001_R1_001.fastq,COI_0721_2Brn_Up_3_S82_L001_R2_001.fastq,GGWACWRGWTGRACWNTNTAYCCYCC,TANACYTCNGGRTGNCCRAARAAYCA,COI
NGN0578,COI_0721_3Chk_Dn_2_S83_L001_R1_001.fastq,COI_0721_3Chk_Dn_2_S83_L001_R2_001.fastq,GGWACWRGWTGRACWNTNTAYCCYCC,TANACYTCNGGRTGNCCRAARAAYCA,COI
NGN0579,COI_0721_3Chk_Dn_3_S84_L001_R1_001.fastq,COI_0721_3Chk_Dn_3_S84_L001_R2_001.fastq,GGWACWRGWTGRACWNTNTAYCCYCC,TANACYTCNGGRTGNCCRAARAAYCA,COI
NGN0580,COI_0721_3Chk_Up_1_S85_L001_R1_001.fastq,COI_0721_3Chk_Up_1_S85_L001_R2_001.fastq,GGWACWRGWTGRACWNTNTAYCCYCC,TANACYTCNGGRTGNCCRAARAAYCA,COI
NGN0581,COI_0721_3Chk_Up_3_S86_L001_R1_001.fastq,COI_0721_3Chk_Up_3_S86_L001_R2_001.fastq,GGWACWRGWTGRACWNTNTAYCCYCC,TANACYTCNGGRTGNCCRAARAAYCA,COI
NGN0582,COI_0721_4Pad_Dn_1_S87_L001_R1_001.fastq,COI_0721_4Pad_Dn_1_S87_L001_R2_001.fastq,GGWACWRGWTGRACWNTNTAYCCYCC,TANACYTCNGGRTGNCCRAARAAYCA,COI
NGN0583,COI_0721_4Pad_Dn_3_S88_L001_R1_001.fastq,COI_0721_4Pad_Dn_3_S88_L001_R2_001.fastq,GGWACWRGWTGRACWNTNTAYCCYCC,TANACYTCNGGRTGNCCRAARAAYCA,COI
NGN0584,COI_0721_4Pad_Up11_3_S89_L001_R1_001.fastq,COI_0721_4Pad_Up11_3_S89_L001_R2_001.fastq,GGWACWRGWTGRACWNTNTAYCCYCC,TANACYTCNGGRTGNCCRAARAAYCA,COI
NGN0585,COI_0721_4Pad_Up5_3_S90_L001_R1_001.fastq,COI_0721_4Pad_Up5_3_S90_L001_R2_001.fastq,GGWACWRGWTGRACWNTNTAYCCYCC,TANACYTCNGGRTGNCCRAARAAYCA,COI
NGN0586,COI_0721_5Sqm_Dn_1_S91_L001_R1_001.fastq,COI_0721_5Sqm_Dn_1_S91_L001_R2_001.fastq,GGWACWRGWTGRACWNTNTAYCCYCC,TANACYTCNGGRTGNCCRAARAAYCA,COI
NGN0587,COI_0721_5Sqm_Up_2_S92_L001_R1_001.fastq,COI_0721_5Sqm_Up_2_S92_L001_R2_001.fastq,GGWACWRGWTGRACWNTNTAYCCYCC,TANACYTCNGGRTGNCCRAARAAYCA,COI
NGN0588,COI_0521_1Prt_Dn_1_S93_L001_R1_001.fastq,COI_0521_1Prt_Dn_1_S93_L001_R2_001.fastq,GGWACWRGWTGRACWNTNTAYCCYCC,TANACYTCNGGRTGNCCRAARAAYCA,COI
NGN0589,COI_0521_1Prt_Up_1_S94_L001_R1_001.fastq,COI_0521_1Prt_Up_1_S94_L001_R2_001.fastq,GGWACWRGWTGRACWNTNTAYCCYCC,TANACYTCNGGRTGNCCRAARAAYCA,COI
NGN0590,COI_0521_1Prt_Up_3_S95_L001_R1_001.fastq,COI_0521_1Prt_Up_3_S95_L001_R2_001.fastq,GGWACWRGWTGRACWNTNTAYCCYCC,TANACYTCNGGRTGNCCRAARAAYCA,COI
NGN0591,COI_0521_2Brn_Dn_3_S96_L001_R1_001.fastq,COI_0521_2Brn_Dn_3_S96_L001_R2_001.fastq,GGWACWRGWTGRACWNTNTAYCCYCC,TANACYTCNGGRTGNCCRAARAAYCA,COI
NGN0592,COI_0521_2Brn_Up_1_S97_L001_R1_001.fastq,COI_0521_2Brn_Up_1_S97_L001_R2_001.fastq,GGWACWRGWTGRACWNTNTAYCCYCC,TANACYTCNGGRTGNCCRAARAAYCA,COI
NGN0593,COI_0521_2Brn_Up_3_S98_L001_R1_001.fastq,COI_0521_2Brn_Up_3_S98_L001_R2_001.fastq,GGWACWRGWTGRACWNTNTAYCCYCC,TANACYTCNGGRTGNCCRAARAAYCA,COI
NGN0594,COI_0521_3Chk_Up_2_S99_L001_R1_001.fastq,COI_0521_3Chk_Up_2_S99_L001_R2_001.fastq,GGWACWRGWTGRACWNTNTAYCCYCC,TANACYTCNGGRTGNCCRAARAAYCA,COI
NGN0595,COI_0521_3Chk_Up_3_S100_L001_R1_001.fastq,COI_0521_3Chk_Up_3_S100_L001_R2_001.fastq,GGWACWRGWTGRACWNTNTAYCCYCC,TANACYTCNGGRTGNCCRAARAAYCA,COI
NGN0596,COI_0521_4Pad_Dn_2_S101_L001_R1_001.fastq,COI_0521_4Pad_Dn_2_S101_L001_R2_001.fastq,GGWACWRGWTGRACWNTNTAYCCYCC,TANACYTCNGGRTGNCCRAARAAYCA,COI
NGN0597,COI_0521_4Pad_Up11_2_S102_L001_R1_001.fastq,COI_0521_4Pad_Up11_2_S102_L001_R2_001.fastq,GGWACWRGWTGRACWNTNTAYCCYCC,TANACYTCNGGRTGNCCRAARAAYCA,COI
NGN0598,COI_0521_4Pad_Up5_3_S103_L001_R1_001.fastq,COI_0521_4Pad_Up5_3_S103_L001_R2_001.fastq,GGWACWRGWTGRACWNTNTAYCCYCC,TANACYTCNGGRTGNCCRAARAAYCA,COI
NGN0599,COI_Kangaroo_Run_6_S104_L001_R1_001.fastq,COI_Kangaroo_Run_6_S104_L001_R2_001.fastq,GGWACWRGWTGRACWNTNTAYCCYCC,TANACYTCNGGRTGNCCRAARAAYCA,COI
NGN0600,Ac16S_ChkDn1_0321_S117_L001_R1_001.fastq,Ac16S_ChkDn1_0321_S117_L001_R2_001.fastq,CCTTTTGCATCATGATTTAGC,CAGGTGGCTGCTTTTAGGC,Ac16S
NGN0601,Ac16S_ChkDn2_0321_S118_L001_R1_001.fastq,Ac16S_ChkDn2_0321_S118_L001_R2_001.fastq,CCTTTTGCATCATGATTTAGC,CAGGTGGCTGCTTTTAGGC,Ac16S
NGN0602,Ac16S_ChkDn3_0321_S119_L001_R1_001.fastq,Ac16S_ChkDn3_0321_S119_L001_R2_001.fastq,CCTTTTGCATCATGATTTAGC,CAGGTGGCTGCTTTTAGGC,Ac16S
NGN0603,Ac16S_ChkUp1_0321_S120_L001_R1_001.fastq,Ac16S_ChkUp1_0321_S120_L001_R2_001.fastq,CCTTTTGCATCATGATTTAGC,CAGGTGGCTGCTTTTAGGC,Ac16S
NGN0604,Ac16S_ChkUp2_0321_S121_L001_R1_001.fastq,Ac16S_ChkUp2_0321_S121_L001_R2_001.fastq,CCTTTTGCATCATGATTTAGC,CAGGTGGCTGCTTTTAGGC,Ac16S
NGN0605,Ac16S_ChkUp3_0321_S122_L001_R1_001.fastq,Ac16S_ChkUp3_0321_S122_L001_R2_001.fastq,CCTTTTGCATCATGATTTAGC,CAGGTGGCTGCTTTTAGGC,Ac16S
NGN0606,Ac16S_PadUp11_1_0421_S111_L001_R1_001.fastq,Ac16S_PadUp11_1_0421_S111_L001_R2_001.fastq,CCTTTTGCATCATGATTTAGC,CAGGTGGCTGCTTTTAGGC,Ac16S
NGN0607,Ac16S_PadUp11_2_0421_S112_L001_R1_001.fastq,Ac16S_PadUp11_2_0421_S112_L001_R2_001.fastq,CCTTTTGCATCATGATTTAGC,CAGGTGGCTGCTTTTAGGC,Ac16S
NGN0608,Ac16S_PadUp11_3_0421_S113_L001_R1_001.fastq,Ac16S_PadUp11_3_0421_S113_L001_R2_001.fastq,CCTTTTGCATCATGATTTAGC,CAGGTGGCTGCTTTTAGGC,Ac16S
NGN0609,Ac16S_PadUp11_4_0321_S105_L001_R1_001.fastq,Ac16S_PadUp11_4_0321_S105_L001_R2_001.fastq,CCTTTTGCATCATGATTTAGC,CAGGTGGCTGCTTTTAGGC,Ac16S
NGN0610,Ac16S_PadUp11_5_0321_S106_L001_R1_001.fastq,Ac16S_PadUp11_5_0321_S106_L001_R2_001.fastq,CCTTTTGCATCATGATTTAGC,CAGGTGGCTGCTTTTAGGC,Ac16S
NGN0611,Ac16S_PadUp11_6_0321_S107_L001_R1_001.fastq,Ac16S_PadUp11_6_0321_S107_L001_R2_001.fastq,CCTTTTGCATCATGATTTAGC,CAGGTGGCTGCTTTTAGGC,Ac16S
NGN0612,Ac16S_PadUp5_1_0421_S114_L001_R1_001.fastq,Ac16S_PadUp5_1_0421_S114_L001_R2_001.fastq,CCTTTTGCATCATGATTTAGC,CAGGTGGCTGCTTTTAGGC,Ac16S
NGN0613,Ac16S_PadUp5_2_0421_S115_L001_R1_001.fastq,Ac16S_PadUp5_2_0421_S115_L001_R2_001.fastq,CCTTTTGCATCATGATTTAGC,CAGGTGGCTGCTTTTAGGC,Ac16S
NGN0614,Ac16S_PadUp5_3_0421_S116_L001_R1_001.fastq,Ac16S_PadUp5_3_0421_S116_L001_R2_001.fastq,CCTTTTGCATCATGATTTAGC,CAGGTGGCTGCTTTTAGGC,Ac16S
NGN0615,Ac16S_PadUp5_4_0321_S108_L001_R1_001.fastq,Ac16S_PadUp5_4_0321_S108_L001_R2_001.fastq,CCTTTTGCATCATGATTTAGC,CAGGTGGCTGCTTTTAGGC,Ac16S
NGN0616,Ac16S_PadUp5_5_0321_S109_L001_R1_001.fastq,Ac16S_PadUp5_5_0321_S109_L001_R2_001.fastq,CCTTTTGCATCATGATTTAGC,CAGGTGGCTGCTTTTAGGC,Ac16S
NGN0617,Ac16S_PadUp5_6_0321_S110_L001_R1_001.fastq,Ac16S_PadUp5_6_0321_S110_L001_R2_001.fastq,CCTTTTGCATCATGATTTAGC,CAGGTGGCTGCTTTTAGGC,Ac16S